newcase1
3:10(2)
4:5(1),7(1)
5:12(1),14(1)
7:4(1),7(1),11(1)
8:5(1)
9:7(1)
13:5(1)
14:6(1),10(1)
15:0(1)
18:6(1),13(1)
19:3(1),5(1),10(1),12(1),13(1)
20:11(1)
21:12(1)
22:11(1)
23:3(1),14(1)
24:4(1)
25:7(1)
26:4(1),14(1)
27:4(1)
28:3(1)
29:0(1)
30:7(1),10(1),14(1)
31:2(1),9(1)
32:9(1),10(1)
33:11(1)
36:12(1)
37:5(1)
38:5(2),8(1),11(1)
39:12(1)
40:8(2),9(1)
41:5(1),6(1),8(1)
42:5(1),11(1),12(1)
43:12(2)
44:10(1),11(1),12(1)
45:9(1)
46:0(1),7(1),12(1)
47:6(1)
48:13(1)
49:8(1)
50:6(1),9(1)
51:8(2)
52:0(1),10(1)
53:6(1)
54:4(1),8(1)
55:11(1),14(1)
56:2(1),6(1)
57:0(1),7(1),8(1),14(1)
58:11(1)
59:0(1),4(1),8(1)
60:8(1)
61:10(1),13(1)
63:3(1),8(1),10(1),11(1)
64:0(2),3(1),7(1),12(1)
65:8(1)
66:3(1),5(1)
67:4(1)
68:4(1),6(1)
69:11(1),12(1)
70:0(1),5(1),8(1),10(1),11(1)
71:12(1)
72:5(1),12(1)
73:3(1)
74:0(1),10(1),11(1)
75:14(1)
76:5(1),9(1)
77:9(1),11(1),12(1)
78:0(1)
79:5(1),9(1)
80:7(1)
82:10(1),14(1)
84:10(1),14(1)
85:5(1),8(1),10(2),12(1),13(1)
86:4(1),5(1)
87:0(1),12(1)
88:4(1),6(1)
89:4(1)
90:9(1)
91:6(1),10(1)
93:0(1),10(1)
95:3(2),8(1),12(1)
96:13(1)
97:4(1),11(1)
98:12(1)
99:5(1)
100:5(1),6(1),10(1),11(1)
102:5(1),12(1)
103:6(1)
104:6(1)
105:5(1),7(1),9(1)
106:4(1),6(1)
108:2(1),4(1),14(1)
109:10(1)
110:0(1),5(1)
116:6(1),10(1)
117:3(1),7(1),10(2)
118:6(1),8(1)
119:11(1)
122:8(1),10(1)
123:4(1),7(1)
124:8(1),9(1),11(1)
125:0(1),5(1),7(1),9(1),13(1)
126:0(1),14(1)
127:4(1),14(1)
129:4(1),6(1),7(1),10(1)
130:6(1),9(1),13(1)
131:3(1),6(2),8(1)
133:5(1),7(1)
134:3(1),4(2),14(1)
135:8(1),11(1),13(1)
136:7(1)
137:12(1)
138:4(1),8(1)
139:7(1)
140:0(1),3(1),4(1)
141:9(1)
142:13(1)
143:9(1)
144:13(1)
145:3(1)
147:9(1),13(2)
148:10(1)
150:10(1),12(1)
152:0(1),9(2)
153:4(1),9(1)
154:3(1)
155:10(1),12(1)
156:4(1),11(1)
158:0(1),5(1),9(2)
160:14(1)
161:4(1),7(1)
162:14(1)
163:4(1),11(1)
165:0(1)
166:9(1)
167:10(1),12(2)
168:4(1),13(1)
169:5(1),13(1)
170:4(1),9(1)
171:5(1),12(1)
172:8(1),11(1)
173:6(1)
174:4(1),8(1),10(1)
175:5(1),14(1)
176:0(1),3(1),6(1)
177:8(1),9(1)
178:0(1),5(1),14(1)
179:3(1),12(1)
180:3(1),5(1),8(2)
181:5(1)
184:3(1),12(2)
186:9(1),11(1),12(1)
187:13(1)
189:6(1),10(1)
191:1(1),9(1),13(1)
192:3(1),13(1)
193:3(1)
194:7(1)
195:2(1),13(1)
196:6(1)
197:4(1)
198:0(2),9(1)
199:9(1),14(1)
200:2(1),8(1),9(1),12(1)
201:4(1)
202:0(1),10(1)
203:5(1),12(1),13(1)
204:14(1)
205:10(1),12(1)
206:3(1)
207:6(1),8(1),14(1)
208:6(1)
209:0(1),5(1),12(1),14(2)
210:0(1),14(1)
211:5(1)
212:4(1)
213:1(1),14(1)
214:3(1),4(1),13(1)
215:9(1),14(1)
216:13(2)
217:6(1),7(1)
219:3(1),4(1)
220:3(1),4(1)
221:9(1),11(1)
222:0(1),14(1)
224:6(1),13(1)
225:5(1)
226:0(1)
227:13(1)
228:3(1),13(1)
229:5(1),11(1)
230:6(1),8(1),13(1)
232:5(1),8(1),12(1)
233:3(1)
234:12(2)
235:4(1)
236:0(1)
237:4(1),14(1)
238:3(1),4(1),11(1)
239:1(1),7(2),12(1),14(2)
241:0(1),11(1)
242:12(1)
243:13(1)
244:6(1),7(2)
245:3(1),9(1)
246:9(1)
249:4(1),14(1)
250:11(1)
251:9(1)
252:0(2),3(1),9(1)
254:0(1)
255:8(1),11(1),14(1)
256:10(1)
259:6(1),10(1)
260:11(1)
261:4(1),8(1)
264:4(1)
265:5(2),6(1)
266:12(1)
267:6(1)
268:4(1),6(1),13(1)
269:9(1),13(1)
271:4(1)
272:3(1)
274:10(1),11(1),13(1),14(1)
275:5(1),9(1),12(2),14(1)
277:7(1)
278:9(1)
279:3(1),4(1),10(1),12(1)
280:4(1),6(1),7(1),10(2),12(1)
281:10(2)
282:5(1),13(1)
283:5(1)
284:4(1),5(1),6(1),9(1)
285:4(1),5(1)
286:12(1)
287:12(1)
288:11(1),14(1)
289:5(1),9(1),13(1)
290:1(1),12(1)
291:8(2)
292:4(1),10(1)
293:6(1),7(1),13(1)
294:7(1),12(1)
296:3(1)
297:9(1)
299:7(1),8(1)
300:3(1),5(1),13(1)
301:14(1)
302:6(2),9(1)
303:10(1)
304:9(1)
305:0(1),12(1)
306:9(1)
307:5(1),6(1),10(1)
308:1(1),8(1),10(1)
309:5(1),6(2)
312:3(1),9(1),12(1)
313:14(1)
314:9(1)
315:6(1),7(1),10(1),13(1)
316:7(1),14(1)
317:3(1),9(1),13(1)
319:14(1)
320:4(1),13(1)
321:10(1),14(1)
322:0(1),2(1),3(1),4(1),9(1),10(1)
323:9(2)
324:14(1)
325:8(1)
326:5(1),14(1)
328:0(1),3(1)
329:5(1),8(1)
331:4(1),5(1),13(1)
333:6(1),8(1),13(1)
334:4(1),7(1),9(1),14(1)
336:8(1)
338:12(1)
339:5(2),14(1)
341:0(1),4(1),12(1)
342:0(1),3(1)
343:0(1),4(1)
345:3(1),13(1)
347:1(1),10(1)
348:0(1),9(1)
349:7(2),11(1)
350:13(1)
351:11(1)
352:8(1),10(2)
353:9(1)
355:3(1)
356:7(1)
357:8(1),10(1)
358:11(1)
359:3(1)
360:9(1)
361:4(1),5(2),14(1)
362:0(1),7(2),12(1),14(1)
363:3(1),9(1)
365:5(1),8(1),9(1),13(1)
366:4(1),13(1)
367:9(1),13(1)
368:10(1)
369:3(1),14(1)
370:12(1)
372:4(1),11(1)
373:9(1),13(1)
374:1(1),4(1),6(1),7(1)
375:12(1)
377:5(1)
378:3(1),10(1)
381:9(1)
382:0(1),9(1),13(1)
384:6(1)
385:12(1)
386:3(1),7(1)
387:0(1)
388:3(1),6(1),14(1)
389:7(1),14(1)
390:8(1),9(1)
392:14(1)
393:12(1)
394:0(1),4(1),8(1),10(1)
395:0(1),6(1)
396:3(1),4(1),10(1)
397:0(1),6(1),9(1)
398:3(1),6(1),9(1),11(1)
399:8(1)
401:0(1),3(1)
402:5(1)
404:3(1),9(1),10(1)
405:3(1),14(1)
406:8(1),10(1),13(1)
408:13(1)
409:0(1),3(1)
410:13(1)
411:9(1)
412:11(2),13(1),14(1)
413:5(1),8(1),12(1)
414:0(1),14(1)
415:6(1),7(1),10(1)
416:0(1),6(1),9(1)
417:14(1)
419:8(1)
420:5(1),13(1)
424:2(1),5(2),9(1)
425:0(1)
426:0(1),3(1),12(1)
427:4(1),10(1),12(1)
428:8(1)
429:7(1)
430:5(1),12(1)
431:0(1),6(1)
433:10(1)
434:8(1),12(1),13(1),14(1)
435:3(2)
437:6(1),8(1),10(1)
438:4(1),5(1),10(1),11(1)
439:6(1)
440:4(1),9(1)
441:3(1)
442:3(1),5(1),6(1)
444:3(1),5(1),7(1)
445:3(1),6(2),8(1)
446:3(1),6(1),11(1),14(1)
448:0(1)
449:4(1)
450:4(1),7(1),9(1)
451:9(1),14(1)
452:3(1),10(1),12(1)
453:4(1),6(1)
454:11(1)
455:3(1)
456:3(1),9(1)
457:7(2)
458:4(1),6(1)
461:0(1),13(1)
462:0(1)
463:5(1),10(1)
464:9(1)
465:14(2)
466:3(1),11(1),12(1)
467:0(1),6(1)
468:0(1)
469:4(1),6(1)
470:3(1),12(1)
471:7(2),8(1)
472:8(1),11(1),13(1)
474:11(1),12(1)
475:3(1),11(1),13(1)
476:0(1)
477:7(1)
478:13(1)
479:0(1),12(1)
480:12(1)
481:7(1),12(1)
482:0(1),3(1),5(1),9(1),12(1)
486:6(1),13(1)
487:8(1)
489:4(1),7(2)
491:10(1)
492:7(1),8(1),14(1)
493:3(1)
494:7(1),9(1),12(1)
495:13(1)
496:11(1)
497:5(1)
499:6(1)
501:3(1),8(1)
502:10(1)
504:6(1),9(1),14(1)
505:3(1),8(1),14(1)
506:3(1),5(1)
507:11(1)
508:12(1)
509:13(1)
510:7(1),9(1),11(2),13(1)
511:7(1)
514:3(1),14(1)
516:4(1),11(1)
517:0(1),3(1)
518:6(1)
519:3(1)
520:6(1),8(1),12(1)
521:3(1),8(1)
522:10(1),14(1)
523:11(1)
524:4(1)
525:0(1),3(1),7(1)
526:0(1),7(2)
527:0(1)
528:0(1)
529:6(1)
530:3(1),12(1)
531:11(1),12(1)
532:14(1)
533:13(1)
534:5(1)
535:6(1),14(1)
536:5(1)
537:11(1),13(1)
538:4(1),6(1),11(1)
540:0(1),13(1)
541:3(1),8(1)
542:5(1),6(1),7(1)
543:14(1)
544:7(1)
545:5(1),8(1)
546:4(1)
548:0(1),7(1)
549:10(1)
550:3(1),7(1)
551:11(1),13(1)
552:5(1),12(1)
553:3(1),14(1)
555:0(1),13(1)
556:5(1),8(1),10(1)
557:14(1)
558:12(2)
559:7(1)
560:11(1)
561:4(1),11(1),12(1)
562:0(1),12(1),14(1)
563:12(1)
564:0(1),10(1)
566:6(1),7(1),14(1)
567:0(1),3(1),10(1)
568:12(1)
569:10(1),14(1)
570:5(1),9(2),10(1)
572:7(2)
573:11(1)
574:8(1)
575:10(1)
576:0(1)
577:8(1)
578:3(1),11(1),14(1)
579:11(1),12(1)
580:4(1),10(1)
581:0(1),3(1),14(1)
582:4(1),11(1),12(1)
583:10(1)
584:11(1),14(1)
585:10(1)
586:7(1)
589:11(1),13(1)
590:8(1),13(1)
591:6(1),7(1),8(1),14(1)
592:11(1)
593:0(1),6(1),14(1)
594:4(1),10(1)
596:7(1)
597:3(1),14(1)
598:12(1)
599:7(1)
600:5(1),8(1),11(1),14(1)
601:4(1),13(1)
602:3(1),5(1),9(1),10(1)
603:14(1)
604:7(1)
605:0(1),5(1)
606:14(1)
607:10(1),12(2)
608:10(1)
609:8(1),13(1),14(1)
610:12(1)
612:0(2),13(1)
613:12(1)
615:0(1)
616:0(1),4(1),10(2),12(1)
617:13(1)
618:13(1)
619:2(1)
620:7(1),12(1)
621:0(1),4(1),7(1)
622:5(1),6(1),10(1),14(2)
623:9(1)
625:3(1),14(1)
626:6(1),14(1)
627:4(1),8(2)
628:4(1),6(1),12(1),14(1)
629:3(2)
630:14(1)
631:0(1),8(1),13(1)
632:4(1),5(1)
633:5(1),6(1),7(1)
634:1(1),4(1)
635:0(1),12(1)
637:8(1),11(1),12(1)
639:6(1),12(1),14(1)
640:3(1)
641:7(1)
642:4(1),5(1),9(1)
643:12(1)
644:9(1)
645:4(1),12(1),14(1)
646:4(1)
647:6(1),12(1)
648:13(1)
649:7(1)
650:10(1),12(1)
651:5(1)
652:3(1),6(1),8(1),11(1),14(1)
654:10(1)
656:10(1)
657:3(1),9(1),11(1)
659:7(2)
660:3(1),9(1),10(1)
661:3(1)
662:13(1)
664:6(1),8(1)
665:3(1)
666:0(1)
667:0(1)
668:4(1)
669:9(1)
670:4(1),13(1),14(1)
671:4(1),6(1)
672:0(2),13(1)
673:0(1),13(1)
674:12(2)
676:0(1),7(1)
677:0(1)
678:3(1)
679:6(1),9(1),11(1)
680:11(1)
682:3(1),4(1),10(1)
683:11(1),14(1)
685:3(2),6(1)
686:6(1)
688:3(1),13(1)
690:6(1),9(1),14(1)
691:4(1),11(1)
692:7(1)
693:10(1)
694:0(1),6(1),9(1),13(1)
695:8(2)
696:0(1),4(1),8(1),12(1),14(1)
697:9(1)
698:6(1),8(1),14(1)
699:3(1)
700:13(1)
701:6(1),9(1)
702:7(1),11(1),14(1)
703:14(1)
706:10(1)
707:8(2)
708:6(1),11(1)
711:0(1),11(1),12(1)
712:8(1),13(1)
713:11(1)
714:0(1),5(1),10(1),13(1)
715:6(1),12(1)
716:5(1)
717:5(1),10(1)
718:3(1),11(1)
719:3(1),7(1)
721:1(1),4(1)
722:13(1),14(1)
723:5(1),12(1)
725:0(1),11(1)
726:7(1),10(1)
727:2(1),11(1)
729:4(1),5(1)
730:0(1),13(1),14(1)
731:7(1),10(1),13(1)
732:7(1),9(1),11(1),12(1)
733:12(1)
734:7(1),11(1)
735:4(1),8(1)
736:3(1),8(1)
737:7(1),10(1),13(1)
738:7(1)
739:7(1)
740:5(1)
741:3(1)
743:0(1),5(1)
744:14(1)
745:7(1),12(1)
748:4(1),7(1),10(1)
749:4(1),9(1),10(1)
750:0(1),3(1)
751:5(1),6(1),14(1)
754:9(1)
760:0(1)
761:9(1)
762:9(1)
763:1(1)
764:13(1)
766:6(1),12(1)
768:2(1)
774:4(1),10(1)
776:4(1),13(1)
777:10(1)
782:4(1)
783:10(1)
795:8(1),9(1)
797:0(1)
808:3(1)
809:2(1)
823:9(1)
831:1(1)
852:1(1),6(1)
853:6(1)
869:0(1)
928:1(1)
930:1(1)
981:2(1)
991:2(1)
1014:2(1)
1015:1(1)
1017:1(1)
1032:1(1)
1062:1(1)
1135:2(1)
1162:2(1)
1236:2(1)
1246:2(1)
1281:2(1)
1294:2(1)
1299:1(1)
1311:1(1)
1334:2(1)
1364:1(2)
1378:1(2)
1468:2(1)
1484:2(1)
1541:1(1)
1562:2(1)
1606:1(1)
1607:1(1)
1624:1(1)
1631:2(1)
1636:1(1)
1664:1(1)
1668:1(1)
1671:2(1)
1706:2(1)
1739:1(1)
1785:2(1)
1790:1(1)
1795:1(2)
1839:1(1)
1875:1(1)
1934:2(1)
1950:1(1)
1951:2(1)
1993:2(1)
2025:2(1)
2055:1(1)
2060:1(1)
2081:2(1)
2147:2(1)
2168:1(1)
2183:2(1)
2280:1(1)
2328:1(1),2(1)
2473:2(1)
2514:1(1)
2540:1(1)
2590:1(1)
2594:1(1)
2601:1(1)
2615:1(1)
2649:2(1)
2679:1(1)
2759:2(1)
2769:2(1)
2780:2(1)
2802:2(1)
2805:1(1)
2808:1(1)
2947:2(1)
3028:2(1)
3096:2(1)
3136:1(1)
3148:1(1)
3151:2(1)
3167:1(1)
3227:1(1)
3251:2(1)
3294:1(1)
3327:2(1)
3337:2(1)
3343:1(2)
3356:2(1)
3381:2(1)
3454:1(1)
3464:1(1)
3471:1(1)
3510:2(1)
3626:2(1)
3640:1(1)
3677:2(1)
3681:2(1)
3683:1(1)
3763:1(1)
3783:2(1)
3795:2(1)
3805:1(1)
3905:2(1)
3925:1(1)
3926:1(1)
4132:2(1)
4219:2(1)
4261:2(1)
4283:2(1)
4293:2(1)
4301:1(1)
4325:1(1)
4328:2(1)
4348:1(1)
4358:2(1)
4398:2(1)
4424:2(1)
4427:1(1)
4469:1(1)
4552:1(1)
4572:2(1)
4589:2(1)
4602:1(1)
4632:1(1)
4645:2(1)
4681:1(1)
4698:1(1)
4706:2(1)
4709:2(1)
4755:2(1)
4803:1(1)
4895:1(1),2(1)
4999:1(1)
5087:2(1)
5129:1(1)
5140:2(1)
5229:1(1)
5242:2(1)
5274:2(1)
5277:1(1)
5283:1(1)
5419:2(1)
5420:1(1)
5518:2(1)
5639:2(1)
5702:1(1)
5703:1(1)
5707:1(1)
5732:1(1)
5743:2(1)
5754:2(1)
5756:1(1)
5776:1(1)
5827:2(1)
5902:2(1)
5957:2(1)
5962:2(1)
5966:2(1)
5982:2(1)
6028:1(1)
6034:2(1)
6054:2(1)
6071:2(1)
6107:2(1)
6139:1(1)
6400:1(1)
---------------------------------------------
newcase2
1:8(1)
2:7(1)
3:4(1),6(2),9(1),12(1),13(2)
4:4(2),6(1),7(1),10(1),14(1)
5:3(1),6(1),7(1),8(1),9(2),11(2),12(1)
6:9(1),14(1)
7:0(1),5(1),8(2),11(2),12(1),14(1)
8:4(1),6(1),9(2),12(2),13(1),14(1)
9:10(1),12(1)
10:0(1),4(1),5(1),8(1),11(1),12(1),14(3)
11:5(1),7(1),12(1),14(1)
12:0(1),4(2),5(1),7(1),9(2),11(1)
13:5(1),7(1),9(1),10(1),11(1),12(1),14(1)
14:3(1),5(1),6(2),7(1),9(2),11(1),14(1)
15:0(1),5(2),10(2),13(1)
16:0(2),4(1),5(1),9(1),10(1),12(1),14(1)
17:0(2),5(1),6(1),7(1),8(1),11(1),12(1),13(1),14(1)
18:0(3),6(2),8(1),10(1),11(1),12(1),14(2)
19:0(1),3(1),5(1),7(2),9(1),11(2)
20:4(1),5(1),6(1),7(1),8(1),9(2),11(1),13(3)
21:0(1),4(1),5(2),7(1),9(1),10(1),13(2)
22:3(1),9(1),10(1),11(1),13(2)
23:3(1),10(1),13(1),14(1)
24:5(1),7(2),9(1),14(1)
25:0(2),5(2),9(3),12(2),13(1),14(1)
26:0(1),7(1),11(1),14(1)
27:3(1),4(1),6(2),8(1),14(2)
28:0(1),13(1),14(3)
29:5(1),7(1),10(1),11(1),12(1),13(4)
30:3(1),7(1),8(1),10(1),12(1)
31:7(2),10(1),13(1)
32:1(1),3(1),4(1),6(1),8(1),9(1)
33:3(1),4(1),7(1),8(1)
34:6(1),9(1),12(1),14(1)
35:0(1),3(2),6(2),10(1),12(1)
36:5(1),7(2),8(1),9(1),14(1)
37:4(1),10(2),11(1)
38:0(1),4(1),11(1),12(1),14(1)
39:0(1),3(2),5(1),8(1),9(3)
40:0(1),5(1),7(1),9(2),13(1),14(1)
41:3(2),4(1),7(2),10(1),12(1),14(1)
42:5(1),6(1),9(1),11(1),14(1)
43:3(1),5(1),8(1),9(1),10(1),12(1)
44:7(1),11(3),12(2),13(1),14(1)
45:0(1),1(1),7(1),9(1),11(1),12(1),13(1),14(2)
46:5(1),7(2),10(2),13(3)
47:5(1),10(1),12(1),14(1)
48:4(1),5(1),9(1),12(3),13(2),14(1)
49:0(1),7(1),8(1),12(1),13(2)
50:0(1),3(2),6(1),7(1),9(1),10(1),13(1)
51:6(2),8(1),11(1),12(1)
52:3(2),4(1),5(1),11(1)
53:3(1),4(1),5(1),6(4),7(1),12(1),13(1)
54:1(1),3(1),5(1),6(2),8(2),9(1),14(1)
55:4(2),6(1),10(1),11(1),14(1)
56:0(1),3(2),6(1),8(1),10(2),14(3)
57:3(1),6(1),8(1),9(1),11(1),13(1)
58:5(1),7(1),8(1),9(1),10(1),11(1),12(1),13(2),14(2)
59:2(1),3(1),4(1),5(1),7(2),8(1),10(1)
60:4(1),10(1),11(2),14(1)
61:4(1),7(2),8(1),12(1),13(1),14(1)
62:3(1),6(1),8(1),10(1),12(2),13(1)
63:5(2),7(2)
64:1(1),4(2),6(1),8(2),11(1),12(1),13(2),14(1)
65:0(1),5(1),6(1),7(1),8(1),9(1),10(1),11(1),12(1),14(1)
66:0(1),6(1),7(1),8(1),9(1),10(2),12(1),13(3)
67:6(1),8(1),9(1),11(1),13(1),14(1)
68:3(1),4(2),5(1),6(1),9(2),12(1),13(2)
69:4(1),6(1),7(1),9(1),10(1),11(2)
70:0(1),1(1),3(2),4(3),6(1),7(2),8(1),12(1),14(1)
71:1(1),5(1),8(2),9(1),14(2)
72:0(1),3(4),4(1),5(1),7(2),8(1),10(1),12(1),13(2),14(1)
73:3(2),7(1),8(1),9(1),12(1)
74:0(1),7(1),9(3),13(1)
75:0(2),3(1),4(1),6(1),7(2),8(1),10(1),11(1),13(1),14(2)
76:4(1),5(2),9(2)
77:4(1),5(1),10(1),14(1)
78:6(1),7(1),8(1),10(1),11(1),12(1),13(1),14(1)
79:0(1),3(1),4(1),11(2),12(1)
80:3(1),4(3),12(1),13(2)
81:0(1),3(2),8(1),14(1)
82:0(1),10(1),11(2)
83:0(1),3(1),5(1),7(2),8(1),10(1),11(1),13(1)
84:4(3),8(1),9(1),10(1),11(1),12(1),13(1)
85:0(1),3(1),5(1),11(1),12(1)
86:0(2),5(1),6(2),9(1),10(2),11(1),13(1)
87:0(3),5(1),6(1),7(2),9(1),11(1),12(1)
88:0(2),1(1),3(2),6(3),8(1),12(2)
89:0(1),2(2),4(1),9(1),11(2),12(1),13(1)
90:4(1),6(1),10(1),13(1)
91:0(1),1(1),3(1),7(1),10(1),14(1)
92:2(1),3(1),4(1),5(1),6(1),8(1),10(1),11(1),13(1)
93:2(1),3(2),4(2),8(2),9(1),13(1),14(1)
94:3(1),7(1),8(1),13(1),14(1)
95:0(1),6(1),9(1),11(1)
96:0(1),4(2),5(2),10(1),13(2)
97:3(1),6(2),7(1),8(1),12(1),14(2)
98:0(1),4(1)
99:5(1),6(1),8(1),9(1),13(1),14(1)
100:0(1),7(1),10(1),12(3),14(1)
101:3(2),4(1),6(1),10(2),11(1),12(1)
102:0(1),1(1),3(3),6(1),8(1),12(1),13(1)
103:2(1),8(1),10(1),12(1)
104:3(1),7(3),9(1),10(1),11(1),14(1)
105:6(2),8(1),9(1),12(1),14(1)
106:10(1),11(2),13(2),14(1)
107:0(1),3(1),5(1),10(1),11(2),14(1)
108:6(2),7(2),8(1),9(2),12(2)
109:0(2),3(1),4(1),6(2),7(1),10(2),11(2),12(2),14(1)
110:0(1),3(1),7(2),8(1),9(1),10(1),12(1)
111:3(1),4(1),5(2),9(1),10(2)
112:3(2),6(2),9(1),10(1),12(2),14(1)
113:2(1),7(1),9(1),10(1)
114:2(1),5(1),8(2),9(1),11(2),12(1)
115:0(2),4(1),6(1),8(1),10(1),11(1),12(1),14(2)
116:0(1),4(1),7(1),8(2),9(1),10(1),12(1),13(2),14(1)
117:4(1),5(2),6(1),7(1),8(1),14(5)
118:0(1),3(1),6(1),7(2),8(1),9(2),12(2)
119:0(1),3(1),7(1),9(1),13(1)
120:0(1),3(1),4(1),5(2),6(2),7(1),8(1),11(1),14(1)
121:0(1),9(2),14(3)
122:0(1),3(1),4(1),6(1),7(1),9(1),10(3),11(1),14(1)
123:0(1),3(1)
124:0(1),6(1),9(1),13(1)
125:0(2),3(2),6(1),10(1)
126:5(2),7(2),9(2),12(2),14(1)
127:5(1),6(1)
128:6(2),7(1),8(2),9(1),14(2)
129:0(1),3(2),4(1),7(1),8(1),9(1),11(1)
130:7(2),11(1),13(1),14(2)
131:0(2),4(3),9(1),10(1),13(1),14(1)
132:5(1),6(1),9(3),12(1),13(1),14(3)
133:4(1),7(1),9(1),11(2)
134:6(2),8(1),13(1)
135:2(1),3(1),4(1),8(1),9(1),11(2)
136:4(1),5(1),6(1),7(2),8(1),9(1),12(2)
137:0(1),3(1),6(1),7(1),9(1),11(2),13(1)
138:6(1),13(1),14(1)
139:3(1),12(3),13(1)
140:0(1),4(2),5(1),7(3),8(1),9(1)
141:3(1),6(1),8(1),9(1),12(1),13(2)
142:1(1),5(1),6(2),10(1),11(1),12(1),14(2)
143:1(1),3(1),4(1),5(1),6(1),8(1),9(1),11(1),14(3)
144:0(1),9(1),10(1),13(1)
145:0(1),3(1),4(1),5(2),6(1),14(1)
146:0(2),1(1),7(2),13(1)
147:0(1),3(1),4(1),6(1),8(1),12(2)
148:9(1),11(1),13(1),14(2)
149:0(1),5(2),6(1),8(4),14(1)
150:0(1),3(1),9(2),10(1),12(3),14(1)
151:3(2),4(2),11(1),12(1)
152:4(2),5(2),6(1),10(1),14(1)
153:5(2),7(1),9(1),10(1),14(1)
154:0(1),3(1),4(1),6(1),7(1),8(1),9(1),12(1),14(1)
155:8(1),12(1)
156:0(2),4(3),6(1),14(1)
157:2(1),6(1),7(1),10(2)
158:0(2),3(2),4(1),5(2),9(1),11(1)
159:0(2),5(1),7(2),8(2),11(1),12(1)
160:0(1),3(1),5(1),7(1),10(3),13(1),14(1)
161:4(1),6(1),7(1),9(1),11(1)
162:6(1),7(1),11(1)
163:8(1),9(1),11(1),12(1),13(2)
164:3(1),7(1),9(2),10(3),11(1),13(1)
165:1(1),7(2),8(1),10(1),12(1)
166:0(1),3(2),8(4),9(1),10(2),13(1)
167:0(1),5(1),9(1),11(1),12(1),13(1)
168:4(2),5(1),8(1),14(3)
169:2(1),3(1),11(1)
170:1(1),3(1),6(1),7(1),9(1),14(1)
171:2(1),4(1),5(1),11(1),12(1),13(1),14(1)
172:4(2),10(3),11(1),13(1),14(3)
173:4(1),6(1),7(1),9(1),12(1)
174:0(1),6(1),7(1),9(1),10(2),11(1),12(2),13(2)
175:4(1),5(1),7(1),10(2),13(1),14(1)
176:0(1),11(2),13(1)
177:0(3),4(1),6(1),9(1),12(1),13(2)
178:0(1),4(2),5(1),8(3),13(1)
179:0(1),3(1),7(1),8(1),10(1),12(1),14(1)
180:3(1),6(2),7(1),9(1),13(2),14(2)
181:3(1),8(1),9(1),11(1),14(2)
182:0(1),1(1),4(1),5(1),6(1),9(1),10(1)
183:0(1),1(1),6(2),12(1),13(1)
184:0(1),5(1),10(2),13(3),14(1)
185:0(1),7(1),8(1),13(1)
186:3(1),5(1),6(1),13(1)
187:0(3),3(1),11(2),12(1)
188:4(1),11(1)
189:5(1),6(1),7(1),8(1),12(1),13(1),14(2)
190:3(1),4(1),6(1),7(1),10(1),11(1),12(1),14(1)
191:0(1),3(1),4(2),6(2),8(1),12(4),14(2)
192:5(2),12(1),13(1),14(2)
193:0(2),13(1),14(1)
194:2(1),3(1),5(2),14(1)
195:4(2),6(2),7(1),9(1),12(2)
196:4(1),5(1),7(1),8(2),9(1),10(3),14(2)
197:0(1),4(2),7(1),11(2),13(1),14(1)
198:0(1),6(1),7(1),9(1),10(1),11(2),13(1),14(3)
199:3(2),4(1),8(2),9(1),11(1),12(2),14(1)
200:3(1),10(1),12(1)
201:5(1),6(1),7(1),9(1),11(1),13(1)
202:0(1),9(1),10(2),11(2),12(1)
203:5(1),7(2),9(1),10(1),11(1),14(1)
204:4(1),5(1),6(2),9(1)
205:0(2),3(1),9(1),12(1),13(1),14(1)
206:0(2),5(1),7(1),9(1),11(1),13(2)
207:0(1),2(1),6(2),7(1),11(2),12(2)
208:2(1),6(1),12(1)
209:0(1),3(1),6(1),8(1),12(1),14(1)
210:7(1),8(1),9(1),12(1),13(1),14(1)
211:3(1),4(1),10(2),13(1),14(1)
212:0(1),1(1),4(3),8(1),9(1),10(1),13(1)
213:1(1),4(1),5(2),7(2),8(1),9(2),10(1),11(2),13(1)
214:3(1),4(1),5(1),6(1),7(3),9(1),13(1),14(1)
215:3(1),7(1),8(2),10(1),12(1),13(1)
216:5(1),10(1),11(1),12(1),14(1)
217:3(1),5(2),8(1),9(2),12(1),13(1),14(1)
218:0(3),10(1),11(2),12(1),14(3)
219:5(1),6(2),8(1),14(1)
220:7(1),10(2),11(1),12(1),13(2)
221:4(1),5(1),7(1),9(1),11(1),12(2),14(2)
222:0(1),4(1),5(1),7(1),10(1),13(2)
223:0(1),2(1),4(2),7(2),11(1),13(1)
224:6(2),7(1),8(2),11(1),12(1),14(1)
225:0(1),3(1),6(1),7(2),11(1),14(2)
226:0(1),3(1),4(1),6(1),8(1),9(1),10(1),14(1)
227:3(1),4(1),5(1),6(1),9(1),11(1),12(1),13(1),14(1)
228:5(1),6(2),8(1),9(1),12(3),14(1)
229:4(1),11(1),12(1),13(1)
230:0(1),4(1),13(1)
231:0(2),4(1),8(3),12(1),13(1)
232:0(1),2(1),8(1),14(1)
233:4(3),6(1),8(4),10(2)
234:0(1),6(2),8(1),11(1),12(2),13(1),14(1)
235:0(1),5(1),10(1),14(1)
236:0(2),3(2),8(1),10(1)
237:0(1),3(2),5(1),7(1),8(1),10(1),11(1)
238:4(1),5(1),6(1),9(1),10(1),13(1)
239:4(3),5(1),7(1),8(1),9(2),11(1),13(1)
240:0(2),3(1),4(1),5(1),9(1)
241:0(1),3(1),6(1),9(1),10(1),11(2),13(1)
242:3(2),7(2),11(1),13(3),14(1)
243:2(1),3(1),4(2),5(1),6(1),9(1),11(1),14(2)
244:0(1),5(1),7(1),10(1),11(1),12(1),14(2)
245:4(1),7(2),8(2),9(1),11(1),13(1)
246:2(1),5(2),6(1),7(1),8(2),9(1),10(1),11(2),12(2)
247:3(1),7(1),8(1),9(2),11(1),12(2),14(4)
248:5(2),8(1),11(2)
249:0(1),4(1),5(1),9(2),11(1),12(1)
250:5(1),8(1),10(1),11(2)
251:3(2),5(2),6(1),7(1),10(1),13(1)
252:6(1),7(1),8(2),10(1),14(1)
253:7(1),9(1),10(1),13(1)
254:4(1),9(1),10(1),11(1),13(1)
255:0(1),3(1),4(2),6(1),12(1),13(1)
256:2(1),10(1),12(2)
257:0(1),3(1),6(1),7(1),9(1),10(1),11(2),12(1),13(2),14(1)
258:3(2),4(1),5(1),6(1),7(1),9(1),13(1)
259:0(1),3(1),5(1),8(1),9(1),12(2)
260:0(1),3(3),6(1),7(1),9(1),10(1),12(1),13(1)
261:1(1),3(1),10(1),12(2)
262:0(2),4(1),7(1),12(1)
263:5(1),7(1),9(1),10(1)
264:0(1),3(2),5(1),14(1)
265:3(1),9(1),10(2),12(1)
266:4(1),5(2),7(1),13(1),14(1)
267:9(1),12(3),14(2)
268:3(1),5(1),6(2),7(2),10(1),11(1),14(1)
269:4(1),5(1),7(1),9(2)
270:0(2),3(1),14(1)
271:0(1),6(1),10(1),11(1),12(2)
272:1(1),5(1),8(2),13(1)
273:0(1),3(2),5(1),8(1),14(1)
274:0(1),3(1),5(1),8(2),12(2),14(1)
275:0(1),3(1),7(3),8(1),13(2),14(1)
276:5(1),7(1),9(2),11(1),13(1),14(1)
277:3(2),4(2),5(1),6(1),7(1),12(1)
278:3(3),4(1),6(1),8(1),9(2),11(2),12(1),13(1)
279:3(2),4(1),8(1),10(1),13(2),14(2)
280:0(2),3(1),6(1),8(3),12(2),13(3)
281:0(1),4(3),5(1),12(1),13(2)
282:0(1),2(1),3(1),11(1)
283:0(1),4(1),8(2),11(2),14(1)
284:3(1),13(2),14(1)
285:5(1),7(3),8(1),10(1),11(3)
286:0(1),2(1),4(1),6(1),7(1),8(1),9(1),10(1),14(2)
287:3(1),5(1),8(1),10(1),11(4),13(1)
288:3(4),10(1),12(1),14(1)
289:3(1),10(1),11(2)
290:0(1),5(1),7(1),8(1),13(1)
291:5(1),6(1),10(1),12(1),14(1)
292:0(1),4(1),5(1),6(2),9(2),12(2),13(2)
293:7(1),9(1),10(1),11(1),14(1)
294:0(2),5(1),11(1)
295:4(3),6(1),7(2),8(1),9(1),12(3)
296:3(1),4(1),7(1),11(2),13(1),14(2)
297:11(1),12(1),13(2)
298:5(1),7(1),10(1),14(1)
299:4(1),5(1),8(1),10(3),11(1)
300:2(1),3(2),4(1),5(1),6(1),8(2),10(1),11(1)
301:4(1),5(1),6(1),9(1),10(1),12(1),13(2)
302:3(1),7(1),10(1),13(2),14(1)
303:0(1),5(1),7(1),10(1),11(3),12(1),13(1)
304:5(1),6(1),14(1)
305:3(1),4(1),12(1),13(2),14(1)
306:2(1),5(1),6(1),12(1)
307:0(1),3(1),4(1),6(1),7(1),8(1),12(1),13(1)
308:0(1),3(1),6(1),8(2),13(2),14(1)
309:0(1),3(2),4(1),7(2),9(1),12(1)
310:0(1),1(1),2(1),7(1),11(1),13(1),14(3)
311:0(3),6(1),8(1),10(1),11(1)
312:0(1),5(1),7(1),9(1),13(2),14(1)
313:3(1),6(2),7(1),11(3),14(2)
314:0(2),3(1),5(1),8(1),11(1),13(1)
315:3(1),5(1),6(1),7(1),10(2),13(1),14(1)
316:5(3),6(1),7(1),10(2),12(1),14(2)
317:2(1),3(2),5(1),7(2),9(1),11(1),14(2)
318:3(1),4(1),7(1),8(1),10(1),11(1),12(1),14(1)
319:0(1),3(1),9(1),10(1),11(2),13(3)
320:0(1),4(1),5(1),7(1),8(1),9(2),10(1),11(1),13(2),14(2)
321:4(1),5(2),8(2),9(1),10(1)
322:4(1),5(3),10(1)
323:4(2),5(1),6(1),13(1),14(2)
324:0(1),3(1),4(1),8(1),10(1),11(1),12(3)
325:0(2),4(2),6(1),11(1),14(1)
326:2(1),3(1),4(1),6(1),10(1),14(1)
327:3(1),7(2),11(1)
328:6(2),10(1)
329:3(1),6(1),9(1),11(1),14(1)
330:5(2),6(1),8(2),9(1),13(1)
331:4(1),7(1),8(1),12(1),14(2)
332:7(1),9(1),10(2),11(1),14(2)
333:4(1),8(1),9(1),11(1)
334:3(1),6(1),10(1),12(1),14(2)
335:0(1),7(1),10(1),11(1),14(1)
336:1(1),3(2),5(1),9(2),13(1)
337:9(1),10(1),11(1),13(1)
338:6(1),7(1),8(2),9(2),10(1),12(1)
339:0(1),4(1),5(1),7(1),9(1),10(3),14(1)
340:0(2),3(2),6(1),7(2),11(1),13(1)
341:5(1),11(2),12(1),14(2)
342:0(1),3(1),4(1),5(4),6(1),8(1),9(1)
343:0(2),5(1),6(1),12(1),14(2)
344:0(2),3(1),6(1),8(1),10(1)
345:0(2),3(1),4(1),7(2),8(1),9(1),11(2),13(1)
346:6(1),9(2),11(1),12(1)
347:2(1),3(1),5(1),6(1),7(1)
348:5(1),7(1),8(2),10(1),12(1),13(3)
349:3(1),4(1),9(2),13(1),14(1)
350:4(1),5(1),7(3),11(1),12(1),13(1)
351:5(1),6(1),10(3),12(1),14(1)
352:0(1),4(1),8(1),10(1),11(1)
353:3(2),5(1),6(1),14(1)
354:0(1),3(1),7(2),9(1),10(1),11(1),12(1)
355:1(1),3(2),5(1),7(2),8(2),9(1),11(1),13(2)
356:10(2)
357:0(1),2(1),5(1),14(1)
358:3(1),4(2),5(2),7(1),8(1),9(1),11(1),13(1)
359:3(1),6(1),9(1),12(1),13(1),14(1)
360:3(1),5(2),6(1),13(1)
361:0(2),6(1),8(1),9(2),10(1),13(1)
362:0(1),4(3),5(1),8(1),9(1),10(2),14(1)
363:7(1),8(2),9(1),13(1)
364:6(2),7(1),9(1),10(1),11(1),14(2)
365:3(2),9(1),12(1),14(1)
366:0(1),7(1),8(1),10(1),12(1),13(1)
367:0(1),5(1),7(1),8(2)
368:3(1),6(1),10(1),14(1)
369:5(1),6(1),7(1),10(1),13(1),14(2)
370:0(1),4(1),6(2),7(1),8(1),9(1)
371:0(3),2(1),10(1),12(1),14(1)
372:6(1),9(1),12(2),14(1)
373:0(1),5(1),6(1),7(1),11(1),13(1)
374:1(1),3(1),4(1),6(1),7(1),9(4),11(1),13(1)
375:5(3),8(3),9(1),10(1),12(1)
376:3(1),11(1),12(1),14(1)
377:3(1),4(2),5(1),6(1)
378:0(1),4(1),8(1),9(2),10(1)
379:3(1),4(1),7(1),8(2),10(2),11(1),13(1),14(1)
380:0(1),3(1),4(1),6(1),7(1),10(1),11(3)
381:0(1),3(3),4(1),8(1),9(1),14(2)
382:0(1),2(1),7(1),8(1),10(2),14(1)
383:0(1),4(1),5(3),11(2),12(1)
384:1(1),4(2),5(1),6(1),7(4),8(2),11(1),13(1)
385:0(1),2(1),4(2),10(1),11(1),13(2)
386:0(1),4(3),10(3),13(1),14(1)
387:0(1),4(1),6(1),11(1)
388:3(2),6(2),11(1),13(2),14(1)
389:0(1),3(1),4(1),8(2),12(1),14(2)
390:3(1)
391:0(1),7(2),14(1)
392:1(1),9(1),10(1)
393:6(2),7(1),9(1),12(1)
394:3(1),4(2),6(1),7(3),10(1),14(1)
395:5(2),6(2),7(2),11(1),12(1),14(1)
396:6(1),12(2),13(1),14(1)
397:3(1),7(2),9(2),11(2),13(1)
398:4(1),6(1),13(1),14(1)
399:5(1),7(2),9(1),11(1),13(1),14(1)
400:6(1),10(1),14(1)
401:0(1),3(2),8(1),9(1),10(1)
402:5(2),7(1),9(2),11(1),12(2),13(1)
403:5(1),9(1)
404:8(1)
405:0(1),3(2),4(1),6(1),7(1),9(1)
406:0(1),3(1),7(2),10(1)
407:0(2),3(1),6(1),8(1),10(1),11(1)
408:8(1),9(1)
409:0(2),6(2),9(2),12(1),13(1)
410:0(1),3(1),4(1),5(1),8(1),11(1),13(2),14(2)
411:3(1),6(2),8(1),9(1),10(1),14(1)
412:0(1),3(1),8(1),11(1),12(1),13(2)
413:5(1),6(1),11(1),14(1)
414:3(1),5(1),6(1),8(1),11(1),12(1),13(1)
415:4(1),11(2),13(1)
416:13(1),14(1)
417:4(1),6(1),8(1),10(1),12(1),13(1)
418:5(1),9(1),14(1)
419:0(2),3(1),4(1),6(2),7(1),9(1)
420:0(1),9(1),10(2)
421:0(1),7(1),8(1),11(2),14(1)
422:5(1),6(2),9(1),12(1),13(2)
423:3(1),4(1),6(1),9(1),11(1),13(1)
424:7(1),13(1)
425:2(1),4(1),12(1),14(1)
426:3(1),4(1),6(1),8(1),10(1),13(1)
427:3(1),4(1),7(1),8(1),14(1)
428:3(2),4(1),8(1),9(1),10(1),11(1),12(1),13(1)
429:4(1),6(2),8(2),9(1),11(1),12(1)
430:7(1),13(1)
431:3(2),10(1)
432:9(1),14(1)
433:0(3),5(1),6(1),7(1),8(1),9(2),11(1),12(1),13(3),14(1)
434:3(2),5(1),12(1),14(1)
435:4(2),5(1),7(1),10(2),11(1),12(1)
436:0(1),5(1),6(1)
437:3(1),4(3),10(1),11(1),12(1),13(1),14(1)
438:0(1),8(1),9(2),11(1)
439:2(1),3(1),6(1),11(1),12(1),14(1)
440:5(1),6(2),8(1),12(1),13(1)
441:0(2),5(1),9(1)
442:7(1),11(1),12(1),14(1)
443:0(2),6(1),8(1),9(1),10(1),11(2)
444:4(1),5(2),7(1),11(1),14(1)
445:3(1),7(1),10(1),11(1)
446:3(1),5(2),6(1),9(1),10(1),11(1),13(1)
447:3(1),8(1),9(1),10(1),11(1),12(2)
448:5(3),7(1),11(1),12(2)
449:6(2),9(1),11(1),12(1),14(3)
450:3(3),5(1),6(1),8(1),11(1),12(1)
451:0(1),3(1),6(1),10(1),11(1),13(1)
452:4(2),6(1),7(1),8(1),9(2),11(1),12(1),14(1)
453:11(1),14(1)
454:12(1),13(1)
455:3(2),6(1),7(1),10(1),11(1),14(1)
456:0(1),5(1),6(1),7(2),10(1),11(2),12(1),14(1)
457:1(1),3(1),5(1),6(1),9(1),13(1)
458:5(1),8(1),14(1)
459:4(3),10(2),13(1)
460:3(1),4(1),10(1),12(1),13(1),14(1)
461:5(1),10(1),11(1)
462:0(2),3(2),4(1),7(1),8(1),9(1),12(1)
463:3(1),5(2),7(1)
464:5(1),11(1),12(1),13(1),14(1)
465:13(1)
466:0(1),5(1),6(1),8(2),11(1),12(1)
467:0(1),6(1),9(1),11(1)
468:3(1),4(1),5(1),7(1),12(1)
469:4(1),7(1),10(1),11(3),13(3)
470:0(1),7(1),8(2),10(1),11(1),13(1)
471:3(1),8(1),10(1),11(1)
472:2(1),3(1),8(1),10(1),11(1)
473:2(1),6(1),9(2),10(1),12(1)
474:0(1),3(2),8(1),11(1),14(1)
475:3(3),7(1),11(1),13(1),14(1)
476:4(1),6(1),7(1),10(3),11(1)
477:9(1),14(2)
478:0(1),4(2),7(1),8(1),13(1),14(1)
479:0(1),5(1),10(1),13(1)
480:8(1),10(1),11(1),14(2)
481:0(1),7(1),9(1)
482:1(1),4(2),6(1),9(1),11(1),12(1),14(1)
483:0(1),3(1),4(1),9(1),10(1),13(1)
484:0(1),9(1),13(1),14(1)
485:0(1),3(1),5(2)
486:3(1),4(1),8(1),9(1),13(1),14(1)
487:0(1),4(1),5(2),11(1),13(1)
488:3(1),5(1),12(1),13(2)
489:3(1),8(2),9(1)
490:0(2),5(2),7(1),8(3),10(1)
491:1(1),9(1),11(1),12(1),13(1),14(3)
492:0(1),5(1),6(1),8(3),10(1),14(1)
493:0(3),4(1),6(1),12(2)
494:5(1),6(1),12(1)
495:3(1),5(1),6(1),13(1),14(1)
496:1(1),5(1),6(1),7(2),11(1)
497:6(1),7(1),9(1),10(1),11(2),13(1),14(3)
498:3(1),4(1),10(1),11(1),14(1)
499:0(1),4(1),5(1),6(2),7(1),11(1),12(3)
500:3(2),8(1),11(1),14(1)
501:0(1),3(1),4(1),7(1),11(1),13(1),14(1)
502:0(1),4(1),5(1),7(1),12(2),13(1)
503:0(2),5(2),7(1),11(1),13(1),14(1)
504:4(1),8(1),11(1),13(1),14(1)
505:12(1),13(1)
506:7(2),9(1),11(1)
507:0(1),6(1),9(1),11(1),13(1)
508:0(1),1(1),4(1),7(2),9(2)
509:0(1),3(1),11(2),12(1)
510:0(1),12(2)
511:7(1),8(1),9(1),11(1)
512:3(1),7(1),10(1),11(1),12(1),13(2)
513:0(1),3(1),4(1),9(1)
514:12(2)
515:3(1),8(2),9(1),11(1),12(1)
516:1(1),4(1),5(1),11(1),12(1)
517:7(1),9(1),13(1),14(1)
518:3(1),4(1),5(1),6(2),9(1),11(1),12(1),13(1)
519:4(1),6(2),11(1),12(2),13(1)
520:2(1),5(1),9(3),13(1),14(1)
521:6(1),11(1),12(3)
522:4(2),6(1),8(1),12(1),13(2)
523:6(2),8(1),9(1),14(1)
524:3(1),4(1),5(1),14(1)
525:0(1),3(1),6(1),7(2),8(1),13(2),14(1)
526:3(3),7(1),10(1),11(1),13(1)
527:3(1),9(1),10(2)
528:0(1),4(1),5(1),8(1),9(1),13(1)
529:8(2),11(1),13(1),14(1)
530:3(2),4(1),6(1),7(1),8(1),13(1)
531:0(1),6(1),8(1),9(1),12(2)
532:6(1),8(2),13(3)
533:3(2),4(2),6(1),7(1),8(1),9(2),11(1),12(1)
534:5(2),9(2),11(1),12(1)
535:0(2),3(2),6(1),8(1),9(1),13(1),14(1)
536:0(2),4(2),7(1),9(1),10(2),11(1),12(2),14(1)
537:0(2),7(1),8(1)
538:2(1),3(1),5(1),7(1),10(1),11(1),13(1)
539:0(3),4(1),7(2),10(1),12(1)
540:6(1),9(1),10(1),12(1),13(1)
541:4(1),6(1),7(1),12(1),13(1)
542:3(1),7(1)
543:0(1),2(1),3(2),5(1),7(1),13(1),14(1)
544:4(2),5(1),13(1)
545:4(1),5(2),6(1),8(2),10(2),11(1),13(1)
546:0(1),5(1),7(1),11(1)
547:4(1),5(1),6(1),9(1),12(4)
548:2(1),3(1),8(1),9(1),11(1),12(2)
549:3(2),4(2),5(1),10(2),13(1),14(1)
550:0(1),5(1),6(1),7(1),8(1),9(1),10(1),11(1)
551:3(1),4(1),8(1),9(1),11(1),12(1),13(1)
552:1(1),3(1),4(1),5(1),10(1),12(2),13(1),14(1)
553:0(2),4(1),7(1),11(1),12(2),14(1)
554:0(1),4(1),6(1),7(1),12(2)
555:6(2),8(1),9(3),10(2),12(2)
556:3(1),4(1),5(2),7(1),13(1)
557:0(1),9(1),12(1),14(1)
558:3(1),6(1),10(1),14(2)
559:2(1),3(1),8(1),10(1),12(1),13(1),14(1)
560:0(1),4(1),5(2),7(2),9(1),10(1),13(1),14(2)
561:4(1),5(1),6(2),9(1),10(1),13(1),14(1)
562:0(1),4(1),6(3),8(1),9(1),12(1)
563:0(2),3(1),8(1),9(2),10(1),13(1),14(1)
564:3(1),5(1),6(2),11(1),14(1)
565:0(1),3(1),10(2),11(1)
566:3(1),5(2),6(1),8(1),9(1),13(1)
567:0(1),3(1),5(2),8(1),9(1)
568:3(1),5(1),9(1),10(1),13(1)
569:0(1),3(3),4(1),5(1),7(1),9(1),14(1)
570:11(1),14(2)
571:10(1)
572:3(1),7(1),11(1),12(1)
573:0(1),10(1),12(1),13(1)
574:0(1),7(1),8(1),9(1),10(1),11(2)
575:7(1)
576:0(2),4(1),6(2),9(1),10(1),13(1),14(1)
577:7(2),10(1),11(1),13(1),14(1)
578:4(2),5(1),9(1),13(1)
579:3(1),6(1),7(1),8(1),12(2),14(1)
580:7(1),8(1)
581:0(1),3(1)
582:3(1)
583:5(1),6(1),8(1),11(1),14(1)
584:3(2),4(1),5(2),9(1),10(1)
585:3(1),4(1),5(2),8(1),10(1),11(1),13(1)
586:3(1),7(1),11(1)
587:3(1),8(1),13(1)
588:0(1),8(1),9(1),13(1)
589:3(1),4(1),6(2),8(1)
590:11(1),14(1)
591:7(1),10(1)
592:0(1),5(1),8(1),9(1),11(1),12(1),13(1),14(1)
593:3(1),6(1),8(3),12(1),14(1)
594:3(1),4(1),5(2),6(1),8(1),9(1),11(1),12(1)
595:4(1)
596:1(1),2(1),4(1),7(1),10(2),11(1)
597:6(1),12(3),13(1),14(1)
598:7(2),11(1)
599:4(1),6(1),7(1),9(1),12(1),13(1)
600:3(2),5(3),7(2),9(1),11(2),12(1),13(1),14(1)
601:0(1),3(1),4(1),5(1),11(1),13(1),14(1)
602:3(1)
603:7(2),12(2),13(1),14(1)
604:3(1),4(1),5(1),6(1),9(1),12(1)
605:0(2),3(1),6(2),13(1)
606:3(1),5(1),6(1),13(1),14(1)
607:0(1),3(1),5(1),6(1),7(2),12(1),14(1)
608:9(1),13(1)
609:5(2),7(1),11(1),13(3),14(1)
610:4(1),7(1),9(1),14(1)
611:0(2),8(3),9(1),10(1),11(1)
612:6(1),8(2)
613:5(2),6(1),9(1),14(2)
614:3(1),4(1),7(1),9(1),12(1)
615:0(1),1(1),3(1),10(2),11(1),12(3),14(1)
616:0(1),1(1),2(1),7(1),11(1)
617:3(2),4(1),5(2),8(1),9(1),10(1),11(1),13(1),14(1)
618:4(1),7(3),10(1),12(1)
619:4(2),5(1),7(2),13(1),14(1)
620:6(2),7(1),9(1)
621:3(3),5(2),6(1),7(1),8(2),9(1),10(1),12(2),14(1)
622:0(2),8(1),10(1),11(1),12(1),14(1)
623:3(1),7(1),14(1)
624:0(1),4(1),6(1),9(1),10(1),11(1)
625:4(1),9(1),13(1),14(1)
626:6(1),8(1),10(1),11(1),12(1),14(2)
627:3(1),6(1),9(1),11(2)
628:2(1),4(1),5(1),7(1),9(1),10(1),11(1)
629:0(2),8(1),10(1),13(1),14(1)
630:5(1),8(1),14(1)
631:0(2),3(1),5(1),7(1),12(1),14(2)
632:5(1),6(1),7(1),12(2)
633:0(1),4(4),7(1),8(1),9(1),11(1)
634:0(1),1(1),2(1),3(1),5(1),6(2),12(1),14(1)
635:1(1),3(1),11(1),12(1),14(1)
636:0(1),3(1),4(1),10(1),12(1),13(1),14(1)
637:2(1),4(1),5(2),11(1),12(1),14(3)
638:8(1)
639:8(3),10(1),12(2)
640:6(2),7(1),8(1),10(1),11(1),12(2),13(1)
641:0(3),3(1),5(2),6(1),8(1),11(1),13(1),14(1)
642:0(1),3(1),10(1),14(1)
643:5(1),8(1),9(1),10(1),14(2)
644:1(1),3(1),4(1),8(2),9(1),12(1),13(1)
645:0(2),9(2),11(1),14(2)
646:3(1),7(1),8(2),11(1),12(1),13(1)
647:0(1),7(1),9(2),13(1),14(2)
648:0(1),7(1),8(1),12(1)
649:4(3),5(3),13(1)
650:5(1),6(1),7(1),10(1),12(1),13(1)
651:2(1),5(2),6(2),7(2),11(1),14(2)
652:0(1),3(2),4(1),5(1),9(1),10(1)
653:0(1),3(3),4(1),8(1),9(1),14(1)
654:0(1),5(1),12(1)
655:3(1),6(2),8(3),12(1),13(1)
656:3(1),6(1),8(1),12(2)
657:3(2),6(1),7(1),9(1),10(1),12(1)
658:0(3),3(1),8(1),10(2),14(1)
659:0(2),4(1),5(1),9(1),11(1),12(1),14(1)
660:11(1)
661:5(1),8(1),10(1),14(1)
662:5(1),8(1),9(2),12(2),13(1)
663:4(1),5(1),11(1),13(3)
664:0(1),4(1),5(1),7(1),10(1),12(1),14(1)
665:5(2),11(1),12(1)
666:4(1),5(1),9(1),11(2),12(1),13(1)
667:0(1),4(1),5(2),7(1),9(1),13(1),14(1)
668:0(1),3(1),6(1),8(2),14(1)
669:3(1),4(1),5(2),7(1),8(1),9(2),10(1),13(2)
670:1(1),3(1),10(1)
671:3(2),4(1),8(1),10(1),11(1),14(1)
672:0(2),8(1),11(1),12(1),13(1)
673:0(3),5(1),7(1),8(3),9(1),10(1),11(1),12(1)
674:3(2),5(1),6(1),7(2),8(1),9(1),13(1)
675:3(1),4(4),6(1),7(1),9(1)
676:0(1),4(1),5(1),7(1),13(1)
677:11(2),12(1),13(1)
678:8(1),11(1),13(1),14(1)
679:3(1),5(1),8(1),9(1),11(1),14(1)
680:6(1),12(1),13(2)
681:3(1),6(1)
682:3(1),4(1),7(1),9(1),12(1)
683:0(1),3(1),7(1),9(1)
684:0(1),11(1),13(2),14(1)
685:0(1),4(1),5(1),6(1),10(1),14(1)
686:2(1),3(2),6(1),8(2),9(1),10(1),12(1)
687:4(1),8(1),9(1),11(1)
688:5(1),8(2),9(1),11(2),13(1)
689:7(1),9(1)
690:0(1),3(1),4(1),6(1),8(1),12(1)
691:0(1),5(1),6(1),7(1)
692:0(1)
693:0(1),3(1),5(1),9(1),10(1),11(2),12(1)
694:3(1),8(1),9(1),10(1),11(1),13(2)
695:0(1),7(1),13(1)
696:4(1),7(1),8(1),9(1),12(1),13(1)
697:3(1),7(2),8(1),12(1),13(1),14(1)
698:8(1),12(1),13(1)
699:7(1),10(1),12(1),14(1)
700:0(1),5(1),8(1),11(1),12(1),14(1)
701:3(1),13(1),14(1)
702:3(1)
703:0(2),1(1),2(1),5(1),13(1)
704:0(1),8(1),13(1),14(1)
705:1(1),8(1),12(1),14(1)
706:3(2),6(1),9(1),12(1),14(1)
707:4(1),8(1),10(1),11(1),12(3)
708:4(1),6(2),8(1),11(1),12(1)
709:3(1),7(1),9(2)
710:0(1),11(1)
711:9(1),11(1),13(1),14(1)
712:12(1),14(1)
713:3(1),5(1),7(1),11(1)
714:0(1),4(1),5(1),7(1),12(1)
715:3(1),10(1),11(1)
716:0(4),9(1)
717:0(1),1(1),6(1),10(1),12(2)
718:2(1),3(1),5(1),7(1),8(1),9(1),10(1),13(1)
719:11(1),12(3),14(2)
720:7(1),14(1)
721:3(2),7(2),8(1),13(1)
722:3(1),5(1),13(1),14(1)
724:5(1),6(1),7(1),8(1),11(1),14(1)
725:3(1),8(1),10(1)
726:4(1)
727:3(1),6(1),7(2)
728:3(1),5(1),7(1),8(1),11(1),14(1)
729:14(1)
730:0(1),3(1),4(1),5(1)
731:3(1),7(1),13(1)
732:2(1),6(1),11(1)
733:8(1)
734:1(1),3(1),5(1),8(1),13(1),14(1)
735:0(1),5(1),7(1),11(1),12(1)
736:1(1),6(1),9(1),12(1)
737:6(1),9(1),13(1)
738:11(1)
739:0(1),4(1),11(1)
740:11(1)
741:10(1),11(1)
744:0(1),8(1)
745:11(1),14(1)
748:1(1),4(1),7(1),13(1)
749:3(1),4(1),7(1),14(1)
750:0(1)
751:6(1),7(1),11(1),12(1)
752:1(1),3(1),9(1)
753:0(1),14(1)
754:2(1),4(1),6(1),8(1)
755:0(1),3(1),4(1)
756:12(1)
757:5(1),10(1),11(1)
759:5(1)
760:6(1)
762:10(1)
763:0(1),10(1)
764:12(1)
765:10(1)
766:3(1),14(1)
767:3(1),6(1),13(1)
768:7(1)
769:3(1)
770:8(1)
771:3(1)
772:14(1)
775:3(1),6(1),13(1)
776:5(1)
778:4(2),10(1),13(1)
779:14(1)
780:7(1),14(1)
781:11(1)
782:2(1),6(1),14(1)
783:11(1)
784:0(1)
786:0(1),1(1),10(1)
789:10(1)
791:11(1)
793:0(1),5(1)
796:1(1)
797:4(1)
798:14(1)
800:12(1)
802:11(1)
803:3(1),4(1),8(1)
805:11(1),12(1)
806:14(1)
808:1(1),2(1)
810:5(1),8(1),11(1)
811:3(1)
814:1(1)
815:1(1)
816:7(1)
817:7(1)
820:6(1),7(1),11(1)
824:13(1)
825:0(1),1(1)
826:3(2)
829:9(1)
831:11(1)
832:1(1)
836:14(1)
837:1(1)
842:2(1)
848:4(1)
852:4(1),5(1)
854:9(1)
868:1(1)
884:2(1)
888:2(1)
893:2(1)
897:1(1)
906:1(1)
907:2(1)
924:2(1)
932:2(1)
945:2(1)
952:1(1)
957:2(1)
959:2(1)
961:1(1)
965:2(1)
968:1(1)
975:2(1)
987:1(1)
990:2(1)
1008:2(1)
1012:2(1)
1028:2(1)
1033:1(1)
1047:1(1)
1074:1(1)
1076:1(1)
1082:2(1)
1091:2(1)
1093:1(1)
1097:2(1)
1104:1(1)
1105:2(1)
1108:2(1)
1110:1(1)
1121:1(1),2(1)
1130:2(1)
1144:1(1)
1149:2(1)
1156:1(1)
1157:2(1)
1163:2(1)
1178:1(1)
1191:1(1)
1194:1(1)
1195:1(1)
1198:1(1)
1202:2(1)
1215:1(1)
1220:1(1)
1239:2(1)
1240:2(1)
1260:1(1)
1268:1(1)
1279:2(1)
1282:1(1)
1292:2(1)
1299:1(1)
1311:1(1)
1313:1(1)
1315:2(1)
1316:2(1)
1330:2(1)
1336:1(1)
1344:2(1)
1360:2(1)
1365:2(1)
1370:1(1)
1375:2(1)
1376:1(1)
1393:2(1)
1401:2(1)
1406:1(1)
1410:2(1)
1411:1(1)
1423:1(1)
1427:2(1)
1429:1(1)
1434:1(1)
1437:2(1)
1449:2(1)
1468:2(1)
1469:1(1)
1483:2(1)
1488:2(1)
1499:1(1)
1507:1(1)
1518:2(1)
1519:2(1)
1520:1(1),2(1)
1528:1(1)
1529:1(1)
1530:1(1)
1535:2(1)
1537:1(1)
1543:2(1)
1550:2(1)
1569:2(1)
1578:1(1)
1580:1(1)
1588:1(1)
1592:1(1),2(1)
1594:1(1)
1606:1(1)
1607:2(1)
1623:1(1)
1634:1(1)
1641:2(1)
1644:2(1)
1654:2(1)
1656:2(1)
1679:1(1)
1681:1(1)
1682:2(1)
1716:1(1)
1717:1(1)
1732:1(1)
1748:1(1)
1753:1(1)
1761:1(1)
1773:1(1)
1781:1(1)
1785:1(1)
1797:2(1)
1802:1(1)
1812:2(1)
1813:2(1)
1815:2(1)
1835:1(1)
1843:2(1)
1849:2(1)
1869:2(1)
1873:2(1)
1878:2(1)
1879:2(1)
1885:1(1)
1900:2(1)
1901:1(1)
1928:1(1)
1935:1(1)
1936:2(1)
1940:1(1)
1960:1(1)
1962:2(1)
1969:2(1)
1976:1(1)
1982:1(1)
1991:2(1)
2000:2(1)
2002:1(1)
2013:2(1)
2023:1(1)
2025:2(1)
2038:2(1)
2050:1(1)
2056:1(1)
2062:2(1)
2068:2(1)
2078:2(1)
2112:2(1)
2124:2(2)
2130:2(1)
2164:1(1)
2177:1(1)
2193:2(1)
2194:2(1)
2195:1(1)
2200:2(1)
2201:1(1)
2248:1(1)
2256:1(1)
2258:1(1)
2277:2(1)
2279:1(1)
2297:2(1)
2307:2(1)
2319:1(1)
2325:1(1)
2337:2(1)
2352:1(1)
2358:1(1)
2374:2(1)
2394:2(1)
2420:2(1)
2421:2(1)
2424:1(1)
2441:2(1)
2469:2(1)
2475:1(1)
2487:2(1)
2499:2(1)
2500:2(1)
2506:2(1)
2514:1(1)
2516:2(1)
2525:2(1)
2562:2(1)
2578:2(1)
2592:1(1)
2622:1(1)
2640:1(1)
2644:1(1)
2645:1(1)
2650:1(1)
2658:2(1)
2664:2(1)
2665:1(1)
2673:2(1)
2676:1(1)
2677:1(1)
2684:2(1)
2701:1(1)
2723:2(1)
2727:1(1)
2741:2(1)
2752:2(1)
2756:1(1)
2763:1(1)
2772:1(1)
2777:1(1)
2784:1(2)
2794:2(1)
2834:1(1),2(1)
2841:2(1)
2844:2(1)
2862:1(1)
2868:2(1)
2869:1(1)
2872:1(1)
2874:1(1)
2875:2(1)
2880:1(1)
2885:2(2)
2888:1(1),2(1)
2891:2(1)
2892:2(1)
2902:2(1)
2909:2(1)
2914:2(1)
2922:2(1)
2952:1(1)
2957:2(1)
2958:2(1)
2961:1(1)
2974:2(1)
2980:2(1)
2983:1(1)
2984:2(1)
2986:1(1)
2988:2(1)
2995:2(1)
2997:1(1)
3014:1(1)
3023:2(1)
3027:1(1)
3046:1(1)
3053:2(1)
3058:2(1)
3060:2(1)
3078:1(1)
3080:1(1)
3089:2(1)
3109:2(1)
3113:2(1)
3134:2(1)
3135:2(1)
3136:1(1)
3142:2(1)
3158:2(2)
3199:1(1)
3227:2(1)
3233:1(1)
3240:1(1)
3252:1(1)
3255:2(1)
3260:2(1)
3264:1(1)
3266:2(1)
3278:2(1)
3282:1(1)
3283:1(1)
3306:2(1)
3308:2(1)
3330:1(1)
3334:2(1)
3338:2(1)
3339:1(1)
3374:2(1)
3376:2(1)
3393:2(1)
3395:2(1)
3399:2(1)
3402:1(1)
3429:1(1)
3431:1(1)
3440:2(1)
3444:2(1)
3449:2(1)
3500:1(2)
3510:2(1)
3513:1(1)
3519:1(1)
3526:1(1)
3538:1(1)
3542:1(1)
3543:1(1)
3544:1(3)
3557:2(1)
3572:1(1)
3591:1(1)
3600:1(1)
3613:1(1),2(1)
3620:1(1)
3631:1(1)
3643:2(1)
3662:1(1),2(1)
3668:2(1)
3680:1(1)
3681:2(1)
3699:2(1)
3708:2(1)
3716:2(1)
3717:2(1)
3722:1(1)
3739:1(1)
3746:1(1)
3757:2(1)
3769:2(1)
3770:1(1)
3808:1(1)
3815:1(1)
3816:1(2),2(1)
3818:2(1)
3833:1(1)
3835:1(1)
3857:2(2)
3861:1(1)
3864:1(1)
3869:2(1)
3872:2(1)
3879:1(1)
3888:1(1)
3905:2(1)
3924:2(1)
3963:2(1)
3976:1(1)
3993:2(1)
4008:2(1)
4009:1(1)
4014:2(1)
4016:1(1)
4023:2(1)
4026:2(1)
4052:2(1)
4053:2(1)
4057:1(1)
4079:2(1)
4081:2(1)
4082:1(1),2(1)
4092:1(1)
4093:2(2)
4106:2(1)
4149:1(1)
4156:2(1)
4175:1(1)
4178:2(1)
4209:2(1)
4218:2(1)
4229:1(1)
4236:2(1)
4238:1(1)
4252:2(1)
4263:2(1)
4264:1(1)
4270:2(1)
4281:1(1)
4285:2(1)
4294:2(1)
4307:2(1)
4311:2(1)
4318:2(1)
4319:1(1)
4329:1(1)
4340:1(1)
4341:1(1)
4354:1(1)
4358:2(1)
4359:1(1)
4363:1(1)
4364:2(2)
4367:2(1)
4378:1(1)
4409:2(1)
4417:2(1)
4431:1(1)
4434:1(1)
4436:2(1)
4451:2(1)
4454:1(1)
4456:2(1)
4467:2(1)
4485:2(1)
4505:2(1)
4512:1(1)
4513:2(1)
4527:2(1)
4529:1(1)
4540:1(1)
4548:1(1)
4561:2(1)
4574:2(1)
4576:1(1)
4578:1(1)
4584:2(1)
4593:2(1)
4602:1(1)
4607:1(1)
4609:2(1)
4622:2(1)
4634:2(1)
4671:2(1)
4673:2(1)
4677:1(1)
4696:2(1)
4698:1(1)
4702:1(1)
4710:1(1)
4721:2(1)
4725:1(1)
4728:2(1)
4738:2(1)
4741:2(1)
4742:2(1)
4743:1(1)
4748:2(1)
4760:1(1)
4764:1(1)
4772:1(1)
4774:1(1)
4778:2(1)
4783:1(1)
4795:2(1)
4798:1(1)
4800:1(1)
4809:2(1)
4819:1(1)
4824:1(1)
4836:1(1)
4850:1(1)
4853:2(1)
4854:2(1)
4870:1(1)
4872:1(1)
4874:2(1)
4881:1(1)
4883:2(1)
4906:2(1)
4912:2(1)
4935:2(1)
4941:1(1)
4944:1(1),2(1)
4951:1(1)
4954:1(1)
4961:2(1)
4992:1(1)
5004:1(1)
5009:1(1)
5020:1(1)
5024:1(1)
5025:2(1)
5032:2(2)
5037:2(1)
5045:1(1)
5060:2(1)
5068:2(1)
5074:2(1)
5075:2(1)
5088:2(1)
5092:2(1)
5110:1(1)
5112:2(1)
5127:2(1)
5129:1(1),2(1)
5152:2(1)
5159:1(1)
5174:1(1)
5179:2(1)
5191:2(1)
5192:1(1)
5194:1(1)
5215:1(1)
5221:1(1)
5222:2(1)
5224:2(1)
5250:1(1)
5255:2(1)
5287:1(1)
5316:1(2)
5323:1(1)
5324:2(1)
5328:2(1)
5336:1(1)
5340:2(1)
5345:2(1)
5359:2(1)
5370:1(1)
5380:1(1)
5394:1(1)
5429:1(1)
5433:2(1)
5441:1(1)
5444:1(1)
5453:1(1)
5459:2(1)
5461:2(1)
5474:1(1)
5486:2(1)
5504:2(1)
5507:2(1)
5527:1(1)
5528:1(1)
5536:2(1)
5555:2(2)
5559:2(1)
5567:2(1)
5568:2(1)
5569:1(2)
5574:1(1)
5576:1(1)
5578:1(1)
5582:1(1)
5588:2(1)
5592:1(1)
5594:2(1)
5597:1(1)
5620:2(1)
5670:1(1)
5690:1(1)
5691:1(1)
5699:2(1)
5701:1(1)
5706:1(1)
5712:2(1)
5726:1(1)
5735:2(1)
5744:2(1)
5747:2(1)
5755:2(1)
5779:1(1)
5795:2(1)
5798:1(1)
5802:2(1)
5811:2(1)
5828:2(1)
5959:1(1)
6002:1(1)
6004:2(1)
6028:2(1)
6034:1(1)
6099:1(1)
6151:1(1)
6163:2(1)
6237:1(1)
6269:1(1)
6274:2(1)
6318:1(1)
6453:1(1)
6507:2(1)
6575:1(1)
6657:1(1)
6673:2(1)
6758:1(1)
---------------------------------------------
newcase3
2:7(3),8(2)
3:0(2),4(2),7(5),8(4),9(6),11(2),12(1),13(3),14(5)
4:0(3),3(3),4(3),5(1),6(2),7(4),8(2),9(5),10(1),11(1),12(1),13(2),14(4)
5:0(1),3(2),4(2),5(5),6(2),7(3),8(4),10(4),11(2),12(2),13(5),14(2)
6:0(1),3(4),5(2),6(3),7(5),8(3),9(3),10(1),11(3),12(4),13(4),14(4)
7:4(1),5(3),6(1),7(5),10(4),11(3),13(3),14(3)
8:0(5),3(6),4(2),5(2),6(6),7(2),8(2),9(4),10(6),11(3),12(1),13(2),14(2)
9:0(7),3(3),4(2),5(2),6(4),7(1),8(3),9(1),10(1),11(2),12(4),13(4),14(6)
10:0(1),3(3),4(1),5(2),6(3),7(1),8(2),9(5),10(1),11(2),12(5),13(3),14(6)
11:0(4),3(1),4(2),5(2),6(5),7(4),8(2),9(3),10(3),12(1),13(6),14(1)
12:3(5),4(3),5(4),6(1),7(5),8(4),9(3),10(2),11(4),12(3),13(2),14(3)
13:0(9),3(1),4(3),5(1),6(2),8(2),9(1),11(3),12(5),13(1),14(3)
14:0(2),3(5),4(1),5(6),6(3),8(5),9(3),10(1),11(2),12(4),13(4)
15:0(1),3(5),4(4),5(1),6(2),8(1),9(2),10(2),11(1),12(4),13(1),14(3)
16:0(3),3(4),4(2),5(1),6(1),7(3),8(2),10(2),11(4),12(1),13(4),14(2)
17:3(1),4(1),5(1),6(3),7(3),8(2),9(2),10(5),11(1),12(3),13(3),14(2)
18:0(4),3(2),5(2),6(1),7(4),8(7),9(6),10(1),11(1),12(5),13(3),14(1)
19:0(1),3(1),4(3),5(5),6(3),7(4),8(3),9(3),10(3),12(4),13(4),14(3)
20:0(2),3(1),4(1),5(3),6(1),8(2),9(3),10(4),11(1),12(3),13(3),14(2)
21:3(6),5(8),6(1),7(6),8(3),9(2),10(1),11(1),12(4),13(6),14(3)
22:0(4),3(2),4(2),5(2),6(3),7(3),8(4),9(3),10(1),11(1),12(1),13(5),14(5)
23:0(2),3(1),4(4),5(3),7(3),8(2),9(4),11(4),12(2),13(3),14(1)
24:0(4),1(2),3(5),4(3),5(1),6(2),7(2),9(2),10(1),11(3),12(4),13(2),14(6)
25:0(1),1(1),4(3),5(4),6(3),7(2),9(1),10(2),12(4),13(1),14(2)
26:0(3),1(1),3(1),4(2),5(1),6(5),7(3),8(1),9(5),10(1),11(3),12(2),13(1),14(1)
27:0(6),2(1),3(4),4(1),5(3),6(1),7(2),8(4),9(4),10(1),11(1),12(3),13(6),14(2)
28:0(1),1(1),3(1),4(2),5(6),6(3),7(5),8(2),10(1),11(2),12(3),13(2),14(7)
29:0(6),1(2),2(1),3(3),4(3),5(1),7(2),8(2),9(3),10(3),11(4),12(1),13(3),14(1)
30:0(3),1(1),3(2),4(2),5(2),6(2),7(3),8(1),9(2),10(3),11(4),12(3),14(1)
31:0(2),4(1),5(4),6(2),7(4),8(1),9(3),10(5),11(3),12(4),13(4),14(5)
32:0(1),1(1),4(4),5(4),6(2),7(2),8(3),9(4),10(2),11(2),12(2),13(6),14(4)
33:0(1),3(2),4(5),6(2),7(4),8(3),9(3),10(3),11(4),12(5),13(7),14(4)
34:0(1),3(4),4(2),5(3),6(2),7(1),8(3),9(3),10(5),11(6),12(1),13(5),14(5)
35:0(5),1(1),3(4),4(1),5(2),6(1),7(2),8(1),9(5),10(2),11(2),12(3),13(5),14(5)
36:0(1),3(5),4(4),5(2),7(3),8(4),9(5),10(2),12(3),13(2),14(3)
37:0(3),3(1),4(8),5(8),6(2),7(3),8(3),9(4),10(1),11(1),12(2),13(3),14(2)
38:0(2),3(5),4(8),5(5),6(3),7(7),8(5),9(2),10(5),11(1),12(5),13(5),14(6)
39:0(2),3(2),4(2),5(2),6(3),7(3),8(3),9(5),10(5),11(1),12(5),13(2),14(4)
40:0(2),3(1),4(3),5(3),6(1),7(1),8(2),9(1),10(8),11(3),12(2),13(2),14(1)
41:0(2),1(1),2(1),3(5),4(2),5(1),6(2),7(4),8(1),9(5),10(2),11(1),12(4),13(5),14(1)
42:0(5),1(1),3(1),4(5),5(3),6(2),7(2),9(2),10(9),11(1),12(3),14(3)
43:0(4),3(4),4(2),5(2),6(1),7(3),8(2),9(2),10(1),11(4),12(2),13(4),14(2)
44:0(2),3(2),4(2),5(2),6(3),7(3),8(2),10(3),11(4),12(3),13(3),14(3)
45:1(1),3(2),4(2),5(3),6(2),7(9),8(5),9(2),10(3),11(3),12(2),14(2)
46:0(2),4(6),5(5),6(2),7(2),8(3),9(2),10(1),11(3),12(3),13(2),14(5)
47:0(2),4(5),5(2),6(3),7(2),8(2),9(3),10(4),11(1),12(3),14(4)
48:0(2),1(1),2(1),3(5),4(2),5(1),6(2),7(1),8(4),10(2),11(3),12(3),13(1),14(6)
49:0(3),3(2),4(2),5(2),6(1),7(2),8(2),9(4),10(1),11(1),12(2),13(4)
50:0(2),3(7),4(2),5(2),6(1),7(5),8(3),9(6),10(4),11(2),13(10),14(3)
51:0(1),3(3),4(4),5(2),6(2),7(1),8(3),9(2),10(2),11(5),12(2),13(3),14(6)
52:0(2),3(6),4(2),5(2),6(3),7(2),9(2),10(5),11(2),12(2),13(3),14(2)
53:0(3),3(3),5(3),6(1),7(2),8(1),9(2),10(1),12(4),13(4),14(4)
54:0(1),3(5),4(3),5(3),6(2),7(2),8(5),9(3),10(3),11(1),12(1),13(1)
55:1(1),3(9),4(3),5(2),6(1),7(2),8(3),9(3),11(3),12(1),13(3),14(4)
56:4(4),5(5),6(3),7(10),8(3),9(4),10(2),11(3),12(4),13(1),14(5)
57:0(4),3(2),4(3),5(3),6(1),7(3),8(3),9(4),10(5),11(1),12(3),14(2)
58:0(4),2(1),3(1),4(1),5(2),6(5),7(2),8(1),9(4),10(1),11(2),12(2),13(3),14(3)
59:0(3),2(1),3(1),4(2),6(2),7(4),8(3),9(2),10(4),11(3),12(3),13(5),14(5)
60:3(2),4(3),5(4),6(2),7(1),8(1),10(2),11(4),12(5),13(1),14(3)
61:0(2),3(4),4(1),5(4),6(2),7(2),8(3),9(5),10(3),11(2),12(2),14(4)
62:0(2),3(2),4(2),5(1),6(3),7(1),8(5),9(1),10(2),11(1),12(3),13(3)
63:0(2),3(2),5(2),6(1),7(4),8(1),9(3),10(4),11(3),12(4),13(3)
64:0(3),3(1),5(3),6(3),7(6),8(2),9(2),10(4),11(2),12(3),14(5)
65:0(2),2(2),3(1),4(3),5(2),6(1),7(1),8(5),9(1),10(2),11(4),12(4),13(3),14(4)
66:0(3),2(1),3(3),4(3),5(3),6(2),7(5),8(5),9(4),10(2),11(1),12(2),13(3),14(5)
67:0(3),2(1),3(5),4(2),5(1),8(1),9(3),10(2),11(2),12(5),13(1),14(4)
68:0(3),3(1),4(2),5(2),6(1),8(2),9(5),10(2),11(3),12(4),13(4),14(4)
69:0(4),1(1),3(1),4(2),5(4),6(3),7(2),8(1),9(3),10(3),11(3),12(3),13(3),14(3)
70:0(3),3(4),4(2),5(1),6(2),7(2),8(2),10(3),11(1),12(3),13(3),14(2)
71:0(4),3(2),4(1),5(4),6(2),7(3),8(3),9(7),10(4),11(3),13(4),14(3)
72:3(3),4(2),5(2),6(3),7(2),8(4),9(4),10(1),11(5),12(4),13(2),14(3)
73:0(4),3(2),4(4),5(5),6(2),7(4),8(4),9(4),10(4),11(2),12(4),13(4),14(1)
74:0(5),3(1),4(1),5(1),6(3),7(3),8(3),9(5),10(4),11(2),12(3),13(4),14(2)
75:0(2),3(4),4(4),5(2),6(4),7(4),8(10),9(5),10(1),11(1),12(4),13(6),14(3)
76:0(2),1(1),3(2),4(5),5(5),6(7),7(3),8(2),9(2),10(2),12(2),13(7),14(4)
77:0(3),3(2),4(1),5(2),7(2),8(2),9(2),10(4),11(1),12(5),13(2)
78:0(4),3(1),4(3),5(3),6(2),7(3),8(3),9(5),10(1),11(3),12(2),13(3),14(7)
79:0(1),3(5),4(5),5(3),6(2),7(2),8(1),9(3),10(2),11(1),12(1),13(2),14(3)
80:0(3),3(3),4(4),5(3),6(2),7(1),8(3),10(4),11(1),12(2),13(4),14(3)
81:3(5),4(2),5(2),6(1),7(1),8(2),9(4),11(4),12(1),13(4),14(3)
82:0(6),4(2),5(1),6(2),7(2),8(3),9(2),11(1),12(5),13(3),14(4)
83:0(4),2(1),3(2),4(3),5(1),6(2),7(2),8(4),9(7),10(6),13(3),14(6)
84:0(2),1(1),2(1),3(3),4(4),5(1),6(4),7(4),8(6),9(1),10(1),11(1),12(2),13(3),14(2)
85:0(2),3(2),4(1),6(2),7(1),8(2),9(6),10(2),11(1),12(4),13(3),14(3)
86:0(3),3(4),4(1),6(3),7(2),8(5),9(4),10(3),11(2),12(5),13(3),14(3)
87:0(2),3(4),5(2),6(2),7(4),8(3),9(4),10(4),11(3),13(4),14(3)
88:0(4),3(4),4(3),5(4),6(6),8(4),9(1),10(1),12(2),13(6),14(2)
89:0(3),3(1),4(3),5(4),6(1),7(4),8(4),9(1),10(1),11(1),12(3),13(5),14(4)
90:0(1),3(1),4(1),5(2),6(3),8(1),9(2),10(1),11(3),12(4),13(6),14(2)
91:3(5),4(4),5(3),6(3),7(8),8(3),9(2),12(3),13(6)
92:0(4),2(1),3(4),4(2),5(3),6(5),7(4),8(4),9(2),10(3),11(1),12(2),13(5)
93:0(1),3(3),4(4),5(2),6(2),7(1),8(1),9(4),10(3),12(1),13(5),14(1)
94:0(3),2(1),3(4),4(3),5(3),6(2),7(3),9(3),10(2),11(5),12(2),13(2),14(2)
95:0(3),2(1),3(2),4(2),5(1),6(2),7(1),8(3),9(1),10(4),11(3),12(3),13(5),14(2)
96:3(2),4(5),5(2),6(4),7(7),8(2),10(3),11(8),12(3),13(1),14(2)
97:0(3),1(1),3(2),4(3),5(1),6(4),7(2),8(1),9(1),10(4),11(5),12(2),13(4),14(3)
98:0(5),2(1),3(2),4(1),5(4),6(1),7(2),8(1),9(1),10(4),11(6),12(2),13(8),14(1)
99:3(1),5(2),6(2),7(2),8(2),9(4),11(1),12(1),13(3),14(5)
100:0(2),3(1),4(2),5(1),7(3),8(4),9(2),10(3),11(5),12(2),13(1),14(5)
101:0(2),1(1),3(3),4(5),5(3),7(3),9(6),10(4),11(3),12(5),14(1)
102:0(3),1(1),3(3),4(1),7(3),9(1),10(5),11(1),12(4),13(3),14(5)
103:0(2),3(2),4(2),5(2),6(2),7(4),8(2),9(1),10(2),11(2),12(1),13(4),14(3)
104:0(1),3(4),4(1),5(2),6(3),7(1),8(3),9(1),10(3),11(2),12(1),13(3),14(3)
105:0(2),3(5),4(1),5(3),7(1),8(1),9(2),10(4),11(3),12(3),13(3),14(1)
106:0(6),3(2),4(2),5(6),6(2),7(3),8(3),10(2),11(2),14(3)
107:0(3),3(5),4(4),5(3),6(4),8(2),9(3),10(1),11(3),12(3),13(4),14(1)
108:0(1),2(1),4(2),6(3),7(3),8(1),9(4),10(5),12(1),14(5)
109:0(2),3(3),4(5),5(2),6(4),7(2),8(1),9(3),10(2),11(4),12(2),13(3),14(3)
110:0(2),5(1),6(2),7(3),8(1),9(5),10(2),11(1),12(3),13(3),14(3)
111:0(1),3(1),5(2),6(1),7(1),8(4),9(2),10(3),11(1),12(6),13(1),14(3)
112:0(1),3(2),5(4),6(1),7(1),8(1),9(2),10(2),11(2),12(2),13(1),14(5)
113:0(3),1(1),2(3),3(2),4(1),5(1),6(1),7(3),8(1),9(1),10(3),11(5),12(4),13(5),14(1)
114:0(4),3(2),4(4),5(5),6(2),8(4),9(2),10(1),11(1),12(4),13(3),14(4)
115:0(1),1(1),3(2),4(2),5(4),6(2),7(3),8(1),9(6),10(2),11(5),12(2),13(7),14(3)
116:0(4),2(1),3(2),4(6),5(3),6(3),7(4),8(4),9(2),10(1),12(4),13(2),14(6)
117:0(3),3(1),4(3),5(3),6(5),7(2),8(3),9(1),10(3),12(3),13(2),14(2)
118:0(3),1(1),3(2),4(1),5(7),6(3),7(2),8(1),9(2),10(2),11(2),12(3),13(2),14(8)
119:0(1),2(1),3(1),4(2),5(4),6(1),7(4),8(2),9(5),10(1),11(2),12(4),13(1),14(4)
120:0(2),3(2),4(1),5(3),6(4),8(2),10(2),11(2),12(1),13(3),14(2)
121:0(3),3(3),4(1),5(2),6(2),7(3),9(2),10(1),11(1),12(2),13(1),14(5)
122:0(3),3(3),4(3),5(5),8(2),9(1),11(5),12(4),13(2),14(2)
123:0(4),2(1),3(2),4(3),5(4),6(3),7(3),8(4),9(2),10(2),11(4),12(6),13(1),14(3)
124:0(7),1(1),3(4),4(1),5(5),6(3),7(1),8(4),9(5),10(5),11(5),12(7),13(3),14(5)
125:0(2),3(3),4(7),5(2),6(1),7(2),8(1),9(1),10(3),11(3),13(5),14(3)
126:0(5),1(1),2(1),3(3),4(4),5(2),6(4),7(2),8(2),9(2),10(2),12(2),13(1),14(4)
127:0(2),1(1),2(2),3(1),4(2),5(4),6(3),7(3),8(5),10(1),11(2),12(4),13(2),14(2)
128:0(2),1(1),3(2),4(2),6(2),8(3),9(2),10(3),12(1),13(2),14(2)
129:0(4),3(3),4(2),5(4),6(3),7(5),8(2),9(1),10(6),11(1),12(2),13(2)
130:0(4),1(1),3(2),4(1),5(3),6(1),7(1),8(3),9(5),10(3),11(1),12(5),13(1),14(3)
131:0(1),2(1),3(2),4(1),5(2),6(2),7(3),8(1),9(1),10(5),11(4),12(3),14(4)
132:0(3),1(1),3(1),4(4),5(5),6(2),7(4),8(4),9(3),10(5),11(7),12(5),13(2),14(5)
133:0(2),3(4),4(1),5(5),6(5),7(1),8(1),9(2),11(6),12(1),13(4),14(4)
134:0(4),1(1),3(5),4(2),5(2),6(6),7(2),8(4),9(1),10(1),11(1),12(4),14(2)
135:3(3),5(5),6(3),7(3),8(2),9(2),10(5),11(5),12(2),13(5),14(1)
136:0(1),2(1),3(1),4(3),5(1),6(3),7(3),8(4),9(2),10(4),11(2),12(4),13(5),14(2)
137:0(1),1(1),3(7),4(7),5(6),7(3),9(1),11(1),12(2),13(2),14(3)
138:0(3),3(1),4(2),5(3),7(4),8(3),10(3),11(1),12(3),13(6),14(5)
139:0(3),1(2),3(3),5(2),8(5),9(1),10(1),11(1),12(2),13(2),14(5)
140:0(4),3(4),5(3),6(1),7(5),8(2),9(2),10(1),11(4),12(5),13(2),14(3)
141:3(4),4(1),5(1),6(2),7(1),8(5),9(5),10(2),11(4),12(2),13(3),14(3)
142:0(4),1(1),3(1),4(2),5(2),6(2),7(3),8(1),9(2),10(1),11(5),12(5),13(3),14(1)
143:0(6),1(1),3(3),4(3),5(2),6(1),7(1),9(2),10(4),11(3),12(4),13(2),14(1)
144:3(5),4(4),5(5),6(3),7(4),8(4),9(1),11(2),12(3),13(7),14(2)
145:0(6),1(1),3(7),4(2),5(1),6(4),7(3),8(3),9(1),10(3),11(2),12(2),14(6)
146:0(4),1(1),2(1),3(4),4(1),5(2),6(1),7(1),9(2),11(3),12(3),13(2),14(4)
147:0(2),1(1),3(3),4(1),5(3),6(4),7(5),8(4),9(2),10(5),11(6),12(2),13(2)
148:0(5),1(1),3(4),4(3),5(2),6(3),7(4),9(3),11(4),12(4),13(1),14(2)
149:1(1),2(1),3(2),4(5),5(2),6(6),7(2),8(2),9(2),10(2),11(4),12(2),13(1),14(4)
150:0(4),4(3),5(3),6(2),7(3),8(2),9(3),10(4),11(1),12(1),14(5)
151:0(4),2(1),3(5),4(4),5(1),6(4),7(5),8(1),9(3),10(3),11(1),12(3),13(1),14(2)
152:1(1),3(2),4(1),5(1),6(2),7(3),8(3),9(2),10(4),11(2),12(4),13(3),14(3)
153:0(4),1(1),2(1),3(3),4(4),5(1),6(5),7(1),8(1),9(1),10(4),12(2),13(1),14(3)
154:0(1),3(4),4(1),5(1),6(3),7(2),8(5),9(2),10(1),11(4),12(3),13(4),14(6)
155:0(1),3(2),4(2),5(4),6(5),7(2),8(3),9(1),10(3),11(1),12(3),13(2),14(1)
156:0(2),3(4),4(3),5(1),6(1),7(6),8(4),9(3),10(1),11(3),12(3),13(2),14(5)
157:0(2),1(1),3(3),4(1),5(3),6(3),8(4),9(6),10(11),11(2),12(2),13(1),14(2)
158:0(2),2(1),3(4),4(3),5(4),6(1),7(4),8(1),9(1),10(3),12(5),14(2)
159:0(5),1(2),2(1),3(3),4(5),5(1),6(2),7(2),9(1),10(4),11(2),12(1),13(4),14(2)
160:0(5),2(1),3(2),4(1),5(4),6(3),7(1),8(3),9(1),10(3),11(1),12(1),13(4),14(3)
161:0(3),3(2),4(2),5(4),7(1),8(2),9(2),10(2),11(2),12(5),13(2),14(1)
162:0(4),3(1),4(3),5(3),7(3),8(2),9(2),10(2),11(2),12(3),13(2),14(1)
163:0(1),1(1),3(2),4(5),5(6),6(2),7(1),8(6),9(3),10(9),11(2),12(4)
164:0(6),4(1),5(1),6(1),7(5),8(2),9(1),10(1),11(4),12(2),13(2),14(2)
165:0(2),1(1),3(7),4(3),5(2),6(2),7(3),8(3),9(2),10(2),11(1),12(7),13(6),14(2)
166:0(3),1(3),2(1),4(3),5(2),6(5),7(3),8(2),9(3),10(3),11(3),12(4),13(1),14(1)
167:0(2),3(5),4(3),5(5),6(4),7(1),8(4),9(3),10(7),11(7),12(2),13(2),14(1)
168:0(1),3(1),4(2),5(3),6(1),7(1),8(2),9(3),10(2),11(4),12(1),13(3),14(3)
169:0(2),3(2),4(3),5(3),6(3),8(1),9(2),10(2),11(5),12(3),13(1),14(5)
170:0(2),3(3),4(4),5(4),6(3),8(3),9(3),10(1),11(2),12(3),13(8),14(5)
171:0(3),3(2),4(6),5(4),6(4),7(4),8(1),9(3),11(3),12(4),13(1),14(3)
172:0(4),1(1),2(1),3(3),4(5),5(5),6(5),7(3),8(2),9(2),10(1),11(2),12(4),13(2),14(7)
173:0(2),3(2),4(4),5(2),7(1),8(4),9(4),10(1),12(1),13(4),14(1)
174:0(1),2(2),3(2),4(3),5(5),6(4),7(5),8(1),9(3),10(3),11(3),12(3),13(3),14(1)
175:0(3),1(1),3(5),4(3),5(3),6(1),7(3),8(2),9(5),10(3),11(3),13(2),14(3)
176:0(2),3(3),4(1),7(5),8(2),9(2),11(4),12(3),13(1),14(7)
177:0(4),1(1),3(1),4(3),5(1),6(3),7(5),8(2),9(3),10(5),11(4),12(1),13(4),14(3)
178:0(2),3(5),4(1),5(2),6(1),8(4),9(5),10(3),11(3),12(2),13(6),14(3)
179:0(2),3(2),4(2),5(3),6(4),7(2),10(1),11(1),12(1),13(4),14(3)
180:0(2),1(2),2(1),3(3),4(2),5(4),6(2),7(1),8(1),9(2),10(1),11(2),12(3),13(4),14(4)
181:0(1),3(2),4(3),5(3),6(3),7(2),8(3),9(2),10(2),11(1),13(1),14(2)
182:0(2),3(1),4(5),5(1),6(3),7(1),8(3),9(4),10(4),11(2),12(1),13(5),14(3)
183:0(3),3(3),4(2),5(3),6(2),7(4),8(3),9(7),10(1),12(3),13(2),14(4)
184:0(2),2(2),3(6),4(6),5(3),6(2),7(3),8(1),9(2),10(1),11(3),12(6),13(3),14(2)
185:0(3),3(1),4(4),5(2),6(1),7(6),8(4),9(2),10(4),11(3),12(4),13(7),14(3)
186:0(5),3(2),4(1),5(3),6(3),7(1),8(1),9(4),10(4),12(6),13(3),14(3)
187:0(3),2(2),4(2),6(3),7(6),8(2),9(1),12(6),13(1),14(2)
188:0(1),2(1),4(2),5(2),6(2),7(5),9(1),11(2),12(1),13(4)
189:3(1),4(2),5(5),6(3),7(7),8(2),9(3),11(4),12(3),13(2),14(4)
190:0(4),4(5),5(5),6(2),7(3),8(1),9(1),10(4),11(5),12(4),13(5),14(3)
191:0(2),3(3),4(1),5(2),6(2),7(1),8(1),9(1),10(3),11(1),12(4),13(1),14(1)
192:0(1),3(3),4(7),5(4),6(3),7(2),8(3),9(3),10(2),11(3),12(2),13(3),14(3)
193:0(2),2(2),3(1),4(1),5(3),6(6),7(1),8(1),9(4),10(3),11(10),12(3),13(2),14(1)
194:3(2),4(5),5(3),6(1),7(5),9(1),10(5),11(4),12(4),13(2),14(3)
195:0(1),2(1),3(2),4(3),5(2),6(2),8(4),9(2),12(3),13(4),14(3)
196:0(2),1(1),3(1),4(1),5(1),6(6),7(2),8(2),9(3),10(3),11(4),12(3),13(5),14(2)
197:0(2),2(1),4(1),5(1),6(4),7(3),8(2),9(3),10(5),11(2),12(3),13(2),14(3)
198:0(3),3(3),4(1),5(1),6(1),7(3),8(4),9(2),10(2),11(8),12(4),13(2),14(3)
199:0(2),3(4),4(3),5(1),6(2),7(2),8(2),10(3),11(2),12(4),13(1),14(2)
200:0(5),3(2),4(2),5(2),6(1),7(2),8(4),9(1),10(3),11(1),12(1),13(3),14(4)
201:1(1),3(2),4(3),5(3),6(2),7(2),8(1),9(6),10(2),11(2),12(2),13(2),14(1)
202:0(2),3(4),4(5),5(1),6(6),8(1),9(1),10(2),11(3),12(5),13(6),14(6)
203:3(3),4(1),5(2),6(2),7(2),8(5),9(5),10(2),11(2),12(1),13(1),14(2)
204:1(1),2(1),3(4),4(2),5(4),6(5),7(2),8(1),9(1),10(4),11(3),12(2),13(4),14(3)
205:0(2),2(1),3(1),4(3),5(3),6(4),7(3),8(2),9(3),10(3),11(1),12(2),13(3),14(5)
206:1(2),3(2),4(5),5(4),6(1),7(3),8(3),9(2),10(4),11(1),12(2),13(4)
207:0(1),3(8),4(5),5(3),6(3),7(3),8(4),9(3),10(3),11(1),12(1),13(4),14(2)
208:0(6),3(4),5(1),6(1),7(3),8(1),9(3),10(5),11(2),12(4),13(3),14(2)
209:0(4),3(3),4(3),5(4),6(1),7(5),8(2),9(2),10(2),12(2),13(2),14(4)
210:0(2),1(2),2(1),3(4),4(2),5(2),6(2),7(4),8(2),10(1),11(2),12(6),13(5),14(1)
211:0(2),1(1),3(5),4(4),5(2),6(3),7(3),8(5),9(1),11(1),12(2),13(1),14(2)
212:0(4),2(2),3(3),4(3),5(3),6(3),7(2),8(1),9(1),10(1),11(4),12(5),13(4),14(3)
213:0(6),3(4),4(1),5(4),6(1),7(1),8(2),9(3),11(7),12(3),13(2),14(5)
214:0(3),1(1),2(1),3(3),4(5),5(3),6(4),7(3),8(2),9(4),10(3),11(2),12(5),13(2),14(1)
215:0(1),1(1),2(1),3(4),4(7),5(3),6(4),7(6),8(2),9(2),10(1),12(4),13(2),14(5)
216:0(1),2(1),3(2),4(1),5(5),6(4),7(3),8(2),9(6),10(2),11(3),12(1),13(2),14(7)
217:0(5),1(1),3(2),4(4),5(3),6(2),7(2),8(4),9(5),10(6),11(1),12(5),13(4),14(1)
218:0(2),3(8),4(3),5(1),6(3),8(3),9(2),10(2),11(1),12(2),13(3),14(6)
219:0(3),3(8),4(5),5(1),6(3),7(2),8(1),9(1),10(4),11(2),12(1),13(3),14(2)
220:0(2),3(1),4(4),5(3),6(1),7(4),8(1),9(5),10(1),11(1),12(2),13(5),14(2)
221:0(2),3(1),5(2),6(2),7(1),8(2),9(2),10(3),11(1),12(1),13(2),14(3)
222:0(3),1(1),3(4),4(2),5(1),6(6),7(1),9(1),11(2),12(4),13(4),14(1)
223:0(2),3(2),4(1),5(2),6(4),7(3),8(2),9(1),10(2),11(5),13(3),14(1)
224:0(3),1(2),3(3),4(2),5(5),6(3),7(6),8(7),9(3),10(1),11(2),12(4),13(3),14(3)
225:0(2),3(4),4(3),5(3),6(2),7(1),8(2),9(2),10(2),11(4),13(3),14(2)
226:0(1),3(3),4(3),5(3),6(5),7(2),8(1),9(2),10(2),11(7),12(3),13(5),14(6)
227:0(2),3(2),4(3),5(4),6(3),7(2),8(1),9(2),10(3),11(2),12(3),13(2),14(1)
228:0(4),1(1),3(2),4(4),5(3),6(2),7(5),8(4),9(1),10(3),11(2),12(1),13(1),14(2)
229:0(2),3(3),4(2),5(2),6(7),7(2),8(4),9(1),10(3),11(2),12(4),13(3),14(3)
230:0(1),3(3),4(7),5(2),6(3),7(2),8(2),9(1),10(3),11(4),12(4),13(1),14(2)
231:0(2),1(1),3(2),5(3),6(2),7(8),8(1),9(6),10(1),12(1),13(3),14(3)
232:0(4),2(1),3(3),4(3),5(2),6(1),7(2),8(4),9(4),10(4),11(2),12(2),13(2),14(4)
233:0(2),3(2),4(4),7(2),8(5),9(3),10(3),11(3),12(5),13(3),14(1)
234:0(2),1(1),2(2),3(1),4(5),5(4),6(2),7(1),8(2),9(4),10(3),11(4),13(4),14(8)
235:0(1),3(7),4(5),5(1),6(2),7(6),8(2),9(3),11(2),12(1),13(3),14(3)
236:0(1),3(1),4(4),5(1),6(2),7(4),8(3),9(1),11(8),13(1),14(2)
237:0(4),3(2),4(2),5(2),6(2),7(2),8(3),9(2),10(4),11(1),12(1),13(6),14(4)
238:0(4),3(1),4(2),5(6),6(4),7(3),8(5),9(3),10(1),11(2),12(3),13(4),14(1)
239:0(2),2(1),3(4),4(2),5(1),6(1),7(4),8(2),9(4),10(3),11(2),12(1),13(3),14(4)
240:0(2),2(1),3(2),4(1),5(1),6(1),7(2),8(1),9(4),10(2),12(4),13(3),14(3)
241:0(5),3(1),4(3),5(2),6(2),7(1),8(3),9(3),10(3),11(5),12(2),13(5),14(2)
242:0(1),1(1),3(6),5(2),6(2),7(1),8(2),9(5),10(4),11(5),12(3),13(5),14(1)
243:0(5),3(4),4(3),5(3),6(3),7(2),8(1),9(6),10(2),11(1),12(3),13(1),14(2)
244:2(1),3(1),4(2),5(3),6(4),7(5),9(1),11(3),12(2),13(4),14(2)
245:0(3),4(4),5(1),6(2),7(2),8(1),9(4),10(3),11(3),12(1),13(5)
246:4(2),5(7),6(2),7(2),8(5),9(2),10(1),11(2),12(3),13(5),14(4)
247:0(3),3(3),4(2),5(7),6(1),9(3),10(1),11(4),12(4),14(1)
248:0(4),3(5),4(7),5(2),6(2),7(5),8(1),9(1),10(3),11(4),12(3),13(3),14(4)
249:0(3),2(1),4(4),5(1),6(5),7(2),8(2),10(1),11(4),12(5),13(2),14(1)
250:0(4),3(4),4(3),5(4),6(1),7(1),8(1),10(4),11(2),12(2),13(1),14(3)
251:0(7),3(1),4(5),5(2),6(2),7(2),8(2),9(4),10(2),11(2),12(2),13(1),14(1)
252:0(3),3(3),4(2),5(4),6(1),7(4),8(6),9(2),10(2),11(3),12(1),13(1),14(1)
253:1(1),2(1),3(2),4(1),5(2),6(2),7(2),9(2),10(1),11(4),12(4),13(3),14(5)
254:0(2),2(1),3(2),4(3),5(2),6(2),7(5),8(1),9(3),10(1),11(3),12(3),13(4),14(5)
255:0(4),3(3),4(2),5(4),6(2),7(2),8(3),9(4),10(5),11(3),12(3),13(3),14(3)
256:0(4),1(1),3(1),4(5),5(1),6(3),7(2),8(10),9(2),11(4),12(1),14(4)
257:0(2),3(3),4(1),6(3),7(1),8(1),9(3),10(3),12(1),14(9)
258:0(5),3(2),4(3),5(1),6(3),7(4),8(2),9(5),10(5),11(2),12(4),13(2),14(3)
259:0(1),1(1),3(3),4(3),5(4),6(2),7(3),8(1),10(2),11(1),12(2),13(5),14(3)
260:0(2),3(3),4(1),5(3),6(3),7(3),8(3),9(5),10(3),11(1),12(2),13(3),14(1)
261:0(2),1(1),3(4),4(1),5(4),6(4),7(5),8(6),9(1),11(1),12(2),13(2),14(2)
262:0(2),2(1),3(2),4(3),5(2),7(4),9(4),10(5),11(1),13(5),14(3)
263:0(3),1(1),3(3),4(3),5(2),7(5),8(4),9(2),11(2),12(1),13(5),14(2)
264:0(3),2(1),3(5),4(4),5(3),6(2),7(1),8(5),9(7),10(1),11(1),12(3),13(1),14(2)
265:0(4),1(1),4(2),5(4),6(3),7(3),8(1),9(3),10(1),11(2),12(1),13(5),14(1)
266:0(3),3(3),4(3),5(1),6(6),7(5),8(2),9(1),10(4),11(3),13(1),14(3)
267:0(3),1(2),3(1),4(2),6(3),7(1),8(5),9(2),10(1),13(3),14(2)
268:0(2),1(1),3(1),4(1),5(1),6(2),7(2),8(2),9(3),10(3),11(2),12(3),13(4),14(2)
269:0(3),1(1),2(1),3(3),4(2),5(4),6(2),7(1),8(3),9(6),10(2),13(5),14(2)
270:0(3),3(2),4(4),5(2),6(2),7(2),8(1),9(1),11(4),12(4),13(2),14(1)
271:0(3),2(1),3(2),4(4),5(4),6(3),7(1),8(3),9(3),10(7),11(3),12(1),13(2),14(5)
272:0(3),3(3),4(1),5(2),6(3),7(1),8(3),9(2),10(1),12(3),13(1),14(2)
273:0(2),2(2),3(1),4(2),5(3),6(2),7(3),9(3),10(1),11(1),12(3),13(2),14(1)
274:0(4),1(1),3(4),4(3),5(2),6(1),7(2),8(1),9(4),10(4),11(1),12(4),13(3),14(3)
275:0(4),1(1),2(1),3(2),4(3),5(4),6(1),7(3),8(6),9(1),10(2),11(2),12(4),13(1),14(1)
276:0(4),3(3),4(2),5(5),6(1),7(3),8(2),9(2),10(2),12(3),13(1),14(3)
277:0(3),1(1),2(2),3(7),4(3),5(2),6(5),7(2),9(4),10(3),11(2),12(3),13(2),14(4)
278:0(1),2(1),3(2),4(4),5(2),6(1),7(2),9(4),10(2),11(2),12(4),13(3),14(2)
279:0(1),1(1),3(3),4(1),5(5),6(5),7(1),8(2),9(4),10(5),11(2),12(4),13(1)
280:0(3),1(1),2(1),3(3),4(2),5(4),6(3),7(4),8(4),9(1),10(3),11(4),12(4),13(1),14(5)
281:0(5),2(1),4(4),5(3),6(5),7(1),8(6),9(3),10(1),12(5),13(1),14(1)
282:0(4),2(2),3(1),4(4),5(3),6(1),7(1),8(2),9(1),10(2),11(4),12(2),13(3),14(2)
283:0(2),3(2),4(5),5(3),6(2),7(1),8(2),9(5),10(2),11(1),12(2),13(2),14(2)
284:0(2),2(1),3(3),4(2),5(2),6(6),7(2),8(1),9(2),10(5),11(3),12(2),13(4),14(4)
285:0(1),3(3),4(3),5(6),7(4),8(3),10(1),11(5),12(1),13(3),14(2)
286:3(1),4(1),5(4),7(1),8(5),9(2),10(5),11(3),12(4),13(5),14(4)
287:0(3),3(4),4(4),5(5),6(2),7(3),8(3),9(4),10(1),11(6),12(1),13(2),14(1)
288:0(2),1(1),2(1),3(3),4(4),5(3),6(4),7(6),8(5),9(3),10(4),11(4),12(8),13(2),14(6)
289:0(2),2(1),4(5),5(3),6(4),7(2),8(3),9(6),10(1),11(3),12(1),13(2),14(3)
290:0(4),1(1),3(2),4(1),5(1),7(3),8(5),10(5),11(1),12(3),13(5),14(2)
291:0(2),4(6),5(5),6(2),7(4),8(3),9(1),10(4),11(3),12(3),13(4),14(6)
292:0(2),3(1),4(1),5(2),6(2),7(5),9(5),10(1),11(2),12(2),13(3),14(4)
293:0(4),3(6),4(3),5(2),6(1),7(4),8(5),11(4),12(2),13(4)
294:0(4),2(1),3(2),4(2),5(1),6(3),7(2),9(1),10(3),11(3),12(1),13(3),14(6)
295:0(3),3(3),4(3),6(1),7(4),8(3),9(4),10(2),11(1),12(3),13(2),14(4)
296:0(4),1(1),3(1),4(2),5(3),6(1),7(4),8(2),10(3),11(1),12(1),13(2),14(1)
297:0(3),3(1),4(2),5(2),6(5),7(1),8(5),9(2),10(3),11(1),12(1),13(1),14(4)
298:0(3),2(1),3(4),4(2),5(2),6(2),7(2),8(4),9(3),10(1),11(2),12(5),13(2),14(5)
299:0(3),2(1),3(1),4(2),5(2),6(2),7(3),8(1),9(8),10(4),11(4),13(3),14(6)
300:0(2),3(1),4(2),5(2),6(6),7(2),8(3),9(2),10(3),11(4),13(2),14(2)
301:0(3),1(1),3(2),5(5),6(4),7(2),8(3),9(2),10(5),11(1),12(5),13(1),14(3)
302:0(3),3(4),4(2),5(4),6(2),7(3),8(1),9(1),10(3),11(2),12(2),13(1),14(3)
303:0(2),1(1),3(3),5(2),6(3),8(5),9(1),10(4),11(2),12(2),13(6),14(1)
304:0(3),2(1),3(3),4(6),5(1),6(2),7(2),8(3),9(3),10(4),11(2),12(2),13(5),14(1)
305:0(4),2(1),3(4),4(1),5(3),6(4),7(6),8(2),9(2),10(3),11(3),12(2),13(2),14(2)
306:0(4),1(1),2(1),3(4),4(3),5(1),6(3),7(3),8(4),9(4),10(2),11(5),12(6),13(7),14(2)
307:0(4),1(1),3(2),5(2),6(1),7(6),8(5),9(6),10(4),11(4),12(2),13(4)
308:3(3),5(3),6(2),7(3),8(1),9(1),10(6),11(4),12(3),13(3),14(4)
309:0(3),1(1),3(3),4(3),5(3),6(7),7(4),8(5),9(1),10(6),11(1),12(2),13(5),14(1)
310:0(3),1(1),3(4),4(5),5(3),6(5),7(5),8(5),9(3),10(2),11(1),12(2),13(1),14(6)
311:0(1),3(3),4(3),5(4),7(2),8(6),9(4),10(2),11(2),12(3),13(4),14(2)
312:0(4),3(1),5(3),6(2),7(2),8(2),9(2),10(4),11(3),12(4),13(3),14(5)
313:0(2),1(1),2(1),3(2),4(3),5(6),6(3),7(2),8(1),9(4),10(3),11(4),12(3),13(5),14(2)
314:0(1),2(1),3(7),4(2),5(4),6(3),7(4),8(2),9(1),10(1),11(2),12(4),13(3),14(8)
315:0(1),4(2),5(4),6(2),7(5),8(3),10(3),11(7),12(3),13(3),14(1)
316:0(1),2(1),3(1),4(1),5(3),6(5),7(4),8(3),9(3),10(3),11(2),12(4),13(3),14(2)
317:0(4),1(1),2(1),3(1),4(1),5(1),6(4),7(1),8(5),9(5),10(1),11(1),12(6),13(3),14(5)
318:0(1),3(2),4(2),5(2),6(2),7(7),8(3),9(3),10(4),11(2),12(6),13(3),14(3)
319:0(1),3(2),4(1),5(1),6(1),7(2),8(1),9(5),10(2),13(3),14(1)
320:0(9),2(1),6(1),7(3),8(2),9(1),10(2),11(4),12(5),13(2),14(4)
321:0(4),3(1),4(4),5(3),6(1),7(1),8(1),9(2),10(4),11(4),12(2),14(4)
322:0(5),1(1),2(1),3(2),4(6),5(4),7(2),9(2),10(3),11(3),12(1),13(2),14(1)
323:0(2),3(6),5(2),6(2),7(3),8(1),9(4),10(3),11(3),12(2),13(3),14(5)
324:0(2),1(1),3(2),5(2),6(3),7(2),8(1),9(4),10(1),11(3),12(5),13(2),14(4)
325:0(3),1(1),3(4),4(4),5(6),6(3),7(2),8(3),9(3),11(1),12(4),13(5),14(4)
326:0(5),2(2),3(2),4(2),6(2),7(1),8(1),9(2),10(1),11(1),13(1)
327:0(2),3(2),4(1),5(3),6(5),7(1),8(1),9(4),10(2),11(1),12(3),13(6),14(1)
328:0(3),1(1),2(1),3(2),4(2),5(3),6(1),7(3),9(1),10(2),12(4),13(7),14(1)
329:0(3),1(1),3(4),4(3),5(3),6(2),7(1),8(5),9(2),11(4),12(2),13(2),14(1)
330:0(2),2(1),3(1),4(1),6(4),7(6),8(4),9(3),10(4),11(1),12(3),13(3)
331:0(3),2(1),3(4),5(5),6(5),7(4),8(3),9(5),10(1),12(1),13(2),14(3)
332:0(1),2(1),3(3),4(3),5(1),6(2),7(2),8(4),9(1),11(3),12(1),13(1),14(1)
333:0(1),1(1),3(4),4(2),5(1),6(3),7(4),8(1),9(2),10(3),11(4),12(3),13(2),14(3)
334:0(1),3(3),4(4),5(4),6(3),8(4),9(3),10(3),11(2),12(1),13(4),14(3)
335:0(1),3(3),4(4),5(3),6(3),7(3),8(9),9(3),10(4),11(1),12(2),13(3),14(3)
336:0(1),3(1),4(1),6(1),7(3),8(4),9(3),10(1),11(3),12(3),13(5),14(3)
337:0(1),3(4),4(4),5(4),6(2),7(1),8(2),9(4),10(5),11(4),12(2),13(1),14(2)
338:0(2),3(4),4(4),5(1),6(2),7(4),8(6),9(4),10(3),11(2),12(2),14(1)
339:0(1),3(2),4(4),5(6),6(1),7(2),8(4),9(2),10(2),11(3),12(5),13(5),14(1)
340:0(5),3(1),4(2),5(3),6(4),7(4),8(2),9(2),10(2),11(5),13(1)
341:0(3),3(5),4(4),5(2),6(5),7(2),8(3),9(3),10(5),12(2),14(3)
342:0(2),3(2),4(4),5(2),6(2),7(3),8(1),10(1),11(3),12(4),13(2),14(2)
343:0(1),3(4),4(6),5(1),7(1),8(1),9(4),11(2),12(2),13(3),14(2)
344:0(2),3(4),4(7),5(1),6(1),7(5),8(2),9(2),10(1),11(1),12(2),13(6),14(5)
345:0(4),1(1),2(1),4(2),5(2),6(3),7(1),8(3),9(1),10(2),11(3),12(2),13(1),14(2)
346:0(3),3(5),5(1),6(4),7(6),9(2),10(3),14(1)
347:0(3),1(1),3(6),4(1),5(4),6(1),7(1),8(4),9(3),10(3),13(7),14(4)
348:0(4),2(1),3(3),4(1),5(2),7(5),8(2),9(2),10(3),11(3),12(2),13(1),14(3)
349:0(4),3(2),4(3),5(3),6(3),7(3),8(1),9(3),10(1),11(3),13(3),14(3)
350:0(1),3(5),4(2),5(1),7(1),8(1),9(1),10(1),11(4),12(1),13(1),14(1)
351:0(3),1(1),3(4),4(1),5(3),6(4),7(5),8(1),9(2),10(3),11(6),12(1),13(2),14(2)
352:0(4),1(1),3(1),4(2),5(2),6(2),7(4),8(3),9(5),10(1),11(2),12(3),13(1),14(4)
353:0(4),3(2),4(6),5(1),6(1),7(3),10(2),11(2),12(3),14(2)
354:1(1),3(5),5(1),6(4),8(2),9(2),10(1),11(1),12(1),14(6)
355:0(3),2(1),3(6),4(4),5(3),6(1),7(5),8(2),9(3),10(6),11(8),12(3),13(2),14(1)
356:0(6),3(1),4(1),5(1),6(2),7(3),8(6),9(4),10(2),11(2),12(2),13(2),14(3)
357:0(1),3(1),4(3),5(2),6(5),7(5),8(3),10(3),12(2),13(2),14(2)
358:0(2),3(2),4(2),5(3),6(5),7(3),8(1),9(3),10(4),11(2),12(5),14(3)
359:0(2),3(2),4(6),5(3),6(2),8(1),9(2),10(2),11(1),12(3),13(1),14(2)
360:0(1),3(3),4(4),6(4),9(3),10(2),12(2),13(3),14(3)
361:0(7),3(1),4(6),5(1),6(1),8(1),9(2),10(4),11(4),12(2),13(2),14(3)
362:0(2),2(1),5(1),6(3),7(3),8(2),9(2),10(1),11(3),12(2),13(3),14(2)
363:0(4),2(1),4(4),5(1),6(4),7(4),8(3),9(2),10(2),11(3),12(1),13(2),14(2)
364:0(3),3(3),4(8),5(3),6(2),7(3),8(1),9(3),10(3),11(3),13(2)
365:0(2),1(1),3(1),4(3),5(4),6(4),7(2),8(2),9(2),10(2),11(1),13(2),14(3)
366:0(2),1(1),3(3),5(3),6(4),8(2),9(4),10(2),12(4),13(1),14(3)
367:0(4),1(1),2(3),3(6),4(1),5(1),6(1),7(2),8(3),9(2),10(1),11(3),12(2),13(3),14(2)
368:0(1),1(1),3(4),4(2),5(2),6(2),8(3),9(3),10(1),12(3),13(4),14(3)
369:0(3),1(1),4(3),5(2),6(4),7(5),8(5),9(3),10(2),11(2),12(3),13(3),14(4)
370:0(7),3(1),4(3),5(3),7(1),8(3),9(6),10(5),12(1),13(2),14(1)
371:0(1),3(4),4(7),5(2),6(5),7(1),8(2),10(1),12(1),13(2),14(3)
372:0(2),1(1),4(2),5(3),6(1),7(3),9(1),10(2),11(1),12(4),13(1)
373:0(1),1(1),3(2),4(1),5(5),6(2),7(2),9(2),10(2),11(1),12(1),14(3)
374:4(1),5(4),6(5),7(1),8(3),9(2),10(2),11(2),12(1),13(2),14(3)
375:0(2),3(1),4(3),5(3),6(9),7(1),8(1),9(1),11(2),12(2),14(1)
376:0(3),3(3),4(3),5(2),6(1),7(1),8(3),9(1),10(1),11(8),12(1),13(1)
377:3(3),4(2),5(1),6(1),7(2),8(2),9(1),10(4),11(1),12(1),13(3),14(2)
378:0(1),3(4),5(5),6(1),7(4),8(4),9(3),10(3),11(1),12(3),14(1)
379:0(1),3(2),5(3),7(2),8(4),9(1),12(1),13(1),14(1)
380:0(2),3(4),5(1),6(5),7(2),8(2),9(3),10(3),12(2),13(1),14(1)
381:0(1),3(1),4(3),5(2),6(1),7(2),8(6),9(2),10(3),11(1),13(2),14(1)
382:0(3),3(1),4(2),5(1),6(2),7(3),8(1),9(2),10(1),11(3),12(1),13(1),14(3)
383:0(4),3(2),4(3),5(2),6(1),8(2),9(1),11(2),12(1),13(1)
384:0(1),1(1),3(1),5(2),6(5),7(3),8(3),9(1),11(5),12(2),13(2),14(1)
385:0(2),1(1),3(2),4(3),5(3),7(2),8(3),9(4),10(2),11(1),12(4),13(4),14(1)
386:0(2),1(3),2(1),3(1),4(4),5(3),6(2),7(2),9(4),10(2),11(2),12(2),13(1),14(1)
387:0(2),1(1),4(3),5(1),6(2),7(3),8(1),9(1),10(2),11(2),12(3),13(5),14(3)
388:0(2),4(3),5(1),6(2),8(1),9(4),10(2),11(3),12(2),13(1),14(2)
389:0(1),2(1),4(3),7(2),9(5),10(1),12(1),13(4),14(1)
390:0(3),2(1),3(1),4(3),7(1),8(1),9(1),12(3),14(1)
391:0(2),1(1),3(2),5(2),6(3),10(3),11(2),13(1),14(3)
392:0(3),4(2),5(1),6(2),7(1),8(3),9(4),12(2),13(1),14(1)
393:1(1),5(2),6(2),7(1),8(3),9(3),10(2),11(3),12(2),13(1)
394:0(1),3(2),4(1),6(5),7(1),11(1),12(1),13(2),14(1)
395:0(2),2(2),3(2),4(1),5(1),6(2),8(2),9(1),10(2),11(1),12(3),13(1),14(1)
396:3(1),5(1),6(1),8(1),10(1),11(4),12(1),13(4)
397:0(2),1(1),2(1),3(2),4(2),5(1),6(3),9(1),10(3),12(3),13(2),14(1)
398:0(3),1(1),3(1),9(1),10(4),11(4),12(2),13(2),14(2)
399:0(2),1(1),4(2),5(2),6(2),10(1),12(2),14(4)
400:0(1),3(3),4(1),6(2),8(1),9(1),11(3),13(1)
401:0(2),2(1),3(1),4(2),6(1),7(1),8(1),9(2),10(3),12(2),14(1)
402:0(1),3(2),8(2),9(1),10(2),13(2),14(2)
403:0(1),2(1),3(1),4(1),5(1),6(1),7(1),8(4),10(3),11(1),12(1),13(1),14(1)
404:0(3),3(3),4(1),6(3),7(3),8(2),9(2),10(1),12(1),14(2)
405:0(2),1(3),3(2),4(1),5(1),7(1),9(1),10(1),12(1),13(3),14(1)
406:0(1),3(3),4(3),7(2),8(2),9(1),10(2),11(1),12(1),13(1)
407:3(2),4(1),5(2),7(2),9(1),10(1),13(1),14(2)
408:0(3),3(2),5(1),6(1),8(2),9(2),10(1),11(2),12(1),13(2),14(1)
409:1(1),4(1),6(1),7(2),8(1),9(4),12(4),13(1),14(2)
410:0(1),2(1),3(2),4(1),5(1),8(1),9(1),11(2),12(1),14(1)
411:0(2),1(1),3(1),4(1),6(1),7(1),9(1),10(1),13(1),14(3)
412:0(1),3(1),4(1),5(2),6(2),8(1),9(1),10(2),11(2),13(1),14(3)
413:3(1),4(1),6(1),9(2),10(1),11(1)
414:1(1),3(1),11(1),12(1),13(2),14(1)
415:0(2),4(1),5(1),8(3),9(1),11(1),12(2),13(2),14(1)
416:0(2),1(2),3(1),4(1),7(1),9(1),14(2)
417:0(2),3(1),4(2),5(1),7(1),8(1),9(1),12(1)
418:0(2),1(1),2(1),4(3),5(1),6(1),9(2),10(2),13(2),14(1)
419:1(1),4(1),5(1),7(1),8(1),9(2)
420:0(1),2(2),5(2),6(1),7(4),8(1),9(1),10(1),12(1),13(1),14(1)
421:3(1),4(1),5(1),6(1),7(2),8(3),10(1),11(2),12(1)
422:0(1),3(2),4(1),5(2),9(1),10(2),11(1)
423:0(1),1(1),4(1),5(3),6(1),7(3),8(1),9(2),10(1),12(2),13(1),14(1)
424:1(2),3(2),4(1),6(1),8(3),9(1),10(1),11(1),13(1),14(2)
425:3(2),5(1),6(1),7(2),8(2),9(1),10(1)
426:3(1),5(1),7(1),8(2),9(1),11(4),13(1),14(1)
427:0(1),4(2),6(2),9(1),10(2),11(3),13(1),14(1)
428:0(2),2(2),4(2),5(1),6(1),7(1),9(2),11(4)
429:0(1),1(1),4(1),7(1),9(1),10(1),14(1)
430:0(1),3(2),4(2),5(2),6(5),7(1),11(1),12(2),13(2),14(1)
431:3(1),4(1),5(2),6(1),7(1),10(2),11(2),12(1),13(1),14(2)
432:5(1),6(2),7(1),11(1),13(2),14(1)
433:0(2),2(1),6(1),7(1),8(1),10(2),14(2)
434:0(1),3(1),4(1),5(1),7(1),8(1),9(2),13(1),14(1)
435:0(1),2(2),3(1),5(1),6(2),7(1),9(1),10(2),11(2),12(2),13(3)
436:0(1),1(1),2(1),3(1),6(1),9(1),12(2),14(1)
437:0(1),2(1),4(1),6(1),7(1),8(1),9(2),10(1),11(2),12(1),13(1)
438:1(1),5(1),9(1),10(1),11(3),12(1),13(1)
439:0(1),4(1),6(1),7(1),10(1),11(1),13(2),14(1)
440:2(2),3(2),4(1),5(2),6(1),8(1),11(1),13(2),14(1)
441:3(1),4(1),6(2),7(1),10(1)
442:0(1),4(1),5(1),9(1),13(3),14(1)
443:0(2),8(3),10(2),11(3),12(1),14(1)
444:0(2),3(2),5(1),6(1),10(1),11(3)
445:0(1),2(1),3(1),4(2),7(2),9(2),10(2),11(3)
446:0(1),1(2),3(4),7(1),8(2),9(1),10(1),12(1),14(1)
447:0(2),3(1),5(2),6(2),9(3),10(1),11(2),12(1),14(1)
448:2(1),6(1),7(1),8(1),9(1),12(1)
449:0(2),2(1),3(1),4(1),5(2),7(1),13(2),14(1)
450:2(1),4(3),5(1),8(1),11(1),12(1),13(1)
451:0(2),1(1),5(1),8(2),9(3),11(1),13(1),14(1)
452:2(1),3(1),5(1),7(1),9(1),10(1),11(2),12(4),13(1),14(1)
453:0(2),1(2),2(1),3(1),4(2),6(1),11(1),13(1)
454:0(1),3(1),5(1),10(1),12(1),14(1)
455:0(2),1(1),3(2),5(2),7(1),8(1),13(1)
456:0(1),1(1),5(2),7(1),10(2),11(1),14(1)
457:1(1),3(2),4(2),8(2),9(1),12(1),13(1)
458:0(1),1(1),5(1),8(1),9(1),10(1),11(1),14(1)
459:0(1),5(2),7(1),10(1),11(2),12(1),14(1)
460:3(1),4(1),5(1),7(1),8(1),9(4),12(1),14(1)
461:0(2),2(1),3(3),6(1),8(1),10(1)
462:0(1),4(2),5(3),6(2),8(2),9(1),10(2),11(1),14(1)
463:0(2),3(2),4(1),5(1),6(1),7(1),8(1),9(1),11(1),12(2),13(2),14(1)
464:4(1),5(2),6(1),7(2),8(1),9(2),11(3),12(1),14(1)
465:0(1),3(1),5(1),6(1),7(1),10(1),11(2),13(2)
466:1(1),2(1),8(1),11(3),12(1),13(2),14(1)
467:0(1),1(1),2(1),10(1),12(1)
468:1(1),4(2),8(1),9(2),10(1),11(1),12(2)
469:0(3),1(1),2(1),3(1),5(2),6(1),9(1),11(2),12(1),13(1),14(1)
470:0(1),2(1),3(1),6(2),11(1),12(1),13(1),14(2)
471:0(4),4(1),7(1),8(1),9(1),10(1),11(2)
472:1(1),2(1),3(3),7(1),12(1),14(1)
473:0(1),2(2),6(4),10(1),12(1),13(1),14(2)
474:0(1),1(1),4(2),5(2),8(2),9(2),10(1),11(2),12(1),13(2),14(1)
475:0(1),2(1),4(1),6(3),7(2),9(1),10(1),11(1),14(1)
476:0(1),2(2),3(2),6(1),8(2),9(1),11(1)
477:3(1),4(1),12(1),13(1)
478:2(3),4(1),5(2),8(1),10(1),11(1),12(3),13(1)
479:0(1),2(1),4(1),10(2),11(1),13(1)
480:0(1),4(2),7(1),8(2),9(1),10(1),14(1)
481:2(1),6(1),13(2),14(1)
482:6(1),8(2),10(1),12(1),13(1)
483:0(1),3(1),9(1),10(1),11(1),13(1)
484:4(1),6(3),14(1)
485:0(1),4(3),7(1),8(1),10(2),11(2),12(2)
486:0(1),3(2),6(1),7(1),8(2),9(1),11(1),12(1),13(3)
487:4(1),6(1),7(1),9(1),11(1),12(2),13(1)
488:0(1),2(1),3(1),5(2),6(1),7(1),9(1),11(1),13(1)
489:2(1),5(1),6(2),7(1),9(1),10(1),11(1),13(1)
490:1(1),5(2),6(2),7(1),8(2),9(1),10(2),12(1),13(1),14(1)
491:1(1),3(1),4(1),5(1),7(1),9(1),12(1),13(2)
492:0(1),7(2),9(1),10(1),11(3),14(1)
493:0(1),10(1),12(1)
494:3(1),4(1),6(2),7(1),8(1),9(1),10(1),13(4),14(1)
495:0(1),1(1),3(1),4(4),7(2),9(2),10(1),11(2)
496:2(2),4(1),7(1)
497:0(1),4(1),5(3),6(1),7(1),9(1),13(1)
498:3(2),4(1),7(1),8(2),9(1),10(1),11(1),13(1)
499:4(1),6(1),10(1),14(1)
500:5(1),8(1),11(3),14(1)
501:0(1),3(1),6(1),7(1),11(1),12(1),13(2)
502:6(1),7(1),9(2),10(1),12(1)
503:0(1),2(2),6(1),8(2),10(2),13(1)
504:3(1),5(1),8(1),9(1),11(1),13(3),14(1)
505:0(1),3(1),4(1),5(1),6(1),9(2),11(1),12(3)
506:4(4),5(2),6(1),8(1),12(2),14(3)
507:0(2),6(1),8(1),10(2),12(1),14(1)
508:2(2),8(2),11(1),13(2),14(2)
509:0(1),3(1),5(1),7(1),8(1),9(1),13(2)
510:4(2),5(1),7(2),10(2),11(1),13(1)
511:3(2),6(1),9(2),10(1),11(3),13(1)
512:2(1),5(1),6(1),8(1),9(1),13(1)
513:2(1),3(2),5(1),6(1),8(6),9(3),11(2),12(1),13(1),14(1)
514:4(1),5(1),6(1),8(1),9(1),10(1),13(2),14(2)
515:3(1),6(3),10(2),13(1)
516:0(1),3(1),6(2),11(2),12(2)
517:0(2),3(1),4(1),9(3),10(3),11(1),14(1)
518:3(1),5(1),6(1),8(2),10(1),11(2),13(1),14(1)
519:4(1),5(1),6(1),8(1),9(1),10(1),12(1),14(1)
520:2(1),3(2),7(2),8(1),9(2),10(1),11(1)
521:1(1),6(1),10(1),11(1),13(1),14(2)
522:0(1),3(1),4(1),12(1),13(1),14(1)
523:0(1),9(1),13(1)
524:0(1),6(1),7(1),8(1),10(2),11(2),12(1)
525:3(1),4(2),5(1),6(1),9(1),10(1),11(2),13(2),14(2)
526:0(1),1(1),2(1),4(1),6(2),8(1),10(2),12(1)
527:3(1),4(1),6(1),7(1),10(1),11(1),12(1)
528:0(1),1(1),2(1),7(1),9(3),10(2)
529:0(1),2(1),6(1),7(1),8(1),9(1),12(1),13(1),14(1)
530:0(1),4(1),6(1),7(2),9(1),14(2)
531:2(1),3(2),5(1),6(1),7(2),9(1),12(1)
532:3(2),4(1),5(1),7(1),8(1),12(1)
533:2(1),4(1),5(1),6(1),8(1),9(1),11(1),14(1)
534:9(1),10(1),11(2)
535:1(1),3(3),5(1),7(2),9(1),11(1),12(1),14(1)
536:4(1),9(1),11(2),12(1)
537:0(1),2(1),3(2),4(1),8(1),9(1),10(1),11(1),12(1)
538:0(1),2(1),3(3),7(1),10(2),11(1),12(1),14(1)
539:1(2),4(1),5(1),6(1),8(1),9(1),10(2),11(1),13(2)
540:4(1),5(3),6(2),9(1),12(1),13(1)
541:0(3),2(1),3(2),4(2),5(2),6(3),7(1),8(1),9(1),10(1),11(3),13(1)
542:0(1),2(1),3(1),4(1),5(1),6(1),10(1),11(1),12(1)
543:0(1),1(2),3(1),5(1),6(2),8(1),10(1),12(1)
544:0(1),1(1),3(1),9(1),10(1),12(2),13(1)
545:2(1),3(1),7(2),8(1),10(1),13(1)
546:0(2),5(1),6(2),7(4),8(2),11(1),12(1)
547:0(1),3(2),6(2),7(1),11(1),13(2),14(1)
548:4(1),5(1),6(1),7(1),8(1),10(1),13(1)
549:0(2),4(2),5(1),6(1),7(1),8(1),10(1)
550:2(2),3(2),4(1),5(3),6(1),8(1),12(1),14(1)
551:2(1),3(1),6(1),8(1)
552:2(1),5(1),6(2),8(1),10(2),11(1),14(1)
553:0(1),3(1),4(4),5(3),11(1),14(1)
554:0(1),4(1),6(1),8(2),9(1),10(1),13(2),14(1)
555:1(1),2(1),5(1),9(1),12(2),14(1)
556:5(2),9(1),10(1),12(1),13(1)
557:0(2),1(1),3(1),6(1),7(1),9(4),10(1),11(1),13(1)
558:1(2),2(1),5(3),9(1),11(1),14(2)
559:0(1),1(1),2(1),4(1),6(1),7(2),8(3),10(1),12(1),14(1)
560:0(2),2(1),6(1),8(1),11(2),13(1),14(1)
561:2(1),3(1),12(1),14(1)
562:1(1),3(1),5(2),7(1),8(1),10(2)
563:3(1),4(1),6(1),12(3),13(1),14(1)
564:0(1),4(2),7(1),8(2),9(1),10(2),13(2)
565:4(1),5(1),6(1),8(1)
566:4(1),6(1),10(1),11(2),12(1)
567:1(1),2(1),3(2),5(2),6(1),8(2),10(2),12(1),14(1)
568:0(1),4(2),6(1),7(2),10(1),13(3),14(2)
569:2(1),10(1),14(1)
570:0(1),6(2),9(1),12(3),14(1)
571:3(1),6(1),7(2),10(1),11(1),12(1),14(1)
572:0(3),1(1),3(1),4(2),5(2),6(1),7(1),12(4)
573:0(1),2(1),3(1),6(1),8(1),11(1),13(1)
574:3(2),10(1)
575:4(2),5(1),6(1),7(1),8(2),9(1),10(1),11(1),12(1),13(2),14(1)
576:1(1),3(1),4(1),7(2),10(1),11(1),13(1),14(2)
577:3(1),6(1),11(1)
578:4(1),5(1),6(1),7(1),8(1),10(1),11(1),12(1),13(1),14(1)
579:2(1),7(1),8(1),9(1),10(1),14(2)
580:1(1),3(2),5(1),7(2),8(1)
581:2(2),7(1),9(1),10(1),13(1)
582:0(2),2(2),6(2),7(2),8(1),9(2),13(2),14(1)
583:0(1),1(1),6(1),14(1)
584:2(1),3(1),4(1),5(2),6(1),10(1)
585:0(2),4(2),12(1)
586:1(1),2(1),3(1),5(1),8(1),10(2),12(1),13(1)
587:5(1),6(2),8(1),11(1),12(1)
588:0(3),1(1),3(1),6(1),7(1),8(1),10(2),14(1)
589:1(1),2(1),4(2),6(1),8(1),9(3),11(1),12(1),13(1)
590:6(1),7(1),8(1),10(1),11(1),12(2)
591:0(2),2(1),5(2),8(2),9(1),14(2)
592:6(1),8(1),11(1),12(2),14(2)
593:3(1),5(1),6(1),7(1),8(1),14(1)
594:0(1),1(1),4(1),5(2),6(1),8(1),9(1),10(1),14(1)
595:0(2),1(2),6(1),7(1),9(1),10(1),13(1),14(2)
596:4(1),8(1),9(1),10(1),11(1)
597:1(1),4(1),6(5),10(1),11(2)
598:0(1),4(2),7(1),9(1),10(1),13(2),14(1)
599:0(1),5(2),6(2),7(1),9(1),10(1)
600:0(1),2(4),4(2),6(1),7(1),8(1),9(1),10(1),11(2)
601:0(3),1(2),3(2),5(2),8(1),9(2),11(1),12(1),13(1),14(1)
602:6(4),9(1),10(1),13(1),14(1)
603:0(2),3(2),4(1),5(1),8(1),9(1),11(1),12(1),13(1)
604:0(1),4(1),6(3),7(1),8(1),9(2),10(1),11(1),12(1)
605:0(1),1(2),2(1),5(1),6(1),7(1),10(4),11(1),13(1)
606:1(1),6(1),7(1),8(1),9(1),10(1),11(1),13(2),14(1)
607:0(1),3(1),8(2),10(1),11(2),13(1),14(1)
608:3(1),6(1),7(2),11(1),12(4)
609:2(1),4(1),10(1),11(1),12(1)
610:0(1),4(2),7(2),8(4),11(1),13(1)
611:9(2),11(1),13(1)
612:1(1),2(2),3(1),4(1),5(1),7(1),10(1),11(1),13(2),14(2)
613:4(1),5(1),9(1),13(1),14(1)
614:3(1),4(3),6(2),8(1),10(1),12(1),13(2)
615:0(2),1(1),2(1),4(1),6(2),7(2),8(1),11(1),13(1)
616:0(2),1(1),3(2),4(1),5(1),6(1),7(2),8(1),9(1),10(2),12(1)
617:2(1),7(2),8(2),12(2)
618:4(1),6(1),7(1),8(2),11(1),13(2),14(1)
619:1(1),7(1),8(2),9(1),10(1),11(1),13(1),14(1)
620:1(1),7(3),8(1),9(1),10(2),13(1),14(1)
621:1(1),5(1),8(1),9(1),11(1),13(2)
622:0(1),1(1),3(1),10(1),11(1),12(2),14(1)
623:5(1),8(3),11(1),13(1),14(1)
624:2(1),4(2),6(2),7(2),8(2),9(1),10(1),12(3)
625:1(1),4(2),10(1),12(1),13(1)
626:0(1),1(1),2(1),4(1),5(1),6(1),9(1),11(1),12(1)
627:0(1),2(1),5(3),8(1),9(1)
628:3(1),6(1),13(3)
629:0(1),6(1),7(1),11(3),14(1)
630:2(1),3(2),4(1),5(1),9(1),10(3),12(1),14(1)
631:3(1),4(2),10(2),12(1),14(1)
632:1(1),2(1),3(1),5(1),7(2),8(1),9(2),10(3),11(1),13(1)
633:0(1),9(1),10(1),11(1)
634:2(1),6(1),7(1),9(1),10(1),11(1),13(1)
635:0(1),3(2),6(1),8(1),9(2),12(1),14(1)
636:0(1),1(2),10(1),11(1),12(1),13(1)
637:0(1),2(1),6(1),7(2),8(1),12(1)
638:3(1),4(2),6(1),10(1)
639:1(1),4(1),5(1),6(2),8(1),9(2),11(2),12(2),13(2),14(2)
640:1(1),11(1),12(1),13(2)
641:0(2),4(1),5(1),7(1),8(1),9(2),11(1),12(2),13(1)
642:0(1),3(1),4(1),6(1),8(1),9(1),10(2),11(1),13(1),14(1)
643:0(1),3(1),5(1),10(1),11(1),12(1),13(3)
644:0(1),2(2),7(2),8(2),10(1),12(2)
645:0(1),1(2),3(1),6(1),7(2),9(1),10(1),12(1),14(3)
646:3(2),7(1),8(1),9(1),12(2),13(1)
647:5(1),7(2),8(2),9(1),12(1),14(2)
648:0(2),3(2),4(1),6(1),9(1),14(1)
649:2(2),4(2),5(2),6(1),7(1),9(1),11(1),12(4),14(2)
650:3(1),6(2),7(1),11(1),13(1),14(1)
651:3(1),6(3),10(2),12(1),13(1)
652:4(1),6(2),7(2),13(1),14(2)
653:2(1),3(2),4(1),6(1),9(2),10(1),14(1)
654:1(1),6(2),7(1),9(1),11(1),14(2)
655:4(1),5(1),8(1),11(1),13(1)
656:5(2),6(2),7(2),9(1),11(1),12(1),13(1)
657:0(1),3(1),4(1),5(1),6(1),8(1),10(1),11(1),13(1)
658:3(1),6(1),7(1),8(2),14(1)
659:1(1),3(1),4(2),5(1),7(2),8(1),10(1),11(1),13(1),14(2)
660:2(1),5(1),9(2),10(1)
661:0(1),7(1),10(2),12(2),13(2)
662:5(1),6(1),7(1),11(1),13(1)
663:0(1),3(1),6(1),8(1),9(1),10(3)
664:0(1),4(1),5(1),6(1),7(1),12(2),13(1)
665:6(1),7(1),8(1),9(1),10(1),12(1)
666:8(1),9(1),13(1),14(1)
667:0(1),6(1),9(1),13(1)
668:0(2),2(1),4(2),7(1),13(1),14(1)
669:3(2),5(1),6(1),11(2),13(1),14(1)
670:5(1),9(1),12(1),14(1)
671:3(1),4(1),8(4),12(1)
672:0(1),3(1),6(1),7(1),8(1),11(1),13(1),14(2)
673:1(1),2(1),8(1),9(1),14(2)
674:0(1),6(1),7(1),8(1),10(1),11(2),12(1),13(1)
675:7(1),12(1),13(1)
676:0(1),6(1),8(2),13(1),14(1)
677:0(1),1(1),4(2),5(1),11(1),12(1)
678:5(2),8(2),9(1),11(3)
679:0(1),7(1),8(1),10(1),12(2),13(2),14(3)
680:0(3),1(1),5(2),8(1),10(1),12(1),13(2)
681:2(1),10(1),13(1)
682:1(1),2(1),5(1),9(2),11(2)
683:0(1),1(1),3(1),4(1),5(1),6(1),7(1),8(3),12(1),13(1)
684:4(2),7(2),10(1)
685:2(1),4(1),5(1),6(2),7(1),9(1),10(1),11(3),12(1)
686:0(1),4(1),6(1),7(2),8(2),10(1),11(2)
687:1(1),2(1),3(1),4(2),8(2),9(2),10(1),11(2),12(1)
688:4(1),5(1),7(1)
689:0(1),2(1),3(1),10(2),11(1),12(1)
690:4(1),6(2),7(1),13(1)
691:2(2),3(1),4(1),10(1),12(1),13(2),14(1)
692:0(1),1(1),3(1),6(1)
693:0(1),2(1),4(1),5(2),9(3),10(2)
694:3(1),4(1),5(2),7(1),11(2),14(1)
695:1(1),2(1),5(1),6(1),7(2),8(1),9(1),12(2),14(2)
696:3(1),4(1),5(1),7(1),9(2),12(2),14(1)
697:3(1),4(1),5(2),9(2)
698:4(1),5(2),6(2),7(1),8(2),9(1),10(3),11(1),13(1)
699:0(1),2(1),3(1),8(1),9(1),10(1),11(2),12(1),13(1),14(1)
700:3(1),4(1),5(1),6(1),7(2),9(1),10(1),13(1),14(1)
701:0(2),2(1),3(1),4(1),5(2),6(1),7(1),8(1),10(2),12(1),14(1)
702:3(2),4(1),5(1),6(1),8(2),9(2),13(2),14(1)
703:3(3),11(1),14(1)
704:0(1),3(2),10(1),11(1),12(1),13(2),14(3)
705:4(2),7(1),9(2),10(1),11(2),12(1),14(1)
706:0(1),4(1),5(2),6(1),7(2),12(2)
707:0(3),2(1),4(1),7(2),9(1),10(1),13(1),14(1)
708:2(1),3(1),8(1),9(2),11(1),14(1)
709:0(1),2(1),3(1),4(3),10(1),14(1)
710:0(2),1(2),3(1),4(2),12(1)
711:0(1),6(2),9(2),12(1)
712:4(1),7(1),8(1),13(1)
713:0(1),5(1),6(1),11(1)
714:0(1),1(1),3(1),4(2),7(1),11(1),12(2)
715:0(1),4(1),5(1),12(1),13(1),14(1)
716:0(1),1(1),2(1),4(1),5(1),6(1),7(1),8(1),9(1),13(2)
717:1(1),2(2),3(1),4(1),5(2),6(1),11(1)
718:0(1),1(1),4(3),8(2),10(1),12(1),14(2)
719:2(2),8(1),10(2),13(3),14(1)
720:0(1),5(1),9(2),10(1),11(1),13(1)
721:0(1),4(1),6(1),7(1),9(1),10(1),13(2)
722:0(1),1(1),2(1),4(1),6(1),9(1),10(2),11(1),12(1)
723:0(1),1(1),5(1),6(1),7(1),8(1),10(1),11(1),12(1)
724:3(1),5(1),6(1),7(2),8(1),9(2),11(1),12(1)
725:0(2),1(1),6(1),8(2),11(1),12(2),13(2),14(1)
726:1(1),4(1),5(1),7(1),12(1),13(2),14(1)
727:0(1),4(1),5(1),8(1),13(3),14(2)
728:0(1),2(1),6(1),8(1),9(1),12(2)
729:0(1),5(2),6(1),7(1),9(2)
730:1(1),5(1),8(1),9(1),11(1),12(2),13(1)
731:7(1),10(2)
732:1(1),4(1),5(1),7(1),8(1),10(1),11(2),12(4)
733:0(1),2(1),3(1),5(1),7(1),10(1),11(1),12(1),14(3)
734:0(2),1(2),4(1),7(1),10(1),13(1),14(1)
735:0(2),3(1),9(1),11(2),12(3),13(1),14(2)
736:9(1),11(1),14(1)
737:0(1),2(1),5(2),7(1),10(1),11(1),12(1),13(1),14(1)
738:3(1),6(1),9(1),10(1),13(1)
739:3(1),4(5),6(1),11(2),12(1)
740:5(1),9(1),12(1),13(1)
741:0(3),2(1),8(1),10(2),12(1),14(2)
742:0(1),1(1),2(1),3(2),6(1),8(2)
743:0(1),1(1),3(2),4(1),5(2),9(2),12(2)
744:0(1),3(1),10(1),13(1)
745:1(1),4(1),5(2),6(1),9(1),11(1),14(1)
746:2(1),5(3),8(1),12(1),13(1),14(1)
747:3(1),10(1),11(1),12(1)
748:0(1),7(2),11(2)
749:1(2),4(1),11(1),12(2)
750:2(1),5(2),8(1),9(1)
751:2(1),3(2),5(1),6(1),7(1),8(1),9(1),11(2),12(1),13(1)
752:1(1),10(2),13(2)
753:1(2),6(1),7(1),9(1),11(1),12(2)
754:0(1),3(1),4(1),5(1),8(1),10(1)
755:0(1),5(1),11(1),12(1),13(1),14(2)
756:0(1),2(1),4(1),5(1),11(1),13(1)
757:1(1),2(2),6(1),10(1),12(1),14(1)
758:0(1),2(1),5(1),6(1),12(1)
759:1(1),4(1),5(1),6(2),7(2),8(2),12(1),14(1)
760:0(1),7(1),8(1),10(2),11(1)
761:0(1),6(1),9(1),11(1)
762:0(1),1(1),2(1),4(1),8(1)
763:2(2),9(1),13(1)
764:3(1),7(1),8(1),13(1)
765:4(1),5(1),6(1),9(1),14(1)
766:1(1),11(1),13(1),14(1)
767:1(1),2(1),3(1),5(2),11(1)
768:1(2),2(1),3(1),7(1),13(1)
769:0(1),1(1),5(1),10(1),12(1)
770:4(1),6(1),11(1)
771:7(1),8(1),14(1)
772:0(2),6(1)
773:2(1),3(1),5(1),6(1),11(1),13(2),14(1)
774:1(1),2(1),4(1),5(1),7(2),11(1),12(1)
775:0(1),5(1),8(1),9(1),10(1),14(1)
776:7(1)
777:3(1),7(1),9(1),10(1),13(1)
778:2(1),4(1),7(2)
779:1(1)
780:12(1)
781:4(1)
782:0(2),1(2),8(2),14(1)
783:13(1)
784:11(1)
785:1(1),6(1)
787:0(1),1(1),2(1),3(1),7(1),9(1)
788:8(1),14(1)
789:12(1),14(1)
790:1(1),8(1),9(1),10(1)
791:10(1)
792:3(1),5(1)
793:5(1),12(1),14(1)
794:7(1),9(1),10(1)
795:1(1)
796:1(1),2(1),5(2),6(2),9(1)
797:9(1)
798:1(1),6(1),7(1)
799:11(1)
800:0(1)
801:3(1),8(1),14(1)
802:12(1)
803:1(1),4(2),5(2),6(1)
804:4(1)
805:0(1),1(1)
806:2(1)
807:2(1)
809:2(1),9(1),11(1),13(1)
810:2(1),4(2),6(1),8(1),12(1)
811:6(1)
812:2(1),3(1),5(1),7(1),8(1),10(1)
813:1(1),11(1),14(2)
814:2(1),3(1),6(1),13(1)
815:8(1)
816:2(1),12(1)
817:8(1)
818:10(1)
819:7(1)
820:2(1),10(1),13(2)
822:2(1),8(1),10(1)
823:3(1),10(1)
824:9(1)
825:4(1),14(1)
826:9(1)
827:7(1)
828:4(1),11(1)
830:2(1),9(1),14(1)
831:2(2),8(1)
832:10(1)
833:5(1),8(1),10(1)
835:4(1)
836:13(1)
837:5(1)
838:1(1)
839:0(1),2(2),14(1)
840:1(1),8(1)
841:3(1),6(1),10(1)
842:12(1)
844:14(1)
845:1(1)
846:0(1),2(1)
847:9(1)
848:3(1),11(1)
851:2(1),4(1)
852:1(1),2(1),9(1)
853:4(1)
854:1(1)
855:8(1)
856:2(1),5(1)
857:6(1)
859:1(1),8(2)
860:6(1)
861:1(1),2(1),6(1)
862:1(2),8(1)
863:4(1)
864:2(1),11(1),12(1)
865:1(1)
866:5(1),12(1)
867:13(1)
870:1(1),2(1)
871:1(1)
872:1(1),9(1)
874:2(1),6(1),10(1)
875:1(1),2(1)
876:2(1),7(1),12(1)
877:11(1),12(1)
878:1(2)
880:1(1),2(1)
881:1(1),2(1)
882:3(1),4(1),5(1)
884:1(2),2(1),3(1)
885:1(1),14(1)
886:0(1),2(1),5(1),8(1)
889:0(1)
890:10(1)
891:2(1)
892:2(3)
894:2(1),6(1)
895:10(1)
896:1(4),4(1)
897:1(1)
898:1(1),10(1),14(1)
901:1(1),2(1)
902:2(1)
903:0(1)
907:4(1)
908:1(1)
912:2(1)
914:1(1)
915:2(2)
916:1(1),2(1)
917:13(1)
919:2(1)
920:2(1)
921:2(1),14(1)
922:2(1),9(1)
923:1(1)
924:1(1),2(1)
927:1(1),2(1)
931:2(1)
933:2(1)
934:2(1)
935:1(1)
941:1(1)
942:2(2)
943:1(1)
945:2(1)
946:1(1)
948:1(1)
950:2(1)
952:1(2)
953:7(1)
954:1(1),2(1)
961:1(1),2(2)
962:14(1)
963:2(1)
964:1(1)
965:1(1)
966:2(1)
968:1(1)
970:1(2)
971:2(1)
973:2(1)
977:1(1)
978:1(1)
980:2(1)
983:1(1)
984:2(1)
985:1(1)
987:1(1),2(1)
991:2(1)
992:1(1)
993:1(2)
994:2(1)
995:1(1)
998:1(1)
999:2(1)
1001:1(1),2(1)
1002:2(1)
1004:1(1),2(1)
1006:1(1)
1007:1(1)
1009:2(1)
1010:1(1)
1011:1(1),2(1)
1012:1(1),2(1)
1014:1(1)
1015:1(1)
1016:2(1)
1019:1(1),2(1)
1021:1(1)
1025:1(1)
1028:2(1)
1031:2(1)
1033:1(1)
1034:2(1)
1036:1(1)
1037:1(1)
1043:2(2)
1044:2(1)
1046:1(1)
1048:1(1)
1050:2(1)
1051:1(1),2(1)
1058:1(1)
1059:2(1)
1060:1(1)
1064:1(2)
1065:2(1)
1066:2(1)
1067:1(1)
1072:2(1)
1073:1(1),2(1)
1077:1(1)
1079:1(1)
1080:2(2)
1081:1(1),2(2)
1085:2(1)
1087:1(1)
1089:1(1)
1090:2(1)
1095:1(1),2(1)
1096:2(2)
1097:2(1)
1098:2(1)
1101:2(1)
1103:2(1)
1104:2(1)
1105:1(1)
1107:2(1)
1109:2(1)
1111:1(1)
1112:2(1)
1113:1(1),2(1)
1114:2(2)
1117:1(1)
1122:1(1)
1123:2(1)
1124:2(1)
1125:2(1)
1127:1(1),2(2)
1128:1(1)
1129:1(4),2(2)
1130:2(1)
1132:2(2)
1133:1(1)
1134:2(1)
1138:1(1)
1140:2(1)
1142:1(1)
1143:1(1)
1144:2(2)
1145:2(1)
1147:1(1),2(1)
1149:1(1)
1150:1(1)
1153:2(1)
1154:1(1)
1156:1(1),2(2)
1157:2(2)
1158:2(1)
1159:2(1)
1160:1(1)
1161:1(2),2(1)
1166:1(1)
1167:2(2)
1168:2(1)
1172:2(2)
1173:2(1)
1174:1(1)
1176:2(1)
1179:2(2)
1183:2(1)
1185:2(2)
1187:1(2)
1188:1(1),2(1)
1190:1(1)
1192:2(1)
1193:2(1)
1199:2(1)
1200:1(1)
1201:1(1)
1204:1(1)
1205:2(2)
1206:2(1)
1208:2(1)
1217:1(1)
1219:1(1),2(1)
1224:2(1)
1226:2(1)
1228:1(1)
1229:1(1)
1231:1(1)
1237:2(2)
1238:2(1)
1239:1(1)
1240:1(1)
1243:2(1)
1244:1(1)
1248:1(2)
1250:1(1)
1252:2(1)
1254:1(1)
1256:2(1)
1258:2(1)
1262:1(2)
1263:1(1)
1265:1(1)
1266:1(1)
1267:2(1)
1268:2(2)
1271:1(1)
1272:1(1)
1274:2(1)
1275:1(1)
1276:1(1),2(1)
1277:1(1)
1278:1(1)
1279:1(1)
1280:2(1)
1281:2(1)
1282:1(1)
1283:1(1),2(1)
1287:2(1)
1291:2(1)
1292:2(1)
1294:1(2)
1295:2(1)
1298:1(1)
1299:1(1),2(1)
1300:2(1)
1302:1(1)
1304:1(1)
1310:2(2)
1312:2(1)
1313:2(1)
1314:2(1)
1315:1(2)
1316:1(1)
1319:1(1)
1320:1(1)
1328:1(1),2(1)
1331:2(1)
1332:1(1)
1335:1(1),2(1)
1336:1(2),2(1)
1338:2(1)
1340:2(1)
1342:1(1)
1344:1(1)
1347:2(1)
1348:2(1)
1349:2(1)
1351:2(1)
1355:2(1)
1357:1(1),2(1)
1358:1(2),2(1)
1359:2(1)
1360:2(1)
1361:1(2)
1362:1(1)
1363:1(2),2(1)
1364:1(2)
1365:2(1)
1366:1(1),2(1)
1367:2(2)
1368:2(1)
1369:1(1),2(1)
1375:1(1),2(1)
1377:1(1)
1379:1(1)
1380:1(1)
1381:2(1)
1382:2(1)
1383:2(1)
1385:2(1)
1386:2(1)
1390:2(1)
1391:2(1)
1397:2(1)
1398:2(1)
1399:2(1)
1400:2(1)
1401:1(1),2(1)
1402:1(1),2(1)
1403:1(1)
1404:1(1)
1406:2(1)
1407:1(1)
1408:1(2),2(1)
1409:2(1)
1410:1(1)
1414:2(1)
1415:1(1)
1417:1(2)
1418:1(1),2(2)
1421:2(2)
1422:1(1),2(1)
1423:2(1)
1425:2(1)
1428:1(2)
1429:1(1),2(1)
1432:1(2)
1433:2(1)
1436:1(1)
1440:1(1),2(1)
1441:1(1)
1444:2(1)
1456:2(1)
1457:2(1)
1459:2(1)
1461:1(1)
1465:2(1)
1471:1(1)
1473:1(1)
1474:1(2)
1475:1(1)
1476:2(1)
1478:1(1)
1482:1(3)
1483:2(1)
1486:1(1)
1488:1(1),2(2)
1489:1(1)
1490:1(1)
1492:2(1)
1494:2(1)
1500:2(1)
1502:2(1)
1503:1(1),2(1)
1505:1(1)
1507:1(1)
1510:1(1)
1511:2(1)
1514:1(1)
1516:2(1)
1519:2(1)
1521:1(2)
1524:2(1)
1531:2(3)
1532:1(1),2(1)
1535:1(1)
1538:1(1)
1542:1(1),2(1)
1543:1(1),2(1)
1550:1(1)
1552:1(1)
1553:1(1)
1554:2(1)
1555:2(2)
1559:2(2)
1560:2(1)
1562:1(1),2(1)
1564:1(1)
1566:1(1),2(1)
1567:2(1)
1568:2(1)
1569:2(1)
1574:1(1)
1575:2(1)
1576:1(1)
1578:2(1)
1579:2(1)
1582:1(1)
1584:2(1)
1586:1(1)
1588:2(1)
1591:1(1)
1593:1(1)
1595:1(2),2(1)
1597:2(1)
1601:1(1)
1605:1(1)
1608:2(1)
1619:2(2)
1620:1(1),2(2)
1622:1(1),2(1)
1626:1(1)
1627:1(3)
1630:1(2),2(1)
1631:2(1)
1634:1(3)
1636:1(1)
1637:1(2)
1642:1(1)
1643:2(1)
1644:2(1)
1648:1(1)
1649:1(1)
1651:2(1)
1653:2(1)
1654:2(1)
1658:1(1)
1660:2(1)
1662:2(1)
1663:2(1)
1664:1(1)
1666:1(1)
1668:2(1)
1669:2(1)
1671:1(1)
1672:2(1)
1678:2(1)
1680:2(1)
1682:2(1)
1684:2(1)
1687:2(1)
1691:2(2)
1692:1(2),2(1)
1694:2(1)
1695:1(2),2(1)
1698:1(1)
1702:1(2)
1703:1(1)
1705:2(1)
1706:2(1)
1709:2(1)
1713:2(2)
1715:2(1)
1717:2(1)
1719:1(2)
1720:2(1)
1724:2(1)
1729:1(2),2(1)
1733:2(1)
1734:1(1),2(2)
1739:2(1)
1740:1(1)
1741:1(1)
1742:1(1)
1743:1(1)
1745:1(1),2(1)
1747:2(1)
1748:1(1)
1749:1(3)
1751:1(1)
1752:1(1)
1754:2(1)
1756:2(1)
1758:2(1)
1759:1(1)
1760:1(1),2(1)
1761:2(2)
1762:1(1)
1764:2(1)
1767:1(1),2(1)
1769:2(1)
1770:2(1)
1772:2(1)
1773:1(1),2(1)
1775:2(1)
1776:2(1)
1780:1(1)
1781:1(1),2(1)
1784:2(1)
1786:2(1)
1788:2(1)
1789:2(2)
1791:1(2)
1792:2(1)
1793:2(1)
1795:1(1)
1796:2(1)
1798:2(1)
1800:1(1)
1801:2(1)
1802:1(2)
1803:1(1)
1804:2(1)
1805:1(2)
1806:2(1)
1808:2(1)
1811:1(1)
1814:1(1)
1816:1(1),2(2)
1820:2(1)
1821:1(1)
1822:1(2)
1824:1(1)
1825:2(1)
1826:2(1)
1829:1(2)
1830:1(1)
1833:2(1)
1835:1(1),2(1)
1836:2(1)
1838:1(1)
1839:1(2)
1842:2(1)
1846:2(1)
1851:2(1)
1852:2(1)
1855:1(1)
1856:1(1),2(1)
1859:1(1)
1862:2(1)
1866:1(1)
1867:1(1)
1868:1(1)
1870:1(1)
1871:2(1)
1873:2(1)
1876:2(1)
1878:2(1)
1879:1(1)
1884:1(1)
1885:2(1)
1886:1(1),2(1)
1889:1(2)
1890:2(1)
1892:1(1)
1894:1(2)
1897:2(1)
1898:2(1)
1905:2(2)
1906:2(1)
1908:1(1),2(1)
1909:1(1)
1910:2(1)
1912:2(1)
1913:1(1)
1914:2(1)
1915:1(1)
1916:1(1)
1917:1(1),2(2)
1925:1(1)
1927:1(2),2(2)
1928:2(1)
1929:2(1)
1932:2(1)
1934:1(2)
1935:2(1)
1937:2(1)
1940:1(2),2(3)
1941:2(1)
1942:2(2)
1943:2(1)
1946:1(1)
1947:1(1)
1948:2(2)
1953:2(1)
1955:1(1)
1957:1(2),2(1)
1958:1(1)
1960:1(1)
1961:1(1)
1964:1(1)
1966:1(1),2(1)
1973:1(1),2(1)
1974:1(1),2(1)
1975:1(1)
1976:2(1)
1979:1(1),2(1)
1980:1(1)
1981:1(2),2(2)
1984:1(1)
1985:1(1)
1987:2(1)
1989:1(1)
1991:1(1),2(1)
1992:1(1),2(1)
1997:2(1)
1998:1(2)
1999:1(2)
2000:1(1)
2003:1(1)
2005:2(1)
2006:2(2)
2007:1(1)
2008:2(1)
2009:2(2)
2010:1(1)
2013:2(1)
2015:1(1)
2018:2(1)
2019:1(1)
2020:1(1)
2023:1(1),2(1)
2024:1(1)
2027:2(1)
2028:1(1)
2029:1(1)
2031:1(1),2(1)
2032:2(1)
2035:2(2)
2036:1(1)
2038:2(2)
2043:2(1)
2044:1(2)
2050:1(1)
2052:1(1)
2053:1(1)
2054:2(1)
2055:2(1)
2058:1(1),2(1)
2059:1(2),2(1)
2060:1(1),2(1)
2063:2(1)
2064:2(2)
2065:1(1)
2066:2(1)
2071:2(1)
2074:1(1),2(1)
2076:1(1),2(1)
2078:2(1)
2084:2(1)
2088:1(1),2(1)
2090:1(1)
2093:1(1)
2095:2(1)
2098:1(1)
2103:2(1)
2106:1(1),2(1)
2112:2(1)
2113:2(1)
2114:2(1)
2115:2(1)
2116:1(1)
2118:2(1)
2119:1(1)
2122:1(2)
2124:2(1)
2126:2(1)
2129:2(1)
2130:2(1)
2131:1(1),2(1)
2132:2(1)
2133:2(1)
2144:2(1)
2146:2(4)
2147:2(1)
2153:1(1)
2154:2(1)
2157:1(1)
2159:1(1),2(2)
2161:1(1),2(1)
2164:1(1),2(1)
2165:2(1)
2166:1(1)
2168:2(1)
2170:1(1),2(1)
2172:2(1)
2173:2(1)
2175:1(1),2(2)
2176:1(1),2(1)
2177:2(1)
2180:1(1)
2181:1(1),2(1)
2183:1(1)
2184:2(1)
2185:2(1)
2186:2(1)
2187:1(1)
2188:2(1)
2190:1(1)
2191:1(1)
2196:1(1)
2197:2(3)
2199:1(1)
2201:2(1)
2202:1(2)
2204:2(2)
2208:2(1)
2209:1(1)
2213:1(1),2(1)
2215:1(1)
2218:1(1)
2219:1(2)
2222:1(2)
2229:2(2)
2230:2(1)
2231:2(1)
2234:2(1)
2236:2(2)
2239:2(1)
2243:1(1)
2245:1(1)
2248:2(1)
2249:1(1)
2255:1(1)
2256:2(1)
2257:1(1)
2258:1(2)
2259:2(1)
2260:2(1)
2261:1(1)
2263:1(1),2(1)
2266:1(1)
2272:2(1)
2273:1(1)
2279:1(1)
2283:2(1)
2285:1(2),2(1)
2287:1(1)
2289:1(1)
2290:1(1),2(2)
2295:2(2)
2296:2(1)
2297:2(1)
2302:1(1)
2303:2(1)
2304:1(2),2(1)
2306:2(1)
2308:2(1)
2310:2(1)
2311:2(3)
2312:1(1)
2314:2(1)
2315:2(1)
2318:1(1),2(1)
2320:2(2)
2321:2(2)
2324:1(1),2(1)
2326:2(1)
2327:1(1)
2330:2(1)
2332:1(2)
2333:2(1)
2336:1(1)
2340:1(1),2(1)
2342:1(1)
2346:1(1)
2348:2(1)
2349:1(1)
2350:1(2)
2352:2(1)
2353:2(2)
2355:1(2),2(2)
2356:2(1)
2359:1(1),2(1)
2361:1(1)
2362:2(1)
2363:2(1)
2368:2(1)
2369:2(1)
2372:2(1)
2373:2(2)
2377:1(1)
2378:1(1)
2380:1(1),2(1)
2381:1(2)
2383:1(1)
2387:1(1)
2388:2(1)
2389:2(1)
2390:1(1)
2391:2(1)
2393:2(1)
2394:1(1),2(1)
2398:1(1),2(2)
2399:1(1)
2400:1(2)
2401:2(2)
2402:1(1)
2405:1(2)
2408:1(2)
2410:2(1)
2412:1(1),2(1)
2413:1(1),2(1)
2416:1(1),2(1)
2417:1(1),2(1)
2418:1(1),2(2)
2419:2(1)
2420:1(1)
2423:1(2)
2428:2(2)
2431:1(1)
2432:1(1)
2433:2(1)
2435:1(1)
2439:1(1)
2441:1(1)
2442:1(1),2(1)
2444:2(1)
2446:2(1)
2448:2(1)
2450:1(1)
2456:1(1)
2458:1(2),2(1)
2459:1(1)
2464:2(1)
2465:1(1),2(1)
2466:1(1)
2468:1(1)
2470:2(1)
2471:2(2)
2472:2(1)
2473:1(1)
2474:2(1)
2475:1(1),2(1)
2476:1(1)
2478:1(2)
2480:2(2)
2483:1(2)
2484:1(1),2(2)
2485:1(1),2(1)
2486:2(1)
2487:2(1)
2488:1(2),2(1)
2489:1(1)
2490:1(1)
2491:2(2)
2495:1(1)
2497:1(1)
2499:1(3)
2500:2(1)
2501:2(1)
2502:1(2),2(1)
2505:2(1)
2506:1(1),2(1)
2509:1(1)
2510:1(1)
2511:1(2)
2512:1(1)
2516:2(1)
2518:2(1)
2524:1(3)
2526:1(1)
2527:1(1)
2528:1(1)
2529:1(2)
2531:2(1)
2532:2(1)
2534:2(2)
2535:1(1)
2537:1(2)
2538:1(1)
2539:1(1)
2541:1(1)
2543:2(1)
2547:1(1)
2548:1(1)
2550:2(1)
2551:1(1)
2552:2(1)
2553:2(1)
2555:1(1),2(1)
2556:1(1),2(1)
2557:1(1)
2559:1(2),2(1)
2560:2(2)
2562:1(1)
2564:1(1),2(1)
2566:1(1)
2567:1(1),2(1)
2568:2(1)
2569:2(1)
2572:2(1)
2573:1(1),2(1)
2578:2(1)
2579:1(1),2(1)
2580:2(1)
2581:2(2)
2583:2(1)
2584:2(1)
2586:2(1)
2587:2(1)
2590:1(1)
2591:2(1)
2592:1(1)
2596:2(1)
2597:1(1)
2598:2(2)
2605:2(1)
2609:2(2)
2612:1(1),2(2)
2613:2(1)
2617:2(1)
2620:1(1),2(1)
2623:1(1),2(1)
2625:1(1)
2629:1(1)
2630:1(1),2(1)
2633:2(1)
2635:2(1)
2639:2(1)
2640:1(1)
2641:1(1)
2645:2(1)
2648:1(1)
2649:2(1)
2650:1(1)
2653:1(1)
2656:2(1)
2657:2(1)
2658:1(1)
2660:1(1)
2661:1(2)
2663:2(1)
2665:1(1)
2667:1(1)
2668:2(1)
2672:1(1)
2674:1(1),2(1)
2675:1(1)
2676:1(1)
2677:1(1)
2678:2(1)
2680:2(1)
2683:2(2)
2685:1(2),2(1)
2687:2(1)
2688:1(1),2(1)
2690:1(1),2(1)
2691:2(2)
2692:2(2)
2693:2(2)
2694:1(1),2(1)
2698:1(1)
2699:2(1)
2701:2(1)
2702:1(1)
2703:2(1)
2704:1(1)
2705:1(1)
2708:2(1)
2710:1(1)
2713:1(1),2(1)
2717:1(1)
2718:2(1)
2720:1(1)
2721:1(1)
2722:1(1)
2725:1(3)
2728:1(1),2(1)
2730:1(1)
2733:2(1)
2734:1(1)
2737:2(1)
2740:1(1),2(1)
2743:2(1)
2752:2(1)
2753:2(1)
2756:2(1)
2760:2(1)
2761:1(1)
2763:2(1)
2766:2(1)
2767:2(1)
2768:1(1),2(1)
2772:2(1)
2774:2(1)
2775:1(1)
2777:1(1)
2778:1(1)
2779:1(1)
2782:2(1)
2787:1(1)
2788:2(1)
2790:1(1)
2791:1(1)
2793:1(1),2(1)
2795:2(1)
2802:1(1),2(1)
2803:2(1)
2806:2(2)
2810:2(3)
2811:1(2)
2813:2(1)
2817:1(2)
2818:1(1)
2819:1(2)
2820:2(1)
2824:1(1),2(2)
2825:2(1)
2827:1(2)
2831:2(1)
2832:2(1)
2833:1(1)
2837:1(1)
2838:2(1)
2843:2(1)
2845:1(1)
2847:1(1),2(2)
2848:2(1)
2849:1(1)
2850:1(1)
2851:2(2)
2855:2(2)
2859:2(1)
2860:2(1)
2866:1(1),2(1)
2867:2(2)
2869:1(1)
2870:2(1)
2871:1(1),2(2)
2872:1(1)
2873:1(1),2(1)
2874:2(1)
2878:1(2)
2882:1(1)
2883:1(1)
2884:1(2)
2887:2(1)
2891:1(1)
2892:1(1)
2893:2(1)
2894:1(1)
2895:2(1)
2902:1(1),2(1)
2904:1(2),2(1)
2905:2(1)
2906:2(1)
2908:1(1)
2910:1(2),2(1)
2911:1(1)
2912:2(1)
2916:1(1)
2917:2(2)
2919:1(1)
2920:1(1),2(1)
2921:2(1)
2922:1(1)
2923:2(1)
2925:1(1)
2926:1(2)
2928:2(1)
2931:2(3)
2936:2(1)
2939:2(1)
2940:2(1)
2942:2(1)
2949:1(1)
2950:2(1)
2964:1(1)
2966:1(1)
2970:1(1)
2974:1(2)
2979:1(1)
2980:1(1)
2981:2(1)
2982:2(1)
2983:1(1)
2984:1(1)
2990:1(1),2(1)
2991:1(1)
2995:1(1)
2996:1(1)
3003:1(1),2(1)
3008:1(2)
3009:1(1)
3010:1(1)
3011:1(1)
3013:1(1)
3014:2(1)
3016:1(1)
3018:2(1)
3019:2(1)
3020:2(1)
3021:2(1)
3022:1(1)
3024:2(1)
3025:1(2)
3029:1(1),2(1)
3030:1(1)
3032:2(2)
3034:2(1)
3035:1(1)
3036:2(2)
3037:2(1)
3039:1(1)
3040:1(1),2(1)
3041:2(1)
3043:1(1)
3046:1(2)
3047:1(1)
3049:2(1)
3054:1(1),2(1)
3055:2(1)
3060:2(1)
3061:2(1)
3062:1(1)
3064:2(2)
3067:2(1)
3072:2(1)
3077:1(1)
3080:1(1)
3081:1(1)
3083:1(1)
3085:1(1),2(1)
3087:2(1)
3088:1(1)
3092:2(1)
3093:1(1)
3094:1(1)
3097:2(1)
3099:1(1),2(1)
3101:2(2)
3104:2(1)
3105:2(2)
3106:2(1)
3107:1(1),2(1)
3121:1(1)
3123:2(1)
3124:1(1)
3125:1(2)
3139:2(1)
3144:1(1)
3146:1(1)
3157:1(1)
3168:1(1),2(1)
3173:1(1)
3175:1(1)
3186:1(1)
3187:2(1)
3189:1(3)
3200:1(1)
3202:1(1)
3204:1(1)
3208:1(1)
3209:2(1)
3211:1(1)
3213:2(2)
3214:1(1)
3215:1(1)
3226:1(1)
3233:1(1)
3234:2(1)
3238:2(1)
3243:2(1)
3251:1(1)
3252:2(1)
3257:2(1)
3263:2(1)
3264:2(1)
3266:1(1)
3268:2(1)
3269:1(1)
3276:2(1)
3280:2(1)
3283:1(2)
3285:1(1)
3287:1(1),2(1)
3298:1(1)
3302:1(1)
3305:2(1)
3318:1(1)
3320:2(1)
3326:2(1)
3329:1(1),2(1)
3331:2(1)
3335:1(1)
3340:1(1)
3345:1(2)
3346:1(1)
3348:1(1)
3351:1(1)
3352:2(1)
3363:1(1)
3364:2(1)
3366:1(1)
3370:2(1)
3390:2(1)
3395:1(1)
3399:1(1)
3409:1(1)
3415:2(1)
3421:1(1)
3424:1(1)
3430:2(1)
3436:2(1)
3440:2(1)
3442:1(1)
3454:2(2)
3455:1(1)
3459:1(1)
3483:2(1)
3484:2(1)
3485:2(1)
3486:1(1)
3489:1(1)
3492:2(1)
3502:1(1)
3505:2(1)
3514:1(1)
3519:2(1)
3525:2(1)
3527:1(1)
3528:1(1)
3530:2(1)
3531:1(1)
3539:2(1)
3550:2(1)
3561:1(1)
3565:2(1)
3566:1(1)
3571:2(1)
3600:1(1)
3603:2(1)
3604:1(1)
3611:1(1)
3612:1(1)
3623:1(1)
3630:1(1)
3634:1(1)
3635:1(1),2(1)
3639:1(1)
3649:2(2)
3665:1(1)
3667:1(1)
3670:1(1)
3672:2(1)
3674:2(1)
3679:1(1)
3681:1(1)
3682:1(1)
3689:1(1)
3697:2(1)
3699:1(1)
3724:1(1)
3726:2(1)
3737:1(1)
3747:1(1)
3749:1(1)
3757:1(2)
3765:2(1)
3779:1(1)
3788:1(1)
3790:1(1)
3791:2(1)
3794:1(1)
3797:2(1)
3801:2(1)
3802:1(1)
3805:2(1)
3807:1(1)
3821:1(1)
3825:2(1)
3829:2(1)
3844:1(1)
3856:1(1)
3862:2(1)
3868:1(1)
3870:2(1)
3892:1(1)
3904:1(1)
3917:2(1)
3920:1(1)
3929:1(1)
3930:2(1)
3936:1(1)
3948:1(1)
3952:1(1)
3959:1(1)
3994:2(2)
4002:1(1),2(1)
4003:1(1)
4015:1(1)
4027:2(1)
4038:1(1)
4042:1(1)
4052:2(1)
4067:1(1)
4091:1(1)
4098:2(1)
4110:1(1)
4111:2(2)
4112:1(1)
4118:2(1)
4119:1(1)
4120:1(1)
4127:2(1)
4128:1(1)
4130:2(1)
4137:1(1)
4139:1(1)
4147:2(1)
4148:2(1)
4152:2(1)
4155:1(1)
4163:1(1)
4170:2(1)
4172:1(1)
4198:2(1)
4207:2(1)
4214:1(2)
4217:2(1)
4220:1(1)
4225:1(1)
4229:1(1)
4230:1(1)
4234:1(1)
4245:1(1)
4247:1(1)
4252:2(1)
4255:2(1)
4256:1(1)
4273:1(1)
4275:2(1)
4280:1(1)
4287:2(1)
4288:1(1)
4295:1(1)
4299:1(1)
4301:1(1)
4303:2(1)
4318:2(1)
4323:2(1)
4325:1(1)
4331:1(1),2(2)
4341:2(1)
4345:2(1)
4350:1(1)
4354:1(1)
4357:2(1)
4361:1(1)
4366:1(1),2(1)
4377:1(1)
4379:2(1)
4386:1(1)
4388:1(1)
4389:1(1)
4397:1(1)
4398:2(1)
4406:1(1)
4433:1(1)
4438:1(1)
4446:1(1)
4449:1(1)
4461:2(1)
4468:2(1)
4476:2(1)
4489:2(1)
4496:2(1)
4497:2(1)
4503:1(1)
4507:1(1)
4527:2(1)
4535:2(1)
4542:2(1)
4554:2(1)
4560:2(1)
4565:1(1)
4575:1(1)
4587:1(1)
4593:2(1)
4594:1(1)
4629:2(1)
4639:2(1)
4643:1(1)
4658:2(2)
4660:2(1)
4668:2(1)
4680:1(1),2(1)
4681:1(1)
4690:1(1)
4711:2(1)
4713:1(1)
4721:2(1)
4729:2(1)
4732:2(1)
4737:1(1)
4747:2(1)
4750:1(1)
4751:1(1)
4755:1(1)
4760:2(1)
4796:2(1)
4798:2(1)
4809:1(1)
4813:2(1)
4823:1(1)
4831:2(1)
4848:1(1)
4851:2(1)
4856:1(1)
4890:2(1)
4897:2(1)
4909:2(1)
4916:2(1)
4921:1(2)
4949:2(1)
4951:1(1)
4954:2(1)
4956:2(1)
4979:1(1)
4982:1(1)
4992:2(1)
4998:1(1)
5000:2(1)
5004:2(1)
5005:2(1)
5008:2(1)
5010:2(1)
5020:1(1)
5022:2(1)
5023:2(1)
5035:1(2)
5077:2(1)
5089:2(1)
5093:2(1)
5105:1(1)
5120:1(1)
5128:1(1)
5134:1(1)
5136:1(1)
5139:2(1)
5146:1(1)
5150:2(1)
5155:1(1)
5171:1(1)
5180:1(1)
5184:2(2)
5194:1(1)
5220:1(1)
5236:1(1),2(1)
5244:2(1)
5253:1(1)
5258:1(1)
5259:1(1)
5260:1(2)
5277:2(1)
5287:1(1)
5289:2(1)
5301:2(1)
5306:1(1)
5319:2(1)
5323:2(1)
5328:2(1)
5335:2(1)
5344:2(1)
5348:1(1)
5361:1(1)
5369:1(1)
5374:1(1)
5378:1(2)
5381:1(1)
5384:1(1)
5410:2(1)
5433:2(1)
5435:2(1)
5455:2(1)
5456:1(1)
5466:1(1)
5468:2(1)
5476:1(1)
5480:1(1)
5498:1(1)
5505:1(1)
5524:1(1)
5534:1(1)
5559:2(1)
5563:1(1)
5581:2(1)
5588:2(1)
5590:1(1)
5591:2(1)
5602:2(1)
5609:2(1)
5615:1(1)
5617:1(1)
5634:1(1)
5636:2(1)
5637:1(1)
5642:1(1)
5644:1(1)
5649:2(1)
5658:2(1)
5670:1(2)
5711:1(1)
5716:2(1)
5723:1(1)
5727:1(1)
5731:2(1)
5733:1(1)
5746:2(1)
5752:1(1)
5765:2(1)
5770:1(1)
5786:1(1)
5789:2(1)
5792:1(1)
5803:2(1)
5808:1(1)
5823:1(1)
5824:1(1)
5830:1(1)
5843:2(1)
5856:1(1)
5857:1(1)
5878:1(1)
5882:2(1)
5884:2(1)
5886:2(1)
5887:1(1)
5889:2(1)
5911:2(1)
5912:1(1)
5914:2(1)
5928:2(1)
5937:2(1)
5956:2(1)
5968:1(1)
5977:1(1)
5982:1(1)
5989:2(1)
5993:2(1)
6031:2(1)
6038:1(1)
6092:2(1)
6096:2(1)
6120:2(1)
6122:1(1)
6129:1(1)
6143:2(1)
6152:1(1)
6155:1(1)
6164:1(1)
6168:1(1)
6172:2(1)
6173:1(1)
6176:2(1)
6186:1(1)
6222:1(1)
6227:2(1)
6241:1(1)
6244:1(2)
6245:1(1)
6259:2(1)
6271:1(1)
6287:2(1)
6288:2(1)
6324:1(1)
6334:1(1)
6350:2(1)
6369:2(1)
6381:2(1)
6382:1(1)
6435:2(1)
6439:2(1)
6450:1(1)
6453:1(1)
6455:1(1)
6458:1(1)
6468:1(1)
6473:1(1)
6514:2(1)
6526:1(1)
6646:2(1)
6686:1(1)
6692:2(1)
6717:2(1)
6782:1(1)
6788:2(1)
6828:1(1)
6833:1(1)
6915:1(1)
6968:1(1)
7000:2(1)
7107:1(1)
7115:2(1)
7176:1(1)
---------------------------------------------
newcase4
0:8(1)
1:8(1)
2:7(1),8(2)
3:0(4),3(1),4(2),5(3),6(1),7(1),8(2),10(3),11(1),12(2),13(5),14(2)
4:0(1),3(2),4(2),5(2),6(4),7(3),10(2),11(4),12(1),13(2),14(6)
5:0(1),4(1),5(5),6(4),7(1),8(1),9(4),10(4),11(2),12(3),13(4),14(1)
6:0(1),3(6),4(2),5(2),6(1),7(3),8(4),9(2),10(1),11(8),12(2),13(5),14(2)
7:0(1),3(4),5(1),6(1),7(2),8(3),9(1),10(2),11(4),12(3),13(2),14(4)
8:0(4),4(1),5(1),6(4),7(2),8(1),9(5),10(1),11(4),12(3),13(4),14(3)
9:0(2),3(2),5(1),6(1),7(2),8(2),9(4),10(4),11(4),12(2),13(5),14(2)
10:0(1),3(3),4(2),6(2),7(1),8(1),9(1),10(1),11(1),12(1),13(1),14(1)
11:0(4),3(1),4(5),5(4),6(3),8(3),9(1),10(1),11(2),12(6),13(1),14(3)
12:0(1),3(2),4(1),5(3),6(1),7(3),8(2),9(1),10(1),11(4),12(1),13(2),14(3)
13:0(1),4(6),5(1),6(2),7(2),9(2),10(1),11(2),12(1),13(5),14(5)
14:0(2),3(1),5(2),6(1),8(3),9(2),10(2),11(3),12(2),13(1),14(5)
15:0(4),3(3),5(4),6(2),7(1),8(3),9(1),10(1),12(2),13(1),14(2)
16:0(1),3(4),4(3),5(3),6(2),7(4),8(1),9(2),10(1),11(4),12(4),13(3),14(4)
17:0(4),3(2),4(2),5(3),6(1),7(2),8(1),10(1),11(4),12(4),13(2),14(3)
18:0(2),3(2),4(1),5(6),7(2),8(2),9(2),11(3),12(3),13(1),14(5)
19:0(2),3(1),4(1),5(4),6(1),7(6),8(2),9(2),10(1),12(4),13(3),14(1)
20:0(3),3(2),4(4),5(4),6(3),7(1),8(1),9(3),11(3),13(2),14(2)
21:0(3),3(5),4(7),5(3),7(8),8(3),9(1),10(3),12(4),13(4),14(1)
22:0(4),3(3),4(2),5(2),6(4),7(3),8(5),9(3),10(3),11(3),12(2),13(4),14(3)
23:0(2),3(1),4(2),5(2),6(3),7(4),8(5),9(1),10(2),11(4),12(3),13(8),14(3)
24:0(3),3(1),4(3),5(4),6(3),7(1),8(5),9(2),10(1),11(4),12(1),13(2),14(4)
25:0(1),2(1),3(2),4(3),5(4),7(4),8(2),10(1),11(1),12(1),13(2),14(3)
26:0(4),3(4),4(3),5(1),6(6),8(3),9(1),12(1),13(2),14(1)
27:0(2),4(1),5(1),6(3),8(4),9(2),10(5),11(2),12(4),13(3),14(2)
28:0(3),1(1),3(2),4(4),5(5),6(5),7(6),9(2),10(3),11(2),12(1),13(4)
29:0(2),2(1),3(2),4(4),5(3),6(4),7(2),8(1),9(1),10(3),11(3),12(5),13(2),14(1)
30:0(4),2(1),5(4),6(3),7(2),8(2),9(1),10(4),11(2),12(4),13(4),14(3)
31:0(2),1(1),2(1),3(1),4(1),5(4),6(6),7(2),8(1),9(3),10(3),11(4),12(3),13(4),14(1)
32:0(2),2(1),3(4),4(2),5(2),6(2),7(2),8(1),9(3),10(2),11(4),12(6),13(1),14(2)
33:0(4),3(1),4(3),5(1),7(3),8(2),9(4),10(3),11(1),12(2),14(1)
34:0(2),1(1),3(1),4(1),5(1),6(2),7(1),8(1),9(2),10(7),11(2),12(4),13(1),14(3)
35:0(4),1(1),5(6),6(4),7(1),8(2),9(1),10(1),11(1),12(1),13(3),14(1)
36:0(2),1(1),3(2),4(1),5(1),6(3),7(5),8(2),9(1),10(3),11(3),12(1),13(4),14(1)
37:0(5),3(1),5(2),6(2),7(1),8(3),9(1),10(2),11(3),12(2),13(2)
38:0(1),3(1),4(2),5(2),6(1),7(1),8(8),9(3),10(3),11(1),12(2),13(4),14(2)
39:0(1),2(1),3(2),4(3),5(1),6(4),7(3),8(2),9(2),11(1),12(4),13(1),14(3)
40:0(2),1(1),4(3),5(3),7(3),8(1),9(3),10(3),11(1),12(1),13(2),14(4)
41:0(3),3(3),4(3),5(3),6(1),7(2),8(2),9(1),10(1),11(3),12(1),13(3),14(2)
42:3(3),4(1),5(2),6(2),7(2),8(5),9(2),10(3),13(1),14(3)
43:0(2),3(3),4(4),5(2),6(4),7(4),8(3),9(2),10(3),11(2),12(3),14(2)
44:0(2),3(3),4(2),5(2),6(2),7(2),8(3),9(3),10(3),11(3),12(2),13(4),14(3)
45:0(3),2(1),3(5),4(5),5(1),6(1),7(1),8(2),9(2),11(1),13(3),14(2)
46:0(2),3(1),4(1),5(3),6(2),7(4),8(1),9(5),10(2),11(3),12(3),13(2),14(6)
47:0(4),4(7),5(3),6(1),7(2),8(5),9(7),10(3),11(2),12(4),13(3),14(3)
48:0(3),1(1),3(3),4(1),6(2),7(2),8(1),9(3),10(4),11(2),12(3),13(5),14(1)
49:0(3),3(1),4(2),5(2),6(5),7(4),8(4),9(3),10(3),11(3),12(3),13(2),14(3)
50:0(1),1(1),3(1),4(4),6(5),7(2),8(2),10(1),11(2),12(4),13(1),14(3)
51:0(4),3(5),4(5),5(2),6(2),7(2),8(1),9(1),10(4),11(3),12(4)
52:0(2),3(3),4(1),5(3),6(2),7(3),8(1),9(5),10(4),11(3),12(1),13(2),14(4)
53:0(3),3(1),4(2),5(2),6(4),7(4),8(2),9(2),10(2),11(2),13(5),14(1)
54:0(2),2(1),3(2),4(6),5(2),6(3),7(1),8(5),9(3),10(4),11(1),12(2),13(4)
55:0(4),3(6),4(7),5(2),6(1),7(3),9(4),11(2),12(6),13(2),14(1)
56:0(1),3(2),4(2),6(1),7(1),8(4),9(2),12(2),14(3)
57:0(3),3(1),4(1),5(1),6(2),8(3),9(2),10(2),11(3),12(3),13(2),14(2)
58:0(3),1(1),3(1),4(1),5(3),6(3),7(3),8(2),9(2),10(3),11(1),12(1),14(4)
59:1(1),3(5),4(3),5(2),6(5),7(3),8(4),9(4),10(3),11(3),12(3),13(3)
60:0(4),4(3),5(5),6(4),7(1),8(3),9(3),10(4),11(4),12(3),13(3),14(6)
61:0(1),1(1),2(1),4(2),5(4),6(2),7(3),9(3),10(1),12(3),13(2),14(3)
62:0(2),3(2),4(1),5(4),6(1),7(1),8(1),9(2),10(2),11(3),12(3),13(1),14(4)
63:0(5),1(1),3(2),5(3),8(4),9(1),10(4),11(6),13(3),14(1)
64:0(6),3(2),4(3),5(1),6(6),7(1),8(2),9(2),10(1),11(2),12(3),13(6),14(6)
65:0(4),3(2),4(2),5(5),7(1),8(2),9(2),10(5),11(2),12(4),13(2),14(1)
66:0(2),1(2),2(1),3(3),4(3),5(6),6(4),7(3),8(2),9(3),10(2),11(3),13(2),14(3)
67:0(4),2(1),3(2),4(2),5(1),6(2),8(5),9(1),10(3),11(3),12(2),13(4),14(1)
68:0(2),2(1),3(4),4(2),5(2),6(2),7(1),9(2),10(3),11(2),12(5),13(5),14(4)
69:0(1),3(3),4(2),5(5),6(3),7(3),8(2),9(3),11(1),12(1),13(1),14(1)
70:0(2),3(3),4(2),5(2),6(2),7(5),8(2),9(2),10(1),11(1),12(1),13(5),14(5)
71:0(3),3(3),4(1),5(3),6(6),7(1),8(3),9(5),10(2),11(2),12(4),13(6),14(3)
72:0(3),3(2),4(1),5(1),6(1),7(3),10(3),11(3),12(4),13(3),14(5)
73:0(4),1(1),3(3),4(3),5(3),6(2),7(3),8(3),9(3),10(1),11(2),12(2),13(2),14(5)
74:0(5),3(2),4(3),5(1),6(4),7(3),8(2),9(3),10(1),11(6),12(3),13(1),14(2)
75:0(3),3(2),4(4),5(3),6(3),7(1),8(1),9(2),10(2),11(4),12(2),13(3),14(3)
76:3(1),4(4),5(3),6(1),7(6),8(2),9(4),10(4),11(1),12(1),13(3),14(2)
77:2(1),3(1),4(2),5(2),6(2),7(2),8(3),9(3),10(4),11(1),12(4),13(2)
78:0(1),1(1),3(2),4(2),5(1),6(3),7(2),8(3),9(2),10(4),11(1),13(1),14(3)
79:0(2),1(1),2(3),3(3),5(3),6(1),7(2),8(3),9(4),10(1),12(5),13(4),14(5)
80:0(3),3(3),4(5),5(1),6(3),8(3),10(1),11(3),13(3),14(3)
81:0(3),2(1),3(2),4(4),5(2),6(2),7(2),8(1),9(3),10(1),11(4),12(3),13(1),14(2)
82:0(4),3(1),4(4),5(1),6(2),7(2),8(2),10(2),11(4),12(4),14(1)
83:0(1),3(3),4(3),5(1),6(3),7(1),8(2),9(1),10(3),11(1),12(1),13(1),14(2)
84:0(3),2(1),3(1),4(4),6(3),7(4),8(2),10(5),12(8),13(1),14(2)
85:0(2),2(1),3(1),4(2),5(3),6(2),7(2),8(4),9(2),10(3),12(3),13(4),14(2)
86:0(2),2(2),3(6),4(3),5(1),6(7),7(1),8(2),9(5),10(4),11(3),13(5),14(4)
87:0(2),1(1),3(5),4(2),6(3),7(5),8(2),9(1),10(1),11(3),12(2),13(4),14(4)
88:3(4),4(2),5(1),6(4),7(1),8(2),9(2),11(3),12(3),13(2),14(1)
89:0(2),2(1),3(3),4(1),5(3),6(3),7(3),10(5),11(2),12(4),13(1),14(4)
90:0(2),1(1),2(2),3(1),5(2),6(4),7(1),8(1),9(4),10(4),11(3),12(1),13(3),14(4)
91:0(3),3(1),4(5),5(1),6(2),7(2),8(1),9(3),11(1),12(2),13(2),14(3)
92:0(2),1(2),2(1),3(2),4(2),5(1),6(4),7(1),8(1),10(2),12(4),13(3),14(3)
93:0(5),2(1),3(6),4(3),5(1),7(4),8(1),9(4),11(2),12(1),13(3),14(4)
94:0(5),1(1),4(5),5(1),6(3),8(1),9(3),10(3),11(1),12(3),13(3),14(6)
95:0(2),1(2),3(1),5(3),6(2),7(4),8(2),9(4),10(3),11(3),12(1),13(3),14(4)
96:0(1),1(1),2(1),3(3),4(2),5(2),6(1),7(3),8(2),9(4),10(2),11(3),12(1),13(4),14(5)
97:0(2),2(1),3(1),4(2),5(1),6(5),7(3),8(4),10(4),11(3),12(3),13(4),14(2)
98:0(2),1(2),3(4),4(5),5(3),6(3),7(5),9(4),10(2),11(3),12(4),13(4)
99:3(2),4(1),5(3),6(3),7(3),8(2),9(2),10(2),11(1),12(7),13(1),14(1)
100:0(2),2(1),3(4),4(5),5(6),6(4),7(1),8(1),9(3),10(3),12(2),13(2),14(2)
101:0(2),1(2),3(1),4(1),5(3),6(3),7(3),8(1),9(4),10(3),12(2),13(3),14(5)
102:0(4),3(4),4(1),5(4),6(1),7(4),8(2),9(4),10(5),11(1),12(2),14(2)
103:0(1),3(2),4(3),5(2),6(3),7(3),8(3),9(3),10(1),11(1),12(4),13(4),14(1)
104:0(4),3(5),5(4),8(1),9(1),10(2),11(1),12(5),13(5),14(2)
105:0(4),4(1),5(4),6(1),7(3),8(1),9(1),11(1),12(3),13(2),14(3)
106:0(1),1(2),3(3),4(2),6(1),7(2),8(3),9(2),10(2),11(2),12(4),13(3),14(6)
107:0(5),3(2),4(3),5(1),6(2),7(2),8(5),9(2),10(3),11(2),12(2),13(2),14(4)
108:2(1),3(4),4(1),5(2),6(2),7(2),8(3),9(1),10(3),11(1),12(3),13(2),14(1)
109:0(5),3(3),4(5),5(5),6(5),7(3),8(4),9(5),10(1),11(1),12(4),13(1),14(3)
110:0(1),2(1),3(2),4(1),5(2),6(1),7(5),8(4),9(1),10(1),11(4),12(3),13(2),14(2)
111:0(2),3(2),4(4),5(2),7(3),8(4),9(2),10(1),11(4),12(2),13(3),14(2)
112:0(1),1(1),3(2),4(4),6(5),8(3),9(1),10(4),11(4),12(2),13(2),14(2)
113:0(3),1(1),3(1),4(2),5(4),6(1),7(4),8(2),9(3),10(4),11(2),12(2),13(2),14(1)
114:0(4),3(5),5(2),7(3),8(1),9(2),10(4),11(1),12(1),13(4),14(4)
115:0(1),2(2),4(1),5(2),6(2),7(2),8(4),9(1),10(2),11(3),12(3),13(2),14(2)
116:0(2),3(4),4(1),5(2),6(3),7(3),8(6),9(4),11(3),12(3),13(3),14(2)
117:0(2),3(2),4(1),5(2),6(2),7(1),8(2),9(6),11(2),13(3),14(3)
118:0(1),3(2),4(2),5(1),7(3),8(1),9(2),10(2),11(1),12(1),13(2),14(4)
119:0(5),3(2),4(1),5(3),6(1),7(3),8(3),9(2),10(3),11(4),12(4),13(1),14(1)
120:0(1),3(3),4(3),5(3),6(5),7(2),8(2),9(4),10(2),12(5),13(3),14(5)
121:0(3),1(1),3(4),5(2),6(1),7(1),8(2),9(1),10(1),12(1),13(3),14(2)
122:0(1),3(5),4(5),5(1),6(6),7(3),8(1),9(1),10(3),11(2),12(3),13(5),14(2)
123:0(1),1(1),4(2),5(2),6(3),7(6),8(1),9(2),10(5),11(2),12(2),13(4),14(2)
124:3(1),4(3),5(2),6(3),7(2),8(2),9(1),10(1),11(2),12(1),13(2),14(5)
125:0(4),3(1),4(3),6(3),7(2),8(1),9(2),10(1),11(1),12(2),13(2),14(3)
126:3(1),4(2),5(3),6(3),7(2),8(3),9(5),10(2),12(1),13(5),14(1)
127:0(1),3(2),4(3),5(3),6(2),7(3),8(3),10(3),11(2),12(2),13(2)
128:0(3),1(2),3(2),4(1),5(1),6(3),7(6),9(2),11(3),12(2),13(2),14(3)
129:3(3),4(1),6(3),7(5),8(1),10(2),11(2),12(1),13(3),14(6)
130:0(2),3(2),5(3),6(2),7(4),8(1),9(3),10(4),11(3),12(2),13(2),14(3)
131:0(1),1(1),3(2),4(1),8(2),9(3),10(5),11(3),12(2),13(1),14(1)
132:0(1),3(3),4(1),5(2),6(4),8(2),9(3),10(1),11(2),12(1),13(2),14(2)
133:0(2),2(1),4(3),5(3),6(5),7(1),8(1),9(1),12(3),13(3),14(2)
134:0(2),3(1),4(1),5(2),7(2),8(4),9(4),10(2),11(1),12(1),13(2),14(2)
135:3(5),4(3),5(3),6(5),7(2),9(2),10(2),11(4),12(3),14(1)
136:0(1),3(3),5(3),6(2),7(1),8(2),9(1),10(2),11(1),12(4),13(1)
137:0(1),3(2),4(7),5(2),6(2),8(1),9(3),10(2),11(1),12(2),13(2),14(2)
138:0(2),1(1),3(1),4(3),5(2),6(2),7(4),8(3),9(1),10(2),11(1),12(2),13(1),14(3)
139:0(3),1(2),3(1),4(3),5(1),6(1),7(2),8(3),9(5),10(1),11(3),13(6),14(3)
140:0(4),3(1),4(1),5(4),6(5),7(1),8(2),9(5),10(3),11(2),14(2)
141:1(1),3(1),5(2),6(2),7(2),8(1),9(2),10(5),11(1),12(3),13(1),14(1)
142:0(2),3(2),4(3),5(8),6(4),7(1),8(3),10(5),11(3),12(2),13(6),14(2)
143:0(3),3(1),4(4),5(2),6(3),7(1),8(2),9(2),10(2),11(2),12(3),13(2),14(1)
144:0(1),4(4),5(2),8(1),9(1),10(1),11(2),12(3),13(4),14(1)
145:0(1),3(2),4(1),5(1),6(2),7(2),8(2),9(3),10(2),11(1),12(3),13(2),14(3)
146:0(3),1(1),3(5),4(2),5(2),6(2),7(4),8(2),9(3),10(3),11(1),12(1),13(1),14(3)
147:0(2),3(3),4(3),5(3),6(2),7(1),9(2),10(1),11(3),12(4),13(2),14(2)
148:1(1),3(1),4(2),5(2),6(3),7(2),8(2),9(2),10(2),12(3),13(1),14(4)
149:0(1),3(5),4(3),5(1),6(3),7(1),8(2),9(2),10(2),11(2),12(3),13(1),14(3)
150:0(2),3(3),4(3),5(4),6(1),7(5),8(1),9(1),10(1),11(2),12(6),14(9)
151:3(2),4(2),5(2),7(3),8(2),9(3),10(2),11(5),12(3),13(4),14(5)
152:0(4),1(1),2(1),3(2),4(5),5(8),8(2),9(3),10(3),12(6),13(1),14(3)
153:3(3),4(1),5(2),6(4),7(2),9(2),10(3),11(2),13(1),14(3)
154:0(2),3(2),4(3),5(2),7(1),8(2),10(2),11(1),12(3),13(1),14(1)
155:0(1),3(3),4(3),5(2),6(5),7(3),8(1),9(4),10(4),12(3),13(4),14(5)
156:0(6),3(3),4(3),5(2),6(1),7(3),8(2),10(1),11(3),12(4),13(4),14(2)
157:0(1),3(4),4(2),5(1),6(6),7(3),8(5),9(2),12(4),13(1),14(5)
158:0(3),3(1),4(3),5(2),6(3),7(2),9(3),10(1),11(2),12(2),13(4),14(1)
159:0(4),3(1),4(2),5(2),6(1),7(9),8(3),9(1),10(2),11(1),12(1),13(3),14(3)
160:0(1),2(1),3(1),4(2),5(1),6(1),7(4),8(3),10(3),11(2),12(2),14(3)
161:0(4),3(4),4(1),5(1),6(1),7(1),8(1),9(4),10(2),11(3),12(5),13(3),14(2)
162:0(4),3(4),4(1),5(2),6(2),7(5),8(2),9(2),10(3),11(2),12(3),13(2),14(1)
163:0(2),1(1),3(3),4(1),5(4),6(4),7(6),8(1),10(1),11(3),12(1),13(3),14(3)
164:0(2),3(2),4(3),5(2),6(3),7(5),8(2),9(3),10(2),11(2),12(3),13(3),14(3)
165:0(2),2(1),3(1),4(2),5(3),7(2),8(3),9(2),10(3),11(1),12(2),13(3),14(2)
166:0(1),4(3),5(3),6(1),7(3),8(1),9(5),10(4),11(2),12(2),13(5)
167:0(1),1(3),3(4),5(2),6(3),7(5),8(2),9(1),10(4),11(1),13(2),14(3)
168:3(4),4(2),5(4),6(2),7(1),8(3),10(1),11(2),12(4),13(3),14(3)
169:0(2),4(1),6(2),7(4),8(2),9(1),10(5),11(4),12(2),13(1),14(5)
170:0(1),3(2),5(1),7(3),8(1),9(2),10(4),11(1),12(5),13(3),14(2)
171:0(2),1(1),3(2),4(2),5(5),6(2),7(1),8(2),9(1),10(2),11(1),12(3),13(3),14(1)
172:0(4),1(1),3(3),4(1),5(4),6(4),7(4),9(1),10(1),11(1),13(2),14(1)
173:0(5),3(6),4(1),5(6),6(1),7(4),8(1),9(3),10(3),11(2),12(3),13(1),14(3)
174:0(2),3(1),4(4),5(3),6(4),7(2),8(3),9(2),10(4),11(2),13(2),14(1)
175:0(2),3(4),4(2),5(3),6(2),7(4),8(2),9(1),10(2),11(1),12(4),14(5)
176:0(2),3(1),4(7),5(2),6(3),7(1),9(3),10(2),11(2),12(2),13(5),14(2)
177:0(4),3(1),4(2),5(3),7(3),8(1),9(3),10(1),11(3),12(3),13(3)
178:0(3),2(2),3(1),4(3),5(3),7(3),8(2),9(2),11(6),12(2),13(6),14(4)
179:0(4),1(1),3(1),4(2),5(4),6(1),7(1),8(1),10(6),11(2),12(3),13(2),14(1)
180:3(1),4(2),5(4),6(2),8(2),9(1),10(3),11(2),12(5),13(2),14(3)
181:0(1),3(4),4(1),5(2),6(3),10(2),12(2),13(2),14(2)
182:0(1),3(1),5(1),6(1),7(2),8(4),9(1),10(3),11(3),12(4),13(1),14(1)
183:0(3),3(4),6(1),7(4),8(2),9(3),10(2),11(2),12(2),13(3)
184:0(4),1(2),4(1),5(8),6(4),7(1),8(3),9(2),10(2),11(3),13(3),14(3)
185:0(4),3(1),5(2),6(2),7(3),8(4),9(4),10(3),11(2),12(3),13(1),14(2)
186:0(3),3(4),4(6),5(1),6(2),7(3),8(3),9(4),11(6),12(1),13(2),14(2)
187:0(3),3(1),4(2),5(7),6(4),7(3),9(2),10(1),11(1),12(4),13(5),14(4)
188:0(5),1(1),3(2),5(2),6(2),7(2),8(7),9(5),10(1),11(3),12(2),13(1)
189:0(3),1(1),3(4),4(3),5(3),6(1),7(1),8(2),9(3),10(3),13(3),14(2)
190:0(3),1(1),2(1),3(4),4(2),5(5),6(2),7(1),9(1),10(1),11(3),12(3),13(5),14(3)
191:0(3),3(1),4(1),5(2),7(1),8(4),9(3),10(2),11(2),13(2),14(1)
192:0(3),3(1),5(4),6(3),9(5),10(4),11(2),12(1),13(1),14(3)
193:2(1),4(3),5(2),6(4),7(1),9(5),10(2),11(1),13(1)
194:1(1),3(1),5(1),6(2),7(1),8(6),9(1),10(4),11(2),12(1),13(2),14(3)
195:0(1),3(2),4(2),5(2),6(1),7(8),8(2),9(4),11(2),12(3),13(9),14(2)
196:0(2),3(2),4(2),5(2),6(5),7(4),8(2),9(4),11(1),12(1),14(1)
197:0(5),3(3),4(5),6(1),7(2),8(2),9(1),10(2),11(3),12(4),13(1),14(2)
198:0(1),1(1),3(1),4(2),5(2),6(1),7(1),8(5),9(2),11(3),12(2),13(1),14(2)
199:0(1),1(1),2(1),3(2),4(1),6(2),7(1),8(2),9(2),10(4),11(2),12(1),13(1),14(3)
200:0(1),1(1),3(1),4(3),5(5),6(4),7(1),8(2),9(1),10(2),11(3),12(3),13(1),14(3)
201:0(1),3(1),4(7),5(3),6(1),7(1),8(1),9(2),10(1),11(2),12(7),13(2),14(1)
202:0(3),3(4),4(2),5(3),6(1),7(3),8(5),9(1),10(3),11(3),12(6),13(4)
203:0(1),3(5),4(1),5(2),6(2),8(4),9(1),10(1),11(3),13(4),14(1)
204:3(1),4(1),5(2),6(3),7(2),8(4),9(4),11(2),12(1),13(3)
205:0(1),3(3),4(4),5(5),6(1),7(2),8(4),9(5),10(4),11(1),13(3),14(5)
206:0(3),3(5),4(2),5(1),6(6),7(1),10(2),11(3),12(2),14(2)
207:0(2),3(1),4(5),5(3),6(2),8(1),9(2),10(5),11(2),12(3),13(1),14(1)
208:0(7),2(2),3(3),4(3),5(4),6(1),7(5),8(3),9(2),10(2),11(1),13(3)
209:0(2),3(3),4(1),5(3),6(4),7(2),8(4),9(2),10(1),11(4),12(1),13(2),14(2)
210:0(3),3(2),4(3),5(1),6(1),7(1),8(4),9(2),10(3),11(1),12(3),13(2),14(1)
211:0(4),2(2),3(4),5(3),6(2),8(2),10(1),11(1),12(3),13(3),14(2)
212:0(6),2(1),3(5),4(1),6(3),7(1),8(2),9(3),11(1),12(3),14(4)
213:0(2),3(1),4(2),5(3),6(1),8(3),10(1),12(1),13(3),14(4)
214:0(1),3(2),5(3),6(3),7(1),8(3),9(2),10(2),11(2),12(3),13(1),14(2)
215:0(1),3(2),4(3),5(1),7(1),8(1),9(2),10(2),11(3),12(1),13(1),14(2)
216:3(1),4(2),5(3),6(4),7(3),9(4),10(1),11(3),13(4),14(2)
217:0(2),1(1),3(3),4(1),5(3),7(4),8(4),9(4),10(2),11(3),12(2),13(2),14(2)
218:0(2),3(1),4(5),5(3),6(1),7(2),8(2),11(4),12(3),13(3)
219:0(2),2(1),3(1),6(3),7(1),8(3),10(3),12(1),13(3),14(2)
220:0(3),1(1),3(1),4(3),6(3),7(2),8(5),9(3),10(1),11(2),13(2),14(3)
221:0(1),2(1),3(3),4(2),5(1),6(2),7(2),8(1),9(2),10(3),12(4),13(2),14(4)
222:0(3),3(2),4(3),5(3),6(1),7(3),8(4),9(3),10(2),11(2),12(4),13(1)
223:0(1),1(1),3(2),4(1),5(2),6(3),7(2),8(1),9(2),10(1),11(1),12(1),13(4),14(3)
224:0(1),3(3),5(1),6(2),7(3),8(3),9(2),10(4),12(3),13(1),14(4)
225:0(2),4(1),5(2),6(3),7(3),8(1),10(2),11(2),12(3),13(2),14(3)
226:0(4),1(1),5(1),6(1),8(3),9(1),10(4),11(8),12(1),13(1),14(1)
227:0(2),3(2),4(3),5(3),6(2),8(1),9(2),10(2),11(2),12(2),13(2)
228:0(3),3(4),4(3),5(3),7(2),8(1),9(5),10(1),11(2),12(4),13(2),14(3)
229:1(1),3(3),4(2),5(1),6(1),8(1),9(8),10(1),11(1),12(1),13(5),14(4)
230:0(1),2(1),3(1),5(4),6(3),7(4),8(1),9(2),11(2),12(1),13(1),14(3)
231:0(4),1(1),3(1),4(4),5(1),6(1),7(2),8(2),9(2),10(3),11(5),12(2),13(2),14(1)
232:0(2),3(3),4(3),6(1),8(4),10(2),11(3),12(5),13(1),14(1)
233:0(3),4(5),5(1),6(4),9(2),10(2),11(3),12(5),13(1),14(2)
234:0(3),1(1),2(1),3(1),4(3),5(2),6(1),8(2),10(4),11(3),12(2)
235:0(2),2(1),4(3),5(4),6(3),7(4),8(1),9(2),11(2),12(2),13(1),14(2)
236:2(1),3(3),4(1),5(2),6(3),7(1),8(1),10(1),12(1),14(3)
237:0(1),2(1),3(1),4(1),5(1),6(2),7(1),9(2),10(2),11(2),13(2),14(3)
238:0(1),2(2),3(2),6(2),7(1),8(2),9(2),10(5),11(4),12(1),13(1),14(2)
239:0(4),4(1),5(3),6(2),7(2),8(5),9(1),10(4),11(1),12(2),13(3)
240:0(3),3(2),6(3),7(2),10(3),12(5),13(1),14(1)
241:0(3),4(1),5(3),6(1),7(2),8(6),10(2),11(1),12(4),13(1),14(4)
242:0(2),1(1),2(1),4(2),5(2),6(1),7(2),8(2),9(2),10(1),11(3),12(4),13(2),14(1)
243:0(2),4(1),5(4),6(2),7(4),8(3),9(3),10(3),11(1),12(1),13(3),14(3)
244:0(3),3(2),4(2),5(2),6(2),7(2),8(3),9(3),10(2),11(1),12(3),13(1),14(3)
245:0(2),3(1),4(3),5(3),6(3),7(1),8(8),9(5),10(3),11(2),12(2),13(2)
246:0(3),3(1),4(1),6(1),7(2),8(5),11(2),12(1),13(3),14(1)
247:0(1),3(2),4(1),5(1),6(1),7(1),10(1),11(2),14(2)
248:0(3),3(2),4(1),5(3),6(2),7(6),9(1),10(1),11(2),12(2),13(2),14(3)
249:0(4),3(2),4(2),6(2),7(3),8(2),9(1),11(2),12(2),14(1)
250:0(1),3(1),4(2),5(2),7(5),9(1),10(2),11(3),12(2),13(1),14(2)
251:0(2),3(3),4(2),5(2),6(2),7(3),8(2),9(3),10(3),11(1),12(5),13(6),14(1)
252:0(3),4(2),5(1),6(1),8(1),10(2),11(2),12(1),13(2),14(1)
253:0(1),3(1),4(2),5(2),6(2),7(6),8(1),9(1),10(1),12(1),13(2),14(2)
254:3(2),4(2),6(1),7(1),8(1),10(1),11(2),12(2),13(1)
255:0(5),1(1),5(1),6(2),7(5),8(1),10(2),11(3),12(2),13(1),14(3)
256:0(3),2(1),3(4),4(4),6(1),7(2),8(6),9(4),10(1),11(2),12(4),14(1)
257:0(4),1(1),3(3),4(2),5(2),6(1),7(4),8(3),9(2),10(1),11(2),12(2),13(2),14(3)
258:0(3),3(2),4(2),5(2),6(1),7(2),8(2),10(2),11(2),13(2),14(1)
259:0(1),3(4),4(1),5(2),7(3),8(1),9(1),11(3),12(2),14(3)
260:3(1),4(1),5(1),6(2),9(1),10(1),11(4),12(2),13(3),14(2)
261:0(2),3(1),4(1),5(2),6(3),7(2),8(2),9(4),10(2),11(1),13(5),14(2)
262:0(1),2(1),3(4),4(2),6(3),7(3),10(1),11(2),12(1),13(1)
263:4(1),7(1),8(3),10(1),12(3),13(3),14(3)
264:0(3),3(1),5(3),6(2),7(3),8(1),9(1),10(1),12(2),13(1),14(1)
265:0(3),1(2),3(3),5(2),7(2),9(1),11(2),12(2),13(3),14(5)
266:7(1),9(1),10(2),11(1),12(3),13(1),14(1)
267:1(1),3(1),5(2),6(2),7(1),8(2),9(2),10(3),11(1),12(3),13(2),14(2)
268:0(2),3(3),4(1),5(1),6(3),7(2),8(2),10(1),11(1),12(1)
269:0(3),3(2),5(1),6(1),7(2),8(1),9(1),10(2),11(2),12(1),14(1)
270:0(3),5(2),6(1),7(3),8(1),9(1),10(2),11(1),12(2),13(1),14(3)
271:0(2),3(2),4(1),5(1),6(2),7(1),8(1),9(3),11(1),12(1),13(2)
272:0(2),3(1),4(1),5(1),6(3),7(3),8(1),9(1),10(2),11(2),13(2),14(3)
273:4(2),6(1),7(1),8(1),9(2),10(1),11(1),14(2)
274:0(4),4(1),6(3),7(2),8(1),9(1),10(3),11(1),12(1),14(3)
275:0(1),3(2),5(2),6(1),7(1),9(4),10(1),12(3),13(2)
276:0(1),3(2),4(2),5(1),6(2),7(2),8(2),9(4),10(2),12(1),13(1),14(2)
277:0(1),3(1),5(2),6(1),7(1),8(1),9(2),12(3),13(3),14(1)
278:0(1),1(1),4(2),6(1),7(3),8(1),9(2),10(1),12(3),13(1),14(1)
279:2(2),5(1),6(2),7(2),8(2),9(3),10(3),11(3),12(1),13(1),14(3)
280:0(1),2(2),5(1),8(3),9(1),10(1),11(1),12(2),13(2),14(2)
281:0(4),4(3),5(2),6(3),7(2),8(2),9(1),12(1),13(2),14(1)
282:0(2),2(2),3(1),4(2),5(1),6(2),7(1),8(2),9(3),11(2),13(2),14(3)
283:0(1),3(3),4(2),7(1),9(1),10(1),12(3),14(4)
284:0(4),3(1),6(1),7(1),8(3),9(2),10(1),11(2)
285:4(1),6(2),7(3),8(1),9(2),10(1),11(2),12(2),14(1)
286:0(2),1(1),2(1),4(1),5(2),6(1),8(1),9(3),10(1),11(1),12(3),13(1),14(3)
287:0(4),4(3),5(1),6(1),7(1),8(1),9(2),12(2),13(1)
288:0(3),3(2),4(2),5(1),6(1),8(1),10(1),11(1)
289:0(3),1(1),4(3),5(2),8(1),9(2),10(2),14(1)
290:0(1),4(1),6(1),7(2),8(2),10(1),12(1),13(1)
291:0(2),1(1),3(1),4(1),6(1),7(1),8(3),9(4),11(3),14(1)
292:1(1),2(1),3(1),6(1),7(1),9(1),11(1),13(1),14(1)
293:0(2),1(1),3(1),4(2),6(1),7(3),8(1),10(2),11(4),12(2),14(1)
294:1(1),4(1),5(1),6(1),7(1),8(2),10(3),12(1),13(1),14(3)
295:0(1),1(1),3(1),6(1),7(1),10(3),11(1),14(1)
296:0(2),4(1),5(2),7(3),8(2),9(3),11(2),12(1),14(1)
297:4(1),5(2),6(2),7(1),8(1),13(1)
298:4(2),5(1),6(2),7(1),8(3),9(2),11(1),13(1),14(2)
299:0(3),3(4),4(1),6(2),7(1),10(1),12(1),13(1)
300:0(1),2(1),4(1),5(2),6(2),7(1),8(1),9(1),11(1),13(1),14(3)
301:0(1),3(1),5(1),6(1),8(3),9(1),11(4),12(2),13(1),14(2)
302:1(1),4(3),5(2),6(1),7(1),9(1),10(2),11(3),12(1),13(1),14(1)
303:0(2),4(1),7(1),8(2),9(1),10(1),11(1),14(1)
304:0(3),1(1),3(1),5(1),7(1),8(2),9(1),11(1),14(2)
305:0(2),3(2),4(2),5(2),6(3),8(1),9(2),10(3),11(2),12(1),13(1)
306:0(2),2(1),3(1),6(2),7(1),8(1),9(3),10(1),12(1),13(3),14(2)
307:0(1),1(1),3(2),5(1),6(1),7(1),8(1),11(1),12(1),13(2),14(1)
308:0(1),3(1),4(2),7(1),8(1),9(1),10(2),11(2),14(1)
309:3(1),4(1),6(1),7(1),8(2),9(1),10(2),11(3),13(1)
310:3(1),4(2),5(1),6(3),8(2),9(3),10(1),14(1)
311:4(2),6(1),9(1),10(2),12(1),14(1)
312:0(1),4(2),8(1),9(1),11(2),12(2)
313:0(2),3(1),5(1),6(2),8(2),9(1),11(1)
314:1(1),3(1),4(1),5(2),6(3),7(1),8(2),9(2),11(3),12(2)
315:0(1),3(2),4(1),5(1),6(2),7(1),8(1),9(1),12(3),13(1)
316:0(2),2(1),3(1),6(1),7(2),8(1),9(2),10(1),11(2),12(1),13(1)
317:1(1),2(1),3(3),4(2),6(3),9(1),10(1),11(1),12(1),14(1)
318:0(2),3(1),4(1),5(1),7(1),8(1),9(1),10(1),12(1),13(1)
319:0(1),3(1),4(1),5(3),8(1),9(1),10(1),12(1),13(1)
320:0(1),6(1),7(1),8(1),9(1),10(2),11(1),12(2),13(1),14(1)
321:5(2),6(3),7(1),8(2),9(1),11(1),12(2),14(1)
322:0(1),4(4),5(1),7(2),9(1),10(1),13(1)
323:2(1),3(3),5(1),6(1),8(1),9(2),11(1),12(1)
324:0(3),3(1),5(2),6(1),8(1),10(1),11(3),12(2)
325:0(1),3(1),4(3),5(3),6(3),7(1),9(1),10(3),12(1),14(1)
326:4(1),7(2),8(3),9(4),13(1),14(1)
327:0(2),3(1),4(1),5(3),6(2),9(1),12(1),13(2),14(2)
328:0(1),1(1),4(1),5(2),6(2),9(2),11(3)
329:0(2),3(3),4(1),5(1),6(2),8(2),10(3),12(1),13(1),14(1)
330:0(5),1(1),2(1),4(3),5(2),7(1),9(2),13(2),14(1)
331:0(1),3(2),5(1),6(1),7(2),8(1),14(1)
332:0(2),3(1),5(2),6(2),8(3),10(1),11(2),12(1),14(2)
333:0(2),3(3),4(1),7(1),8(2),9(1),11(2),13(1),14(2)
334:0(3),5(1),6(2),7(2),8(2),12(2),13(1),14(3)
335:3(3),4(1),6(1),7(1),8(2),9(2),11(1),12(1)
336:0(1),5(4),6(1),8(2),9(2),10(2),11(2),12(1),13(1),14(1)
337:1(1),2(1),4(2),5(1),8(1),9(4),10(3),11(2),12(4)
338:4(2),5(1),6(1),7(2),9(1),11(1),12(1),13(1)
339:0(2),3(1),6(2),8(1),9(1),10(1),13(1),14(1)
340:0(1),3(2),5(2),8(2),10(1),11(1),12(2),13(1),14(3)
341:0(1),6(3),7(1),8(2),13(1),14(1)
342:0(2),2(1),3(2),4(1),5(2),6(2),8(1),9(1),10(1),11(2),12(2),13(2),14(2)
343:0(2),1(2),4(1),5(1),8(2),9(1),11(1),12(1),14(2)
344:0(4),3(1),5(1),7(1),11(2),12(1),13(2),14(2)
345:3(1),4(1),5(1),6(1),9(1),10(3),11(3),12(1),14(1)
346:0(1),3(2),4(1),6(1),7(2),8(2),9(2),10(1),12(1),13(1)
347:0(2),3(1),7(1),8(1),10(1),11(1),14(2)
348:0(1),1(1),4(3),5(1),6(1),7(1),8(2),9(2),10(2),11(2)
349:0(1),3(2),4(2),6(1),7(1),9(1),10(1),12(1),13(2)
350:0(4),2(1),3(2),4(2),5(2),7(1),8(1),11(1),12(1),14(3)
351:4(1),6(1),8(3),10(1),13(2),14(1)
352:2(2),3(1),4(1),8(1),12(2),13(2)
353:3(1),5(1),6(1),7(3),10(1),13(1),14(1)
354:5(2),6(2),7(1),8(1),10(1),11(1),12(1),13(1),14(1)
355:1(1),5(1),6(1),8(1),9(1),10(1),11(1)
356:3(1),5(2),6(1),7(2),8(2),9(2),11(4),12(1),13(1)
357:0(1),3(2),4(1),5(1),8(1),9(1),11(1)
358:0(2),1(1),3(1),4(4),5(2),6(1),7(2),8(3),9(3),12(1),13(1)
359:3(2),5(2),7(1),8(4),11(1),14(2)
360:0(1),1(1),4(1),5(2),6(2),7(1),8(1),10(1),11(1),12(1)
361:0(2),4(1),6(2),9(1),10(2),11(1),12(1),14(1)
362:0(1),3(1),5(3),6(1),8(4),9(1),10(2),11(1),13(1)
363:0(2),3(3),4(2),6(1),7(1),8(1),10(1),14(1)
364:0(1),4(2),6(2),7(2),11(2),12(1),14(1)
365:0(2),2(1),4(1),5(1),7(1),8(2),9(3),10(2),11(2),12(1),14(2)
366:5(1),7(1),8(1),9(1),10(1),11(2),13(2),14(3)
367:4(4),5(1),6(1),8(2),9(1),10(1),11(2),12(1)
368:0(2),3(1),4(1),6(3),8(1),11(1),12(1),13(1),14(1)
369:3(1),5(2),6(1),7(1),8(1),10(2),12(2),13(2),14(3)
370:0(1),4(4),6(1),7(1),8(1),10(2),11(3)
371:2(1),4(1),7(1),8(1),11(1),12(1),14(1)
372:0(1),3(2),5(1),6(1),8(1),9(1),10(1),11(2),12(1)
373:0(2),3(1),4(3),5(1),7(1),9(1),10(1),11(1),12(1),13(2),14(1)
374:0(1),2(2),3(1),4(1),6(1),7(1),9(2),10(2),13(1)
375:0(1),3(1),4(1),6(1),7(1),8(1),10(1),11(2),13(2)
376:1(1),5(1),6(3),7(7),8(1),10(1),11(1),12(2),13(2),14(1)
377:0(1),6(2),8(1),11(1),12(2)
378:3(1),4(2),6(1),8(1),11(3),12(1),13(3)
379:4(1),6(1),7(2),9(1),10(1),11(1),13(1)
380:3(1),6(2),7(2),9(1),10(2),12(2),13(1),14(1)
381:0(1),1(1),3(1),4(1),7(2),8(1),10(2),11(1),12(1),13(1),14(1)
382:5(1),6(1),7(1),10(1),11(2),12(1),14(1)
383:0(1),2(1),4(1),5(1),6(1),9(1),10(2),12(1),14(2)
384:0(1),3(1),5(1),9(1),11(1),12(3),13(2),14(1)
385:3(2),5(1),8(2),11(1),13(1),14(1)
386:3(1),4(2),6(2),9(2),11(1),12(1),13(1),14(2)
387:3(2),5(1),7(1),8(1),9(1),10(1),12(1),14(1)
388:0(2),6(1),8(1),11(1),13(2),14(3)
389:5(1),6(2),7(1),13(1)
390:0(1),3(1),4(1),5(1),8(1),9(1),10(1),12(2),14(2)
391:3(1),5(1),7(2),9(2),10(2),11(1),12(1)
392:0(1),3(1),5(2),6(1),7(1),10(1),11(1),12(1),14(1)
393:2(1),4(2),7(1),12(2)
394:0(1),1(1),3(1),7(1),8(1),10(1),12(3),14(1)
395:8(2),10(1),11(2),12(2),14(1)
396:3(2),6(1),9(1),12(1)
397:0(1),3(1),4(1),9(2),10(3),11(2),13(1),14(1)
398:1(1),2(2),6(1),7(1),10(1),11(1),12(2)
399:0(1),1(1),9(1),10(1),12(1),13(2)
400:0(1),2(1),3(1),4(1),7(1),8(1),9(1),12(1)
401:0(1),2(1),4(1),7(1),9(1),11(1),12(2),14(1)
402:6(1),8(1),10(2),14(1)
403:7(1),8(1)
404:0(1),1(1),2(1),3(1),4(2),6(2),12(1)
405:5(1),9(3),14(1)
406:5(1),8(2),11(1),12(1),13(3)
407:4(1),5(1),8(1),9(1),13(2)
408:0(1),2(1),12(1)
409:7(1),9(1)
410:6(1),11(2),12(1),13(1)
411:0(1),4(1),8(1),9(1),12(1)
412:8(1),14(1)
413:1(1),6(1),8(1),12(1),13(1)
414:0(1),1(1),3(2),4(1),8(1),13(1),14(1)
415:5(1),7(1),11(1),13(2)
416:1(1),5(1),6(2),9(1),11(1),13(1),14(1)
417:3(1),7(1),8(1),9(1)
418:0(1),6(1),7(3),8(1),10(1)
419:1(1),3(1),7(2),11(1)
420:6(1),7(1),12(1)
421:6(2),7(1),8(1),9(2)
422:2(1),3(1),4(1),5(1),6(1),9(1),14(1)
423:0(1),7(1),9(1),13(1)
424:7(1),9(1),11(1),14(1)
425:3(1),5(1)
426:5(1),8(1),9(1),12(1)
427:0(1),1(1),7(1),14(3)
428:0(1),14(1)
429:2(1),3(1),4(1),6(1),7(1),8(2),9(1)
430:6(2),8(4),9(1),11(1)
431:4(1),10(1),11(1),13(2)
432:1(1),3(2),6(1),12(1),13(1)
433:12(1)
434:1(1),10(2),11(1)
435:1(1),4(2),8(1),9(2),13(1)
436:2(1)
437:11(1)
438:3(1),4(1),9(1),11(1),14(1)
439:1(1),2(1),3(1),6(1),8(1),12(1)
440:0(1),6(2),7(1)
441:5(1),9(1)
442:4(1),6(1),12(1)
443:0(1),3(1),6(1),11(1)
444:0(1),2(1),4(1),6(1),9(3),10(1),12(1)
445:1(1),2(1),4(3),6(2),8(1),13(1)
446:0(2),1(1),2(1),8(1),9(2),12(1),14(1)
447:0(1),10(1),11(1),12(1),13(1)
448:0(1),1(1),3(2),7(1),10(1),11(1),14(1)
450:1(1),6(1),8(2),9(1),10(1),11(1)
451:1(1),6(1),7(1),10(2),14(1)
453:4(2),5(1),6(1),7(2),12(1)
454:0(1),2(1),4(1),13(1)
455:1(2),3(1)
456:4(1),5(1),11(1),13(1)
457:4(1)
458:3(1),5(1),8(1),12(1)
459:0(1),1(1),4(1),8(1),10(1),12(1)
460:0(1),5(1),14(1)
461:2(2),5(1),13(1)
462:4(1),5(1),12(1),14(3)
463:0(1),1(2),2(1),10(1),14(1)
464:3(1),8(1),9(1),12(1),13(2)
465:3(1),4(1),7(1),8(2),9(1),10(1),11(1)
466:0(1),3(1),8(1)
467:1(1),2(1)
468:0(1),8(2),13(2)
469:0(1),1(1),2(1),8(1),9(1),11(1),12(1),13(1)
470:3(1),4(1),10(1),14(1)
471:5(1),7(1),12(1)
472:0(1),5(1),6(1),8(1),9(1),13(1)
473:9(1),10(1)
474:3(1),5(1),14(2)
475:0(1),2(1),5(1),7(1),8(1),9(3),10(1)
476:0(1),1(2),2(1),4(1),6(1),7(2)
477:2(1),4(2),9(1),13(1)
478:1(2),5(1),10(1)
479:4(1),5(1),6(1),7(1),8(2),9(1),13(1),14(1)
480:2(1),3(1)
481:3(1),5(2),8(1),11(1)
482:11(1)
483:3(1),6(1),13(1),14(2)
484:0(1),4(1),8(1),12(1)
485:7(1),12(1)
486:3(1),5(1),12(1)
487:1(1),7(1),8(1),9(1),12(1),13(1),14(2)
488:3(1),5(1),7(1),12(1)
489:7(1),11(2),14(1)
490:4(1),8(1),9(1),11(1),13(1),14(1)
491:2(1),6(1),11(1),14(1)
492:0(1),2(1),8(1)
493:0(1),14(1)
494:6(2),8(1),10(1)
495:1(1),14(1)
496:0(1),6(2),7(1),10(1),12(1),14(1)
497:0(1),8(1),9(1),14(1)
498:6(1),9(1),10(1),11(1),14(1)
499:0(1),8(1),12(1),13(1)
500:2(1),11(1),13(2)
501:0(1),2(1),6(1),9(2),12(1)
502:1(1),8(1),13(1)
503:3(1),4(1),12(1),14(2)
504:1(1),2(1),11(1),12(1),14(2)
505:1(1),7(1),10(1),11(1),12(1),14(1)
506:9(1),14(1)
507:0(1),2(1),4(1),5(2),8(1),14(1)
508:7(1),11(1)
509:0(1),1(1),4(1),6(1),7(1)
510:0(1),2(1),5(1),6(1),12(1)
511:3(1),4(1),5(1),6(1),7(1),8(1),14(1)
512:1(1),6(1),13(1)
513:0(1),4(1),5(2),7(1),8(1),11(1)
514:3(1),9(1)
515:3(1),4(1),5(2),6(1),8(2),14(2)
516:5(1),11(1),12(1)
517:3(3),4(1),5(1),6(1)
518:1(2),5(1)
519:0(1),6(1),7(1)
520:1(1),4(1),13(1)
521:0(1),1(2),4(1),6(1),7(1),10(1),14(1)
522:8(2),11(2),14(1)
523:2(1),3(1),6(1),7(1),9(1),10(1)
524:0(1),1(1),4(2),12(1),14(2)
525:0(1),9(1),12(1)
526:0(1),8(1),13(2)
527:4(1),6(1),8(1),12(1),14(1)
528:0(1),5(1),8(2)
529:5(1),14(1)
530:7(1),8(1)
531:0(1),4(1),6(1),8(1),13(1)
532:0(1),4(3),6(1),9(1),11(1),12(1)
533:3(1),6(1),7(2),9(1),11(2)
534:2(1),5(1),6(1),13(1)
535:3(1),7(2),10(2),12(1)
536:2(1),6(1),10(2),12(1),14(1)
537:5(2),10(1),11(1),13(1)
538:1(1),4(1),6(1),11(1),13(1)
539:6(1),9(2),10(1)
540:1(2),2(1),4(1),10(1)
541:1(1),8(1),13(1)
542:0(1),14(1)
543:8(1)
544:0(1),4(1),5(1),9(1)
545:5(1),8(2),9(1)
546:8(1),14(1)
547:5(1),6(1),11(1),12(1),14(1)
548:1(1),4(1),5(1),6(1),14(1)
549:0(1),3(1),4(1),7(1),12(1),14(1)
550:1(1),4(1),9(1),10(1),12(1),14(1)
551:6(1)
552:0(1),3(1),13(2)
553:1(1)
554:8(2),10(1),13(1)
555:0(1),3(1),5(1),8(1),10(3),12(1),13(1)
556:2(1),5(1),13(1)
557:6(1),13(1)
558:0(1),3(1),8(1),10(1),11(1)
559:5(2),10(1)
560:6(1),10(1),11(1),12(1),13(1)
561:1(2),4(1),5(1),11(2)
562:4(2),6(1),9(1),11(1)
563:1(1),7(2),8(1),9(2),10(1),14(2)
564:0(1),1(2),5(1),8(1),10(2),14(1)
565:1(1)
566:0(1),1(1),9(1),12(1)
567:5(1),11(2),13(1)
568:3(1)
569:1(1),6(1),10(1),11(1),13(1)
570:1(1),6(1),7(1)
571:4(1),5(1),6(1),7(1),10(2)
572:3(1),5(1),9(1),10(1),11(1),12(1)
573:0(1),3(1)
574:3(1),4(2),6(1),8(1),10(1),11(1)
575:4(1),6(2),14(1)
577:1(1),2(1)
578:0(1),2(1)
579:6(1),13(1)
580:0(1),1(1),7(1),8(2),14(1)
581:3(1),5(2),7(1)
582:0(1),6(1),9(1),11(1),13(1),14(1)
583:0(1),1(1),4(1),9(2),14(1)
584:4(1),6(1),8(1),12(1)
585:0(1),2(1),6(1),7(1),12(1)
586:2(1),4(1),9(1)
587:1(1),2(1),6(1),8(1),13(1)
588:1(1),4(1),6(1),10(1),13(1)
589:0(1),12(1),13(1)
590:1(2),2(1),3(1),4(1),7(1),12(1)
591:8(1),13(2),14(1)
592:11(1)
593:2(1),5(1),10(1)
594:0(1),3(1),10(1)
595:4(1),8(1),11(1),12(1)
596:3(1),8(1),10(1)
597:0(1),6(1),7(1),8(1),12(1)
598:2(1),3(1),6(1),10(1)
599:8(1),10(1)
600:4(1),11(1),12(1),14(1)
601:0(1),2(1),3(1),6(1)
602:6(2),7(1),8(2),13(2)
603:10(1)
604:0(1),1(1),2(1)
605:6(2),8(1),9(1)
606:3(2),9(1),14(1)
607:1(2),4(1),11(1),13(1),14(1)
608:0(1),3(1),10(1),12(1)
609:12(2)
610:2(1),10(1),12(1)
611:3(2),6(2)
612:0(1),2(2),6(1),9(1)
613:1(1),6(1),13(1)
614:0(1),8(1),11(1),14(1)
615:3(1),5(1),10(1)
616:0(1),5(2),6(2),10(2),11(1),13(1)
617:1(1),3(2)
618:0(1),1(1),6(1),10(1),11(1),13(1)
619:1(2),2(2),6(1),7(1),8(1),9(1)
620:2(1),4(1),11(1),14(1)
621:1(1),9(2)
622:1(2),9(3),10(2),12(1)
623:6(1),7(2),11(1),12(1)
624:5(1)
625:3(1),4(1),11(1),12(1),13(1)
626:8(1)
627:4(1),11(1)
628:0(1),11(2)
629:2(1),4(2),6(1),14(1)
630:0(1),6(1),9(1),10(1),14(1)
631:0(1),2(1)
632:1(2),2(1),3(1),8(1),9(1),14(1)
633:0(1)
634:2(1),7(1),8(1)
635:4(1)
636:2(1),3(1),11(1),14(2)
637:3(1),7(1),8(1),9(2)
638:7(1),9(1)
639:1(1),3(2),4(1),10(1),11(1)
640:0(2),11(1),13(1)
641:2(1),4(1),5(2),7(1),11(1),12(1)
642:5(2),9(1),12(1),13(1)
643:11(1)
644:0(1),2(1),9(1),11(1),12(1),13(1)
645:1(1),5(1),7(1),8(1),9(1),12(1),14(1)
646:0(1),8(1),10(2),12(1),13(1)
647:0(2),12(1)
648:0(1),3(1),14(2)
649:6(1),11(1)
650:4(3),6(1),9(2),10(1)
651:0(1),1(1),2(1),4(1),8(1),11(1)
652:1(1),3(1),6(1),9(1),14(2)
653:0(1),1(1)
654:3(1),5(1),10(1),12(1)
655:11(1),12(1)
656:1(1),2(1),12(2)
657:4(1),13(2)
658:2(1),3(1),4(1),5(1),6(2),7(1),10(1)
659:5(1),11(1)
660:3(1),4(1),7(1),9(1)
662:2(1),6(1),14(2)
663:0(1),5(3),12(1)
664:7(1),12(1)
665:1(2),2(1),4(1),9(1),12(1),14(1)
666:5(1),6(1),10(1)
667:5(1),7(2),12(1)
668:1(1),3(1),4(1),6(2),11(2),12(1),13(1)
669:0(1),1(1),4(1),9(1),13(1)
670:4(1),13(1)
671:0(2),11(1)
672:0(1),7(1)
673:2(1),5(1),8(1),10(1)
674:0(1),2(1),3(1),4(1),8(1),10(1),14(1)
675:0(1),1(1),3(1),5(1)
676:1(1),3(1),7(1),13(1)
677:0(1),5(1),10(1),12(1)
678:11(1),12(1)
679:0(1),8(1),12(2)
680:0(1),2(1),10(1),14(1)
681:0(1),1(2)
682:5(2),7(1),10(1),12(1)
683:0(1),7(1),11(1)
684:0(1),5(1),14(1)
685:2(2),3(1),4(1),5(1),11(2),14(1)
686:10(1)
687:0(1),7(1)
688:3(1),4(1),13(1)
689:6(1),9(2),11(1),13(1)
690:2(2),3(1),6(1),11(1),12(1)
691:1(1),2(3),3(1),4(2),12(1)
692:2(1),4(1)
693:0(1),1(1),2(2),7(2),9(1),10(2)
694:3(1),5(1),10(1),14(1)
695:0(1),3(1),5(1),6(1),7(1),9(1),10(1)
696:0(1),2(2),4(1),6(2),7(1),12(1)
697:3(1),8(2),13(1)
698:2(2),4(1),10(1),14(1)
699:0(1),2(1),3(1),4(1),7(1),8(1),9(1),11(1),14(1)
700:2(4),3(1)
701:2(1),3(1),12(1),13(1),14(2)
702:10(1),11(1)
703:6(1),12(2)
704:4(1),7(1),14(1)
705:1(1),5(1),10(1),12(2)
706:2(1),5(1),6(1)
707:10(2),11(1),12(2),14(1)
708:0(1),6(1),11(1),12(1)
709:1(1),4(2),5(1),7(1)
710:0(2),11(1)
711:0(1),6(1)
712:3(3),4(1),12(1),14(1)
713:11(1),12(1)
714:4(2),7(1)
715:5(1),6(1),12(1)
716:0(1),1(1),5(1),8(1),9(2),10(1)
717:1(2),4(1),6(1),8(1),9(1),10(1),13(2)
718:7(1),9(1),10(1)
719:14(1)
720:7(1),14(1)
721:1(1),4(1),6(1),12(1),13(1)
722:6(1),10(2),14(1)
723:7(1),10(1),12(1),14(1)
724:7(1),8(1),9(1)
725:0(1),1(1),5(1),12(1)
726:3(1),6(1),14(2)
727:2(1),6(1),12(1)
728:1(1),6(2),11(1),14(1)
729:0(1),1(2),5(1),10(1),12(1)
730:2(1),7(1),14(1)
731:4(1),14(1)
732:1(1),7(1),8(1)
733:0(1),1(1),9(1),10(1),11(1)
734:0(1),1(1),7(1),12(2),13(1),14(1)
736:3(1),6(1),8(1),9(1)
737:1(1),3(1),6(1),7(1),11(1)
738:1(1),12(1),14(1)
739:5(2),6(1)
740:1(1),6(1),7(1),8(1),11(1)
741:0(1),3(1),8(1),11(1),12(1)
742:8(1)
743:1(1),2(1),9(1)
744:2(2),11(2)
745:0(1),1(1),11(1)
746:11(1),13(1)
747:1(1)
748:1(1),2(1),6(1),12(1)
750:0(1),1(1),4(1),7(1),11(2)
752:0(1),1(1),3(1),4(1),6(1),10(1),11(1)
753:5(1),12(1)
754:13(1)
755:4(1),7(1),8(1),10(1),13(1),14(1)
756:2(1),4(1),6(1)
757:10(1),13(1)
758:0(1)
759:8(1),11(1)
760:4(1)
761:1(1),2(1),9(1),11(1),12(1)
762:2(1),6(1),12(1)
763:1(1),3(1),12(1)
764:5(1),13(1)
765:8(1),10(3),13(1)
766:2(1),7(1)
767:1(1),11(1),13(1)
768:1(1),2(1),8(2),10(1),14(1)
769:3(1),6(1)
770:2(1),10(1)
771:0(1),4(1),5(1),10(1),11(1)
772:1(1),6(1),7(1)
773:3(1)
774:1(2),2(1),9(1)
775:9(1)
776:11(1)
777:0(1)
778:4(1),8(1),9(1),14(1)
779:2(1),5(1),6(1),13(1)
780:9(1),12(1)
782:9(1),13(1)
784:1(1),5(1)
785:2(1)
786:1(2)
787:4(2)
788:0(1),3(1)
789:1(1),4(1),5(1),13(1)
790:0(1),13(1)
791:2(1)
792:8(1)
794:2(1),6(1),7(1),13(1)
795:2(1),3(1),11(1),14(1)
796:4(1),5(1),14(1)
797:1(1),3(1),4(1)
798:2(1),9(1)
799:9(1),10(1),11(1)
800:4(1),6(1),9(1),14(2)
801:8(1),12(1)
802:0(1),9(1),13(1),14(2)
803:12(1),14(1)
804:2(1),6(1),10(1),14(1)
805:3(1),4(1),5(1),11(1),14(1)
807:2(1),4(1),6(1),8(1)
808:5(1)
809:1(1),7(1)
810:1(1),3(1),8(2)
811:1(1),4(1),12(1),14(1)
812:4(1),10(1),13(2)
813:4(1)
814:4(1),8(1),10(2)
815:7(1),10(1),13(1)
818:2(2),3(1),8(1),11(1)
819:5(1),7(2),12(1)
820:7(1),9(2),10(1),13(1)
821:1(3),2(2),3(1),8(1)
822:1(1),12(1)
823:0(1)
824:0(1),13(1)
825:11(2)
826:14(1)
827:0(1),12(1),14(1)
828:1(1),2(2)
829:3(2),4(1)
830:2(1),3(1),4(1),10(1),11(1)
831:2(1)
832:0(1),6(1)
833:4(2),12(1)
834:2(1),6(1),7(2),12(1)
835:3(2),11(1)
836:4(1)
837:0(1),1(2),10(2),12(1),14(2)
838:2(1),3(1),4(1),12(1)
839:3(1)
840:8(1),13(1)
841:2(1),4(1)
842:7(1)
843:0(1),2(1)
844:6(1)
846:8(1),11(1),13(1)
848:11(1),14(1)
849:1(1),7(1)
850:8(1)
851:4(1),7(1)
852:3(1)
853:1(1)
854:3(1),9(1),12(1),13(2)
856:1(1),2(1),13(1)
857:2(1),7(1)
859:4(1)
860:1(1),2(2)
861:12(1)
864:5(1)
865:1(1)
868:8(1)
870:1(1)
872:1(1),2(1)
874:14(1)
876:0(2)
877:8(1)
878:1(1)
880:1(1)
883:1(1)
885:1(1),2(1)
886:1(1),2(1)
888:2(1)
889:1(1),2(1)
890:2(1)
891:1(1)
892:1(1)
896:3(1),5(1)
900:14(1)
902:2(1)
904:2(2)
905:2(1)
906:1(1)
907:2(1)
908:2(1)
909:1(1)
910:1(1)
912:2(1)
916:3(1)
917:2(2),3(1)
919:2(1)
921:1(1)
923:1(1),3(1)
925:2(1)
930:1(1)
931:1(1)
933:2(1)
937:2(1)
938:2(1)
939:1(1)
941:1(1)
947:2(1)
948:1(1),2(1)
953:2(1)
961:1(2)
962:2(1)
964:2(1)
968:1(1)
969:1(1)
972:2(1)
973:1(1)
975:1(1)
977:1(1)
978:1(1),2(1)
980:1(1)
984:2(1)
986:1(1)
988:1(1)
990:2(1)
992:1(2),2(1)
993:2(1)
994:2(1)
995:1(3),2(1)
996:2(1)
998:1(1)
999:1(2)
1000:2(1)
1001:1(1)
1002:1(1)
1003:2(1)
1004:2(2)
1006:1(1)
1015:2(1)
1022:2(1)
1023:1(1),2(1)
1025:2(1)
1026:1(1),2(1)
1029:2(1)
1030:2(1)
1032:1(1)
1034:1(1)
1037:2(1)
1040:1(3)
1041:1(1)
1044:1(1)
1046:1(1)
1047:1(2)
1048:2(1)
1049:1(1)
1058:1(2),2(1)
1060:2(1)
1065:2(1)
1066:1(1),2(1)
1067:2(1)
1069:1(1)
1073:1(1)
1075:1(1)
1079:2(1)
1086:2(1)
1088:1(1)
1090:1(1)
1092:1(1)
1095:1(1)
1097:2(1)
1098:1(1),2(2)
1099:1(1)
1100:1(1)
1102:2(1)
1103:1(1),2(1)
1106:1(2)
1107:1(1),2(2)
1115:1(1),2(1)
1120:1(1)
1121:2(1)
1123:1(1)
1126:1(1)
1127:1(2)
1130:2(1)
1132:2(1)
1134:2(1)
1136:2(1)
1137:1(1)
1142:2(1)
1146:2(1)
1147:1(2),2(2)
1148:2(2)
1150:2(2)
1157:1(1)
1159:1(1)
1160:2(1)
1163:2(1)
1165:1(1),2(2)
1166:2(1)
1168:1(1)
1173:2(1)
1175:1(1)
1176:2(1)
1177:2(1)
1180:1(1)
1182:1(1)
1183:2(1)
1184:2(1)
1189:1(1)
1190:2(1)
1195:2(2)
1204:1(2)
1209:2(1)
1212:2(2)
1213:1(1)
1216:1(1)
1217:2(1)
1218:2(1)
1220:1(1)
1221:2(1)
1222:1(1)
1224:2(1)
1227:2(1)
1230:2(1)
1231:1(1)
1233:1(1),2(2)
1236:1(1)
1237:1(1)
1238:1(1)
1242:1(1)
1243:1(1),2(1)
1245:2(1)
1246:2(1)
1248:1(2)
1249:2(2)
1250:1(1)
1251:1(1)
1252:2(1)
1255:2(1)
1261:1(1)
1263:2(2)
1265:1(1),2(1)
1270:2(1)
1272:2(1)
1276:2(1)
1281:1(1)
1282:2(1)
1284:1(1),2(1)
1285:2(1)
1287:1(1)
1289:1(1)
1290:2(1)
1291:1(1)
1297:2(1)
1307:1(1),2(1)
1308:1(1),2(1)
1310:1(1)
1313:1(1)
1314:2(1)
1317:1(1)
1321:2(1)
1322:2(1)
1323:1(1)
1324:2(1)
1325:1(1)
1328:2(1)
1332:2(1)
1333:2(1)
1337:1(1),2(1)
1341:2(2)
1351:1(1)
1352:1(2)
1353:1(2)
1354:2(1)
1359:1(1),2(1)
1360:2(1)
1361:1(1)
1362:1(1),2(1)
1365:2(1)
1368:2(1)
1370:2(1)
1371:1(2),2(1)
1374:1(1)
1379:2(1)
1380:2(1)
1392:1(1)
1393:2(1)
1394:2(1)
1396:2(1)
1397:1(1)
1400:2(1)
1402:2(1)
1404:1(1)
1405:2(1)
1407:1(1)
1409:2(1)
1412:2(1)
1413:1(1),2(1)
1415:1(1),2(1)
1418:2(1)
1419:2(2)
1421:2(1)
1422:1(1)
1423:2(1)
1425:2(1)
1426:1(1)
1428:2(1)
1434:1(1)
1435:2(1)
1437:1(2)
1438:2(1)
1442:1(1)
1443:2(1)
1444:2(1)
1446:1(1)
1449:2(2)
1450:1(1)
1451:1(1),2(1)
1456:2(1)
1457:1(1)
1458:1(1),2(1)
1465:1(2)
1468:2(1)
1470:2(1)
1472:1(2),2(1)
1473:1(1)
1477:1(1)
1478:1(1),2(2)
1484:2(1)
1487:2(1)
1489:1(1)
1491:1(1)
1494:1(1)
1495:1(1)
1496:2(1)
1498:1(2)
1499:1(2)
1501:1(1)
1502:2(1)
1505:1(1)
1509:1(1)
1510:2(1)
1514:1(1)
1516:1(1)
1517:1(1)
1518:1(1),2(1)
1519:1(1)
1520:2(1)
1522:2(1)
1524:2(2)
1527:1(1)
1532:2(1)
1533:2(1)
1543:1(1)
1547:2(1)
1550:2(1)
1553:1(2)
1556:1(1)
1558:1(1)
1563:2(2)
1565:1(1)
1566:2(1)
1570:2(1)
1575:1(1)
1577:1(1),2(1)
1580:1(2)
1581:2(1)
1582:2(1)
1583:1(1)
1587:2(1)
1590:2(1)
1594:1(1)
1597:2(1)
1598:1(1)
1599:2(1)
1600:1(1)
1602:2(1)
1604:1(1)
1605:1(1),2(1)
1609:2(1)
1610:1(2)
1615:1(1)
1619:1(1)
1620:1(3),2(2)
1622:2(1)
1625:1(1)
1627:2(1)
1638:1(2),2(1)
1642:1(1)
1643:2(1)
1644:2(1)
1645:2(1)
1647:2(1)
1649:1(1),2(2)
1654:2(1)
1655:1(1)
1657:2(1)
1661:1(1)
1662:1(1),2(1)
1664:1(1)
1665:2(1)
1667:2(1)
1673:2(1)
1674:1(1)
1676:1(2)
1678:2(1)
1680:2(1)
1684:2(1)
1685:1(1)
1686:1(1)
1691:1(1)
1697:1(1),2(1)
1698:2(1)
1702:1(1)
1703:1(1),2(1)
1706:2(1)
1710:2(1)
1711:1(2)
1714:1(1)
1716:1(2)
1717:1(1)
1719:1(1)
1720:2(1)
1721:1(1)
1722:2(3)
1723:2(1)
1726:2(1)
1727:1(1)
1734:1(1),2(2)
1738:2(1)
1740:2(1)
1745:1(1)
1748:2(1)
1754:1(1)
1755:1(1)
1757:2(1)
1758:1(1)
1759:2(1)
1762:2(1)
1763:1(1)
1765:1(1)
1769:1(1)
1771:2(1)
1772:1(1)
1777:1(1)
1780:1(1)
1786:1(2)
1787:1(1),2(1)
1791:1(1)
1792:2(1)
1793:2(1)
1801:1(1),2(1)
1806:1(1),2(1)
1807:2(1)
1809:1(2)
1811:2(2)
1814:2(2)
1817:2(3)
1819:2(1)
1823:1(1)
1827:2(1)
1828:2(1)
1829:1(1),2(1)
1833:2(1)
1834:2(1)
1836:2(1)
1837:1(2),2(1)
1840:2(2)
1843:2(1)
1847:1(1)
1848:1(2)
1850:2(1)
1851:2(1)
1854:2(2)
1857:2(1)
1859:2(1)
1868:2(1)
1872:1(1)
1873:1(1)
1881:2(1)
1882:2(1)
1885:1(1)
1886:1(1)
1888:2(1)
1889:2(1)
1894:1(1)
1897:1(2)
1901:1(1)
1902:1(1)
1903:2(1)
1904:1(2)
1905:1(2)
1908:1(1),2(1)
1909:2(1)
1914:2(1)
1915:1(1),2(1)
1919:2(3)
1924:1(2),2(1)
1926:1(1)
1928:1(1)
1929:2(1)
1930:1(1)
1931:2(1)
1938:1(1)
1941:2(1)
1943:1(1),2(1)
1945:2(1)
1949:1(1)
1952:2(1)
1954:2(3)
1955:2(2)
1956:1(1)
1957:1(1)
1960:2(1)
1968:2(1)
1969:2(1)
1971:2(2)
1972:2(1)
1973:1(2)
1983:1(2)
1984:1(1)
1985:1(2)
1993:2(2)
2004:2(1)
2005:1(1),2(1)
2007:1(2),2(1)
2008:1(1)
2010:2(2)
2020:1(1),2(3)
2023:1(2)
2024:2(1)
2026:1(2)
2027:1(1)
2041:1(1)
2042:2(2)
2050:2(1)
2051:2(1)
2052:2(1)
2053:1(1),2(1)
2055:1(1),2(1)
2056:1(1)
2061:1(2)
2063:1(1)
2064:1(1)
2068:2(1)
2069:1(1),2(1)
2072:2(1)
2073:2(1)
2081:2(1)
2084:1(1)
2087:1(1)
2089:1(1)
2093:1(1)
2094:1(1)
2099:2(1)
2102:1(1)
2103:1(1),2(1)
2105:1(1),2(1)
2107:1(1)
2113:2(1)
2114:2(1)
2117:2(2)
2119:2(2)
2121:2(1)
2126:2(1)
2131:2(1)
2137:2(1)
2140:2(1)
2142:2(1)
2143:1(1)
2149:2(1)
2151:1(1)
2153:2(2)
2168:2(1)
2169:2(1)
2172:1(1)
2173:2(1)
2181:1(2)
2186:2(1)
2195:2(1)
2201:1(1)
2203:1(1)
2206:1(2)
2209:1(1)
2213:1(1),2(1)
2215:1(1),2(1)
2216:2(1)
2218:1(2)
2221:2(1)
2223:2(1)
2226:1(1)
2231:1(1)
2233:2(1)
2241:1(1)
2242:2(1)
2244:1(1)
2251:1(2)
2252:1(1)
2262:1(1)
2266:2(1)
2269:2(1)
2270:1(1)
2272:1(1)
2277:1(1)
2278:2(1)
2280:1(1)
2291:2(1)
2298:2(1)
2302:2(1)
2304:2(1)
2306:1(1)
2309:1(1)
2311:1(1)
2315:2(3)
2317:1(1)
2326:1(1)
2328:2(1)
2331:2(1)
2332:2(1)
2333:1(1),2(1)
2334:2(1)
2345:2(1)
2347:1(1)
2351:1(1)
2352:1(1)
2356:2(1)
2358:1(1)
2362:1(2)
2373:2(1)
2374:2(1)
2377:1(1)
2383:1(1)
2393:1(1)
2401:1(1)
2403:1(1)
2404:1(1)
2405:1(1)
2407:1(1)
2412:2(1)
2418:1(1),2(1)
2423:1(1)
2428:1(1)
2430:1(1)
2432:1(1),2(1)
2433:2(1)
2435:2(1)
2443:1(1)
2449:1(2)
2458:2(1)
2466:1(1)
2467:2(1)
2473:1(1)
2476:1(1),2(1)
2485:2(2)
2488:2(1)
2492:1(1)
2495:2(1)
2500:2(1)
2501:2(1)
2502:1(1)
2507:1(1)
2508:1(1)
2512:1(1)
2514:2(1)
2518:2(1)
2521:1(1)
2527:2(2)
2530:2(1)
2531:1(1)
2532:1(1),2(1)
2536:2(1)
2539:2(1)
2540:1(1),2(1)
2542:1(1)
2546:2(1)
2553:1(1)
2568:1(1)
2569:1(1)
2572:2(1)
2574:1(1)
2576:1(1)
2582:2(1)
2584:1(1)
2585:2(1)
2587:1(1)
2591:2(1)
2597:1(1),2(1)
2604:2(1)
2615:1(1)
2622:1(1)
2623:2(1)
2627:2(1)
2632:2(1)
2640:2(1)
2644:2(1)
2645:1(2)
2648:2(2)
2649:1(1)
2651:2(1)
2654:1(1)
2665:2(1)
2671:2(1)
2684:2(1)
2689:1(1),2(1)
2696:1(1)
2697:2(1)
2704:1(1)
2705:1(1)
2706:2(1)
2713:1(2)
2718:1(1)
2724:2(1)
2727:1(1)
2728:1(1)
2733:2(1)
2739:2(1)
2743:1(1)
2744:1(1)
2752:2(1)
2758:1(1)
2759:1(1)
2771:1(1)
2776:2(1)
2781:2(1)
2782:1(1)
2785:2(2)
2787:1(1)
2791:1(1)
2799:2(1)
2800:1(1)
2804:1(2)
2809:1(1)
2822:2(1)
2824:2(1)
2825:1(1)
2826:1(1)
2830:1(1)
2831:2(1)
2838:1(1)
2842:2(1)
2850:1(1)
2852:2(1)
2853:2(1)
2855:2(1)
2857:1(1)
2874:1(1)
2885:1(1),2(1)
2890:1(1)
2892:1(1)
2894:1(1)
2896:1(1)
2900:1(1)
2902:2(1)
2904:1(1)
2910:2(1)
2921:1(1)
2927:1(1)
2930:1(1)
2931:2(1)
2932:1(1)
2933:1(1)
2938:1(1),2(1)
2945:2(1)
2958:2(1)
2970:2(1)
2973:2(1)
3008:1(1)
3009:2(1)
3024:2(1)
3046:1(1)
3053:1(1)
3057:2(1)
3063:1(1)
3069:2(1)
3071:2(1)
3072:2(1)
3075:2(1)
3079:2(1)
3082:1(1)
3086:1(1)
3091:2(1)
3100:1(1)
3106:1(1)
3117:2(1)
3122:1(1)
3127:1(1)
3151:1(1)
3152:2(1)
3165:1(1)
3173:1(1)
3180:2(1)
3182:2(1)
3184:2(1)
3190:2(2)
3192:1(1)
3207:1(1)
3210:1(1)
3218:2(1)
3224:2(1)
3225:2(1)
3232:2(1)
3237:2(1)
3242:1(1)
3250:2(1)
3254:1(1)
3267:2(1)
3274:2(1)
3287:1(1)
3304:2(1)
3307:1(1)
3311:1(1)
3316:1(1)
3318:2(1)
3325:2(1)
3343:1(1)
3346:2(1)
3385:2(1)
3391:2(1)
3411:1(1)
3420:1(1)
3439:2(1)
3446:1(1)
3470:2(1)
3471:1(1)
3490:2(1)
3501:2(1)
3511:1(1)
3537:2(1)
3547:1(1)
3552:1(1)
3562:1(1)
3576:2(1)
3577:2(1)
3583:2(1)
3590:2(1)
3611:1(1)
3662:1(1)
3670:1(1)
3671:1(1)
3672:2(1)
3674:2(1)
3678:2(1)
3684:1(1)
3696:2(1)
3698:2(1)
3706:2(1)
3708:2(1)
3732:1(1)
3739:2(1)
3743:1(1)
3745:2(1)
3781:1(1)
3825:2(1)
3832:1(1)
3864:2(1)
3865:2(1)
3869:1(1)
3870:2(1)
3878:1(1)
3886:2(2)
3887:1(1)
3915:1(1),2(1)
3916:1(1)
3920:1(1)
3946:1(1)
3961:1(1)
3966:1(1)
3969:1(1)
3979:2(1)
3986:2(1)
4037:1(1)
4043:2(1)
4056:1(1)
4060:1(1)
4069:2(1)
4071:2(1)
4072:1(1)
4083:1(1)
4123:1(1)
4130:1(1)
4134:1(1)
4138:1(1)
4153:1(1)
4172:2(1)
4176:2(1)
4187:1(1)
4189:1(1)
4192:1(1)
4245:1(1)
4248:1(1)
4293:2(1)
4296:1(1)
4317:1(1)
4325:1(1)
4361:2(1)
4365:2(1)
4390:1(1)
4397:1(1)
4409:2(1)
4420:2(1)
4428:1(1)
4435:2(2)
4447:2(1)
4462:1(1)
4477:2(1)
4546:1(1)
4548:1(1)
4549:2(1)
4563:2(1)
4573:1(1)
4581:1(1)
4586:2(1)
4591:1(1)
4613:2(1)
4648:1(1)
4660:2(1)
4692:1(1)
4694:1(1)
4707:1(1)
4717:1(1)
4724:2(1)
4725:1(1)
4730:1(1)
4732:1(1)
4748:2(1)
4766:1(1)
4776:1(1)
4779:1(1)
4781:1(1)
4782:2(1)
4795:2(1)
4796:2(1)
4811:2(1)
4817:2(1)
4818:1(1)
4863:1(1)
4883:2(1)
4900:2(1)
4935:2(1)
4937:2(1)
4945:2(1)
4947:1(1)
4954:1(1)
4963:1(1)
4966:1(1)
4984:2(1)
4987:1(1)
4996:2(1)
5009:1(1)
5015:1(1)
5016:1(1)
5017:1(1),2(1)
5031:1(1)
5036:2(1)
5049:1(1)
5089:1(1)
5091:2(1)
5098:1(1)
5132:2(2)
5133:2(1)
5152:2(1)
5193:1(1)
5196:2(1)
5203:2(1)
5210:2(1)
5261:1(1)
5368:1(1)
5405:2(1)
5414:2(1)
5433:1(1)
5443:1(1)
5447:1(1)
5450:2(1)
5453:2(1)
5457:2(1)
5493:1(1)
5497:1(1)
5532:1(1)
5538:1(1)
5558:1(1)
5560:2(1)
5595:1(1)
5607:2(1)
5621:2(2)
5632:2(1)
5651:2(1)
5658:2(1)
5660:1(1)
5662:2(1)
5686:1(1)
5691:1(1)
5732:2(1)
5741:2(1)
5754:2(1)
5760:1(1)
5764:2(1)
5786:2(1)
5815:1(1)
5830:2(1)
5849:2(1)
5852:2(1)
5856:1(1)
5873:2(1)
5874:2(1)
5881:1(1)
5920:1(1)
5931:2(1)
5934:2(1)
5986:1(1)
5997:1(1)
6024:2(1)
6036:1(1)
6068:2(1)
6100:2(1)
6131:1(1)
6161:2(1)
6180:1(1)
6183:1(1)
6205:1(1)
6309:2(1)
6326:1(1)
6342:1(1)
6350:2(1)
6382:1(1)
6390:1(1)
6401:2(1)
6435:2(1)
6488:1(1)
6523:1(1)
6561:1(1)
6579:1(1)
6591:1(1)
6617:1(1)
6645:1(1)
6693:1(1)
6697:1(1),2(1)
6704:2(1)
6712:2(1)
6746:1(1)
6920:1(1)
---------------------------------------------
newcase5
3:8(1)
4:4(1),8(1)
6:0(1),7(1)
7:6(1)
11:5(1)
12:6(1)
14:9(2)
16:6(1)
17:14(1)
18:14(1)
19:7(1)
22:6(1),8(1),9(1)
23:5(1),13(1)
24:9(1)
26:5(1)
27:8(1)
28:7(1)
29:13(1)
30:5(1)
32:4(1)
33:10(1)
34:11(1)
36:6(1),12(1)
37:4(2),6(1),7(1),11(1),13(1)
38:9(1)
39:3(1),11(1)
43:0(1),13(1),14(1)
44:9(1)
45:6(1),8(1)
46:3(1),5(1)
47:11(1),14(1)
48:13(1)
50:0(1),9(1)
51:6(1),9(1),11(1),12(1)
52:7(1),11(1),12(1)
54:8(1)
55:13(1)
56:9(1),12(1)
57:8(1),13(1)
58:6(1)
59:0(1),9(1)
60:7(1)
62:3(1),6(2)
63:2(1)
64:4(1),12(1)
67:14(1)
69:0(1),4(1)
70:3(2),6(1)
71:6(1),13(1)
72:8(1)
73:6(1),11(1)
74:0(1)
75:0(1)
77:6(2),7(1)
78:0(1)
79:7(1),12(1)
83:9(1)
86:5(1),10(1),11(1)
87:5(2)
88:6(1)
91:11(1)
92:0(1),11(1)
93:10(1),11(1)
95:12(1)
96:6(1),8(1)
98:3(1)
99:6(1)
100:0(1)
101:8(1)
102:12(1)
103:3(1)
104:7(2)
105:9(1)
106:12(1)
107:4(1)
108:9(1)
109:8(1)
110:4(1),7(1),11(1),14(1)
114:2(1)
115:3(1)
116:9(1)
118:5(1),10(1),14(1)
121:0(1)
122:0(1)
123:13(1)
124:6(1)
125:1(1)
126:0(1),1(1)
127:8(1)
131:8(1)
133:9(1)
134:0(1),4(1)
135:6(1),10(2)
136:7(1),11(1)
137:6(1),8(1)
138:0(1),3(1),9(1),10(1)
139:11(2)
140:8(1),9(1)
141:1(1),5(1),6(1)
144:7(1),11(1),12(1)
146:3(1),11(1),12(1)
147:3(1),7(1),14(1)
151:3(1),5(1),7(1)
153:11(1)
155:5(1)
157:6(1),8(1),9(1),10(1)
158:6(1),9(1)
159:0(1)
160:9(1)
162:4(1)
164:7(1),10(1)
165:0(1),9(1)
169:3(1),8(1),10(1)
170:0(1),8(1)
171:5(1),13(1)
172:4(1),5(1)
173:4(1)
176:3(1),7(1),8(1),11(1),12(1)
177:7(1),14(1)
178:11(1)
184:10(1)
187:5(1),11(1)
189:6(1),8(1)
190:0(1)
191:12(1),13(1)
193:5(2),13(1)
195:5(1)
196:10(2)
198:6(1)
199:3(1),5(1),13(1)
201:0(1),9(1),13(1)
203:3(1),8(1),11(1),13(1)
204:5(1)
205:0(1)
206:9(1),13(1),14(1)
209:10(1)
210:4(1),7(1),8(1)
211:7(1),14(1)
212:4(1),8(1),14(1)
214:14(1)
215:4(1)
216:0(1),3(1)
217:4(1),6(1)
218:5(1),8(1)
219:5(1)
220:3(1),11(1)
222:10(1),12(1)
223:5(1)
224:11(1),12(1)
225:0(1),3(1)
226:0(1),4(1),10(1)
228:1(1),6(1)
229:5(1),8(1),9(1),13(1)
231:8(1),12(1)
233:7(1),8(1),11(1)
235:7(1)
236:4(1),7(1)
237:10(1),12(1)
238:4(1),5(1),11(1)
240:4(1),9(1),10(1),14(1)
241:14(1)
242:8(1)
243:0(2),11(1)
244:6(1),8(2),9(2),12(1),14(1)
245:6(1),9(1)
246:0(1),7(1),12(1)
247:4(1)
248:14(1)
249:0(1)
250:7(1)
253:7(1),8(2)
255:0(1),7(2)
256:0(1),12(1),14(1)
257:8(1)
258:0(1),6(1)
259:0(1),4(1),11(1)
260:10(3)
261:0(2)
262:7(1)
265:13(1)
267:12(1)
269:10(1),11(1)
276:11(1),13(1)
279:11(1)
283:12(1),13(1),14(1)
288:4(1),8(1)
289:10(1)
292:4(1)
293:9(1)
295:10(1)
298:9(1)
311:0(1)
312:0(1),14(1)
313:8(1)
316:5(1)
323:8(1)
324:0(1)
328:8(1)
329:4(1)
337:8(1)
338:5(1)
340:8(1)
341:5(1),10(1)
345:7(1)
346:11(1)
351:4(1)
352:6(1)
355:6(1)
356:6(1)
362:5(1)
364:2(1),11(1)
366:6(1)
369:0(1)
374:9(1)
376:0(1)
378:10(1)
386:6(1)
387:13(1)
394:12(1)
405:4(1)
406:6(1)
408:6(1)
418:3(1)
423:10(1)
427:0(1)
430:0(1)
431:0(1)
434:6(1)
439:11(1)
440:3(1)
444:0(1)
449:8(1)
450:12(1)
455:5(1)
458:10(1)
463:10(1)
471:9(1)
498:9(1)
504:11(1)
505:9(1)
515:14(1)
518:4(1)
519:12(1)
534:0(1),6(1)
552:5(1),12(1)
560:6(1),11(1)
567:1(1)
569:10(1)
572:4(1)
587:10(1)
588:6(1)
593:2(1)
603:8(1)
606:1(1)
607:14(1)
609:6(1)
623:11(1)
629:6(1)
636:2(1),14(1)
639:14(1)
647:5(1)
661:7(1)
668:12(1)
676:10(1)
677:1(1),5(1)
687:13(1)
695:6(1)
697:1(1)
698:1(1)
718:9(1)
719:9(1)
731:12(1)
737:1(1),13(1)
745:11(1)
746:5(1)
765:0(1)
789:1(1)
864:2(1)
879:1(1)
959:2(1)
1068:2(1)
1260:1(1)
1268:2(1)
1297:1(1)
1301:2(1)
1435:2(1)
1484:2(1)
1620:1(1)
1624:1(1)
1669:1(1)
1711:2(1)
1742:1(1)
1746:1(1)
1782:1(1)
1819:1(1)
1826:2(1)
1838:1(1)
1840:1(1)
1863:1(1)
1878:2(1)
1956:1(1)
1965:1(1)
1969:1(2)
1970:2(1)
1972:2(1)
1995:2(1)
2033:1(1)
2044:1(2),2(1)
2046:1(1)
2258:2(1)
2416:1(1)
2708:1(1)
2782:1(1)
2887:1(1)
2945:2(1)
2991:2(1)
3071:2(1)
3079:1(1)
3093:2(1)
3096:2(1)
3202:1(1)
3236:2(1)
3447:2(1)
3557:2(1)
3580:2(1)
3594:2(1)
3629:1(1)
3828:2(1)
4137:2(1)
4171:2(1)
4289:1(1)
5409:1(1)
---------------------------------------------
