newcase
0:8(1)
1:8(2)
2:7(5),8(4)
3:0(6),3(1),4(5),5(3),6(3),7(6),8(7),9(7),10(5),11(3),12(4),13(10),14(7)
4:0(4),3(5),4(8),5(4),6(7),7(9),8(3),9(5),10(4),11(5),12(2),13(4),14(11)
5:0(2),3(3),4(3),5(10),6(7),7(5),8(6),9(6),10(8),11(6),12(7),13(9),14(4)
6:0(3),3(10),4(2),5(4),6(4),7(9),8(7),9(6),10(2),11(11),12(6),13(9),14(7)
7:0(2),3(4),4(2),5(5),6(3),7(8),8(5),9(1),10(6),11(10),12(4),13(5),14(8)
8:0(9),3(6),4(4),5(4),6(11),7(4),8(3),9(11),10(7),11(7),12(6),13(7),14(6)
9:0(9),3(5),4(2),5(3),6(5),7(4),8(5),9(5),10(6),11(6),12(7),13(9),14(8)
10:0(3),3(6),4(4),5(3),6(5),7(2),8(4),9(6),10(2),11(4),12(7),13(4),14(10)
11:0(8),3(2),4(7),5(8),6(8),7(5),8(5),9(4),10(4),11(2),12(8),13(7),14(5)
12:0(2),3(7),4(6),5(8),6(3),7(9),8(6),9(6),10(3),11(9),12(4),13(4),14(6)
13:0(10),3(1),4(9),5(4),6(4),7(3),8(2),9(4),10(2),11(6),12(7),13(6),14(9)
14:0(4),3(7),4(1),5(9),6(7),7(1),8(8),9(9),10(4),11(6),12(6),13(5),14(6)
15:0(7),3(8),4(4),5(7),6(4),7(1),8(4),9(3),10(5),11(1),12(6),13(3),14(5)
16:0(6),3(8),4(6),5(5),6(4),7(7),8(3),9(3),10(4),11(8),12(6),13(7),14(7)
17:0(6),3(3),4(3),5(5),6(5),7(6),8(4),9(2),10(6),11(6),12(8),13(6),14(7)
18:0(9),3(4),4(1),5(8),6(4),7(6),8(10),9(8),10(2),11(5),12(9),13(5),14(9)
19:0(4),3(4),4(4),5(11),6(4),7(13),8(5),9(6),10(5),11(2),12(9),13(8),14(4)
20:0(5),3(3),4(6),5(8),6(5),7(2),8(4),9(8),10(4),11(6),12(3),13(8),14(4)
21:0(4),3(11),4(8),5(13),6(1),7(15),8(6),9(4),10(5),11(1),12(9),13(12),14(4)
22:0(8),3(6),4(4),5(4),6(8),7(6),8(10),9(8),10(5),11(6),12(3),13(11),14(8)
23:0(4),3(4),4(6),5(6),6(3),7(7),8(7),9(5),10(3),11(8),12(5),13(13),14(6)
24:0(7),1(2),3(6),4(7),5(6),6(5),7(5),8(5),9(6),10(2),11(7),12(5),13(4),14(11)
25:0(4),1(1),2(1),3(2),4(6),5(10),6(3),7(7),8(2),9(4),10(3),11(1),12(7),13(4),14(6)
26:0(8),1(1),3(5),4(6),5(3),6(11),7(4),8(4),9(6),10(1),11(4),12(3),13(3),14(4)
27:0(8),2(1),3(5),4(4),5(4),6(6),7(2),8(10),9(6),10(6),11(3),12(7),13(9),14(6)
28:0(5),1(2),3(4),4(6),5(11),6(8),7(12),8(2),9(2),10(4),11(4),12(4),13(7),14(10)
29:0(9),1(2),2(2),3(5),4(7),5(5),6(4),7(5),8(3),9(4),10(7),11(8),12(7),13(10),14(2)
30:0(7),1(1),2(1),3(3),4(2),5(7),6(5),7(7),8(4),9(3),10(9),11(6),12(8),13(4),14(5)
31:0(4),1(1),2(2),3(1),4(2),5(8),6(8),7(8),8(2),9(7),10(9),11(7),12(7),13(9),14(6)
32:0(3),1(2),2(1),3(5),4(8),5(6),6(5),7(4),8(5),9(9),10(5),11(6),12(8),13(7),14(6)
33:0(5),3(4),4(9),5(1),6(2),7(8),8(6),9(7),10(7),11(6),12(7),13(7),14(5)
34:0(3),1(1),3(5),4(3),5(4),6(5),7(2),8(4),9(6),10(12),11(9),12(6),13(6),14(9)
35:0(10),1(2),3(6),4(1),5(8),6(7),7(3),8(3),9(6),10(4),11(3),12(5),13(8),14(6)
36:0(3),1(1),3(7),4(5),5(4),6(4),7(10),8(7),9(7),10(5),11(3),12(6),13(6),14(5)
37:0(8),3(2),4(11),5(11),6(5),7(5),8(6),9(5),10(5),11(6),12(4),13(6),14(2)
38:0(4),3(6),4(11),5(9),6(4),7(8),8(14),9(6),10(8),11(4),12(8),13(9),14(9)
39:0(4),2(1),3(7),4(5),5(4),6(7),7(6),8(6),9(10),10(5),11(3),12(10),13(3),14(7)
40:0(5),1(1),3(1),4(6),5(7),6(1),7(5),8(5),9(7),10(11),11(4),12(3),13(5),14(6)
41:0(5),1(1),2(1),3(10),4(6),5(5),6(4),7(8),8(4),9(6),10(4),11(4),12(6),13(8),14(4)
42:0(5),1(1),3(4),4(6),5(7),6(5),7(4),8(5),9(5),10(12),11(3),12(4),13(1),14(7)
43:0(7),3(8),4(6),5(5),6(5),7(7),8(6),9(5),10(5),11(6),12(8),13(5),14(5)
44:0(4),3(5),4(4),5(4),6(5),7(6),8(5),9(4),10(7),11(11),12(8),13(8),14(7)
45:0(4),1(2),2(1),3(7),4(7),5(4),6(4),7(11),8(8),9(6),10(3),11(5),12(3),13(4),14(6)
46:0(5),3(2),4(7),5(10),6(4),7(9),8(4),9(7),10(5),11(6),12(7),13(7),14(11)
47:0(6),4(12),5(6),6(5),7(4),8(7),9(10),10(8),11(4),12(8),13(3),14(9)
48:0(5),1(2),2(1),3(8),4(4),5(2),6(4),7(3),8(5),9(4),10(6),11(5),12(9),13(10),14(8)
49:0(7),3(3),4(4),5(4),6(6),7(7),8(8),9(7),10(4),11(4),12(6),13(8),14(3)
50:0(5),1(1),3(10),4(6),5(2),6(8),7(8),8(5),9(9),10(6),11(4),12(4),13(12),14(6)
51:0(5),3(8),4(9),5(4),6(7),7(3),8(7),9(4),10(6),11(10),12(8),13(3),14(6)
52:0(5),3(11),4(4),5(6),6(5),7(6),8(1),9(7),10(10),11(7),12(4),13(5),14(6)
53:0(6),3(5),4(3),5(6),6(10),7(7),8(3),9(4),10(3),11(2),12(5),13(10),14(5)
54:0(3),1(1),2(1),3(8),4(10),5(6),6(7),7(3),8(14),9(7),10(7),11(2),12(3),13(5),14(1)
55:0(4),1(1),3(15),4(12),5(4),6(3),7(5),8(3),9(7),10(1),11(7),12(7),13(6),14(7)
56:0(2),2(1),3(4),4(6),5(5),6(6),7(11),8(8),9(7),10(4),11(3),12(7),13(1),14(11)
57:0(8),3(4),4(4),5(4),6(4),7(4),8(9),9(7),10(7),11(5),12(6),13(4),14(5)
58:0(7),1(1),2(1),3(2),4(2),5(6),6(9),7(6),8(4),9(7),10(5),11(5),12(4),13(5),14(9)
59:0(5),1(1),2(2),3(7),4(7),5(3),6(7),7(9),8(9),9(7),10(8),11(6),12(6),13(8),14(5)
60:0(4),3(2),4(7),5(9),6(6),7(3),8(5),9(3),10(7),11(10),12(8),13(4),14(10)
61:0(3),1(1),2(1),3(4),4(4),5(8),6(4),7(7),8(4),9(8),10(5),11(2),12(6),13(4),14(8)
62:0(4),3(6),4(3),5(5),6(7),7(2),8(7),9(3),10(5),11(4),12(8),13(5),14(4)
63:0(7),1(1),2(1),3(5),5(7),6(1),7(6),8(6),9(4),10(9),11(10),12(4),13(6),14(1)
64:0(11),1(1),3(4),4(6),5(4),6(10),7(8),8(6),9(4),10(5),11(5),12(9),13(8),14(12)
65:0(7),2(2),3(3),4(5),5(8),6(2),7(3),8(9),9(4),10(8),11(7),12(9),13(5),14(6)
66:0(6),1(2),2(2),3(7),4(6),5(10),6(7),7(9),8(8),9(8),10(6),11(4),12(3),13(8),14(8)
67:0(7),2(2),3(7),4(5),5(2),6(3),8(7),9(5),10(5),11(6),12(7),13(6),14(7)
68:0(5),2(1),3(6),4(7),5(5),6(5),7(1),8(2),9(9),10(5),11(5),12(10),13(11),14(8)
69:0(6),1(1),3(4),4(6),5(9),6(7),7(6),8(3),9(7),10(4),11(7),12(5),13(4),14(4)
70:0(7),1(1),3(11),4(7),5(4),6(6),7(9),8(6),9(2),10(5),11(3),12(5),13(8),14(8)
71:0(7),1(1),3(5),4(2),5(8),6(9),7(4),8(8),9(13),10(6),11(5),12(5),13(11),14(8)
72:0(4),3(9),4(4),5(5),6(4),7(7),8(6),9(4),10(5),11(8),12(10),13(7),14(9)
73:0(8),1(1),3(8),4(7),5(8),6(5),7(8),8(8),9(8),10(5),11(5),12(7),13(6),14(6)
74:0(13),3(3),4(4),5(2),6(7),7(7),8(5),9(11),10(6),11(9),12(6),13(6),14(4)
75:0(8),3(7),4(9),5(5),6(8),7(7),8(12),9(7),10(4),11(6),12(6),13(10),14(9)
76:0(2),1(1),3(3),4(10),5(11),6(8),7(9),8(4),9(9),10(6),11(1),12(3),13(10),14(6)
77:0(3),2(1),3(3),4(4),5(5),6(4),7(5),8(5),9(6),10(9),11(3),12(10),13(4),14(1)
78:0(7),1(1),3(3),4(5),5(4),6(6),7(6),8(7),9(7),10(6),11(5),12(3),13(5),14(11)
79:0(4),1(1),2(3),3(9),4(6),5(7),6(3),7(5),8(4),9(8),10(3),11(3),12(8),13(6),14(8)
80:0(6),3(7),4(12),5(4),6(5),7(2),8(6),10(5),11(4),12(3),13(9),14(6)
81:0(4),2(1),3(9),4(6),5(4),6(3),7(3),8(4),9(7),10(1),11(8),12(4),13(5),14(6)
82:0(11),3(1),4(6),5(2),6(4),7(4),8(5),9(2),10(4),11(7),12(9),13(3),14(6)
83:0(6),2(1),3(6),4(6),5(3),6(5),7(5),8(7),9(9),10(10),11(2),12(1),13(5),14(8)
84:0(5),1(1),2(2),3(4),4(11),5(1),6(7),7(8),8(9),9(2),10(8),11(2),12(11),13(5),14(5)
85:0(5),2(1),3(4),4(3),5(5),6(4),7(3),8(7),9(8),10(7),11(2),12(9),13(8),14(5)
86:0(7),2(2),3(10),4(5),5(4),6(12),7(3),8(7),9(10),10(10),11(7),12(5),13(9),14(7)
87:0(8),1(1),3(9),4(2),5(5),6(6),7(11),8(5),9(6),10(5),11(7),12(4),13(8),14(7)
88:0(6),1(1),3(10),4(6),5(5),6(15),7(1),8(7),9(3),10(1),11(3),12(7),13(8),14(3)
89:0(6),2(3),3(4),4(6),5(7),6(4),7(7),8(4),9(2),10(6),11(5),12(8),13(7),14(8)
90:0(3),1(1),2(2),3(2),4(2),5(4),6(8),7(1),8(2),9(7),10(6),11(6),12(5),13(10),14(6)
91:0(4),1(1),3(7),4(9),5(4),6(6),7(11),8(4),9(5),10(2),11(2),12(5),13(8),14(4)
92:0(7),1(2),2(3),3(7),4(5),5(5),6(10),7(5),8(6),9(2),10(6),11(3),12(6),13(9),14(3)
93:0(7),2(2),3(11),4(9),5(3),6(2),7(5),8(4),9(9),10(5),11(3),12(2),13(9),14(6)
94:0(8),1(1),2(1),3(5),4(8),5(4),6(5),7(4),8(2),9(6),10(5),11(6),12(5),13(6),14(9)
95:0(6),1(2),2(1),3(5),4(2),5(4),6(5),7(5),8(6),9(6),10(7),11(7),12(6),13(8),14(6)
96:0(2),1(1),2(1),3(5),4(9),5(6),6(6),7(10),8(5),9(4),10(6),11(11),12(4),13(8),14(7)
97:0(5),1(1),2(1),3(4),4(6),5(2),6(11),7(6),8(6),9(1),10(8),11(9),12(6),13(8),14(7)
98:0(8),1(2),2(1),3(7),4(7),5(7),6(4),7(7),8(1),9(5),10(6),11(9),12(7),13(12),14(1)
99:3(3),4(1),5(7),6(7),7(5),8(5),9(7),10(2),11(2),12(8),13(5),14(7)
100:0(6),2(1),3(5),4(7),5(8),6(5),7(5),8(5),9(5),10(8),11(6),12(7),13(3),14(8)
101:0(4),1(3),3(6),4(7),5(6),6(4),7(6),8(2),9(10),10(9),11(4),12(8),13(3),14(6)
102:0(8),1(2),3(10),4(2),5(5),6(2),7(7),8(3),9(5),10(10),11(2),12(9),13(4),14(7)
103:0(3),2(1),3(5),4(5),5(4),6(6),7(7),8(6),9(4),10(4),11(3),12(6),13(8),14(4)
104:0(5),3(10),4(1),5(6),6(4),7(6),8(4),9(3),10(6),11(4),12(6),13(8),14(6)
105:0(6),3(5),4(2),5(8),6(3),7(5),8(3),9(6),10(4),11(4),12(7),13(5),14(5)
106:0(7),1(2),3(5),4(5),5(6),6(4),7(5),8(6),9(2),10(5),11(6),12(5),13(5),14(10)
107:0(9),3(8),4(8),5(5),6(6),7(2),8(7),9(5),10(5),11(7),12(5),13(6),14(6)
108:0(1),2(3),3(4),4(4),5(2),6(7),7(7),8(5),9(8),10(8),11(1),12(6),13(2),14(7)
109:0(9),3(7),4(11),5(7),6(11),7(6),8(6),9(8),10(6),11(7),12(8),13(4),14(7)
110:0(5),2(1),3(3),4(2),5(4),6(3),7(11),8(6),9(7),10(4),11(6),12(7),13(5),14(6)
111:0(3),3(4),4(5),5(6),6(1),7(4),8(8),9(5),10(6),11(5),12(8),13(4),14(5)
112:0(2),1(1),3(6),4(4),5(4),6(8),7(1),8(4),9(4),10(7),11(6),12(6),13(3),14(8)
113:0(6),1(2),2(4),3(3),4(3),5(5),6(2),7(8),8(3),9(5),10(8),11(7),12(6),13(7),14(2)
114:0(8),2(2),3(7),4(4),5(8),6(2),7(3),8(7),9(5),10(5),11(4),12(6),13(7),14(8)
115:0(4),1(1),2(2),3(3),4(4),5(6),6(5),7(5),8(6),9(7),10(5),11(9),12(6),13(9),14(7)
116:0(7),2(1),3(6),4(8),5(5),6(7),7(8),8(12),9(8),10(3),11(3),12(8),13(7),14(9)
117:0(5),3(4),4(5),5(7),6(8),7(5),8(6),9(7),10(5),11(2),12(3),13(5),14(10)
118:0(5),1(1),3(5),4(3),5(9),6(5),7(7),8(4),9(6),10(5),11(3),12(6),13(4),14(13)
119:0(7),2(1),3(4),4(3),5(7),6(2),7(8),8(5),9(8),10(4),11(7),12(8),13(3),14(5)
120:0(4),3(6),4(5),5(8),6(11),7(3),8(5),9(4),10(4),11(3),12(6),13(6),14(8)
121:0(8),1(1),3(7),4(1),5(4),6(3),7(4),8(2),9(5),10(2),11(1),12(3),13(4),14(10)
122:0(6),3(9),4(9),5(6),6(7),7(4),8(4),9(3),10(7),11(8),12(7),13(7),14(5)
123:0(6),1(1),2(1),3(3),4(6),5(6),6(6),7(10),8(5),9(4),10(7),11(6),12(8),13(6),14(5)
124:0(8),1(1),3(5),4(4),5(7),6(8),7(3),8(7),9(8),10(6),11(8),12(8),13(6),14(10)
125:0(9),1(1),3(6),4(10),5(3),6(5),7(5),8(2),9(4),10(5),11(4),12(2),13(8),14(6)
126:0(7),1(2),2(1),3(4),4(6),5(7),6(7),7(6),8(5),9(9),10(4),12(5),13(6),14(7)
127:0(3),1(1),2(2),3(3),4(6),5(8),6(6),7(6),8(9),10(4),11(4),12(6),13(4),14(3)
128:0(5),1(3),3(4),4(3),5(1),6(7),7(7),8(5),9(5),10(3),11(3),12(3),13(4),14(7)
129:0(5),3(8),4(5),5(4),6(7),7(12),8(4),9(2),10(9),11(4),12(3),13(5),14(6)
130:0(6),1(1),3(4),4(1),5(6),6(4),7(7),8(4),9(9),10(7),11(5),12(7),13(5),14(8)
131:0(4),1(1),2(1),3(5),4(5),5(2),6(4),7(3),8(5),9(5),10(11),11(7),12(5),13(2),14(6)
132:0(4),1(1),3(4),4(5),5(8),6(7),7(4),8(6),9(9),10(6),11(9),12(7),13(5),14(10)
133:0(4),2(1),3(4),4(5),5(9),6(10),7(4),8(2),9(5),11(8),12(4),13(7),14(6)
134:0(7),1(1),3(7),4(6),5(4),6(8),7(4),8(9),9(5),10(3),11(2),12(5),13(3),14(5)
135:2(1),3(9),4(4),5(8),6(9),7(5),8(4),9(5),10(9),11(12),12(5),13(6),14(2)
136:0(2),2(1),3(4),4(4),5(5),6(6),7(8),8(7),9(4),10(6),11(4),12(10),13(6),14(2)
137:0(3),1(1),3(10),4(14),5(8),6(4),7(4),8(2),9(5),10(2),11(4),12(5),13(5),14(5)
138:0(6),1(1),3(3),4(6),5(5),6(3),7(8),8(7),9(2),10(6),11(2),12(5),13(8),14(9)
139:0(6),1(4),3(5),4(3),5(3),6(1),7(3),8(8),9(6),10(2),11(6),12(5),13(9),14(8)
140:0(10),3(6),4(4),5(8),6(6),7(9),8(6),9(9),10(4),11(6),12(5),13(2),14(5)
141:1(2),3(6),4(1),5(4),6(6),7(3),8(7),9(9),10(7),11(5),12(6),13(6),14(4)
142:0(6),1(2),3(3),4(5),5(11),6(8),7(4),8(4),9(2),10(7),11(9),12(8),13(10),14(5)
143:0(9),1(2),3(5),4(8),5(5),6(5),7(2),8(3),9(6),10(6),11(6),12(7),13(4),14(5)
144:0(2),3(5),4(8),5(7),6(3),7(5),8(5),9(3),10(2),11(5),12(7),13(13),14(3)
145:0(8),1(1),3(11),4(4),5(4),6(7),7(5),8(5),9(4),10(5),11(3),12(5),13(2),14(10)
146:0(9),1(3),2(1),3(10),4(3),5(4),6(3),7(7),8(2),9(5),10(3),11(5),12(5),13(4),14(7)
147:0(5),1(1),3(8),4(5),5(6),6(7),7(7),8(5),9(5),10(6),11(9),12(8),13(6),14(3)
148:0(5),1(2),3(5),4(5),5(4),6(6),7(6),8(2),9(6),10(3),11(5),12(7),13(3),14(8)
149:0(2),1(1),2(1),3(7),4(8),5(5),6(10),7(3),8(8),9(4),10(4),11(6),12(5),13(2),14(8)
150:0(7),3(4),4(6),5(7),6(3),7(8),8(3),9(6),10(7),11(3),12(11),14(15)
151:0(4),2(1),3(10),4(8),5(4),6(4),7(9),8(3),9(6),10(5),11(7),12(7),13(5),14(7)
152:0(5),1(2),2(1),3(4),4(8),5(11),6(3),7(3),8(5),9(7),10(8),11(2),12(10),13(4),14(7)
153:0(4),1(1),2(1),3(6),4(6),5(5),6(9),7(4),8(1),9(5),10(8),11(3),12(2),13(2),14(7)
154:0(4),3(8),4(5),5(3),6(4),7(4),8(8),9(3),10(3),11(5),12(7),13(5),14(8)
155:0(2),3(5),4(5),5(7),6(10),7(5),8(5),9(5),10(8),11(1),12(8),13(6),14(6)
156:0(10),3(7),4(10),5(3),6(3),7(9),8(6),9(3),10(2),11(7),12(7),13(6),14(8)
157:0(3),1(1),2(1),3(7),4(3),5(4),6(11),7(4),8(10),9(9),10(14),11(2),12(6),13(2),14(7)
158:0(8),2(1),3(7),4(7),5(9),6(5),7(6),8(1),9(8),10(4),11(3),12(7),13(4),14(3)
159:0(12),1(2),2(1),3(4),4(7),5(4),6(3),7(13),8(5),9(2),10(6),11(4),12(3),13(7),14(5)
160:0(7),2(2),3(4),4(3),5(6),6(4),7(6),8(6),9(2),10(9),11(3),12(3),13(5),14(8)
161:0(7),3(6),4(5),5(5),6(2),7(4),8(3),9(7),10(4),11(6),12(10),13(5),14(3)
162:0(8),3(5),4(5),5(5),6(3),7(9),8(4),9(4),10(5),11(5),12(6),13(4),14(3)
163:0(3),1(2),3(5),4(7),5(10),6(6),7(7),8(8),9(4),10(10),11(7),12(6),13(5),14(3)
164:0(8),3(3),4(4),5(3),6(4),7(12),8(4),9(6),10(7),11(7),12(5),13(6),14(5)
165:0(6),1(2),2(1),3(8),4(5),5(5),6(2),7(7),8(7),9(5),10(6),11(2),12(10),13(9),14(4)
166:0(5),1(3),2(1),3(2),4(6),5(5),6(6),7(6),8(7),9(10),10(9),11(5),12(6),13(7),14(1)
167:0(4),1(3),3(9),4(3),5(8),6(7),7(6),8(6),9(5),10(12),11(9),12(5),13(5),14(4)
168:0(1),3(5),4(7),5(8),6(3),7(2),8(6),9(3),10(3),11(6),12(5),13(7),14(9)
169:0(4),2(1),3(4),4(4),5(4),6(5),7(4),8(4),9(3),10(8),11(10),12(5),13(3),14(10)
170:0(4),1(1),3(6),4(5),5(5),6(4),7(4),8(5),9(7),10(5),11(3),12(8),13(11),14(8)
171:0(5),1(1),2(1),3(4),4(9),5(12),6(6),7(5),8(3),9(4),10(2),11(5),12(9),13(6),14(5)
172:0(8),1(2),2(1),3(6),4(9),5(10),6(9),7(7),8(3),9(3),10(5),11(5),12(4),13(5),14(11)
173:0(7),3(8),4(7),5(8),6(3),7(6),8(5),9(8),10(4),11(2),12(5),13(5),14(4)
174:0(4),2(2),3(3),4(8),5(8),6(9),7(8),8(5),9(6),10(10),11(6),12(5),13(7),14(2)
175:0(5),1(1),3(9),4(6),5(8),6(3),7(8),8(4),9(6),10(7),11(4),12(4),13(3),14(10)
176:0(6),3(6),4(8),5(2),6(4),7(7),8(3),9(5),10(2),11(9),12(6),13(7),14(9)
177:0(11),1(1),3(2),4(6),5(4),6(4),7(9),8(4),9(8),10(6),11(7),12(5),13(9),14(4)
178:0(7),2(2),3(6),4(6),5(7),6(1),7(3),8(9),9(7),10(3),11(10),12(4),13(13),14(8)
179:0(7),1(1),3(5),4(4),5(7),6(5),7(4),8(2),10(8),11(3),12(6),13(6),14(5)
180:0(2),1(2),2(1),3(6),4(4),5(9),6(6),7(2),8(5),9(4),10(4),11(4),12(8),13(8),14(9)
181:0(2),3(7),4(4),5(6),6(6),7(2),8(4),9(3),10(4),11(2),12(2),13(3),14(6)
182:0(4),1(1),3(2),4(6),5(3),6(5),7(3),8(7),9(6),10(8),11(5),12(5),13(6),14(4)
183:0(7),1(1),3(7),4(2),5(3),6(5),7(8),8(5),9(10),10(3),11(2),12(6),13(6),14(4)
184:0(7),1(2),2(2),3(7),4(7),5(12),6(6),7(4),8(4),9(4),10(6),11(6),12(8),13(9),14(6)
185:0(8),3(2),4(4),5(4),6(3),7(10),8(9),9(6),10(7),11(5),12(7),13(9),14(5)
186:0(8),3(7),4(7),5(5),6(6),7(4),8(4),9(9),10(4),11(7),12(8),13(6),14(5)
187:0(9),2(2),3(2),4(4),5(8),6(7),7(9),8(2),9(3),10(1),11(4),12(11),13(7),14(6)
188:0(6),1(1),2(1),3(2),4(3),5(4),6(4),7(7),8(7),9(6),10(1),11(6),12(3),13(5)
189:0(3),1(1),3(5),4(5),5(9),6(7),7(9),8(6),9(6),10(4),11(4),12(4),13(6),14(8)
190:0(8),1(1),2(1),3(5),4(8),5(10),6(5),7(5),8(1),9(2),10(6),11(9),12(8),13(10),14(7)
191:0(6),1(1),3(5),4(4),5(4),6(4),7(2),8(6),9(5),10(5),11(3),12(9),13(5),14(4)
192:0(4),3(5),4(7),5(10),6(6),7(2),8(3),9(8),10(6),11(5),12(4),13(6),14(8)
193:0(4),2(3),3(2),4(4),5(7),6(10),7(2),8(1),9(9),10(5),11(11),12(3),13(5),14(2)
194:1(1),2(1),3(4),4(5),5(6),6(3),7(7),8(6),9(2),10(9),11(6),12(5),13(4),14(7)
195:0(2),2(2),3(4),4(7),5(5),6(5),7(9),8(6),9(7),11(2),12(8),13(14),14(5)
196:0(4),1(1),3(3),4(4),5(4),6(12),7(7),8(6),9(8),10(8),11(5),12(4),13(5),14(5)
197:0(8),2(1),3(3),4(9),5(1),6(5),7(6),8(4),9(4),10(7),11(7),12(7),13(4),14(6)
198:0(7),1(1),3(4),4(3),5(3),6(4),7(5),8(9),9(6),10(3),11(13),12(6),13(4),14(8)
199:0(3),1(1),2(1),3(9),4(5),5(2),6(4),7(3),8(6),9(4),10(7),11(5),12(7),13(3),14(7)
200:0(6),1(1),2(1),3(4),4(5),5(7),6(5),7(3),8(7),9(3),10(6),11(4),12(6),13(4),14(7)
201:0(2),1(1),3(3),4(11),5(7),6(4),7(4),8(2),9(10),10(3),11(5),12(9),13(6),14(2)
202:0(7),3(8),4(7),5(4),6(7),7(3),8(6),9(3),10(8),11(8),12(12),13(10),14(6)
203:0(1),3(9),4(2),5(6),6(4),7(4),8(10),9(7),10(4),11(7),12(2),13(7),14(4)
204:1(1),2(1),3(5),4(4),5(8),6(10),7(4),8(5),9(6),10(4),11(5),12(3),13(7),14(4)
205:0(6),2(1),3(5),4(7),5(8),6(5),7(5),8(6),9(9),10(8),11(2),12(4),13(7),14(11)
206:0(5),1(2),3(8),4(7),5(6),6(7),7(5),8(3),9(4),10(6),11(5),12(4),13(7),14(3)
207:0(4),2(1),3(9),4(10),5(6),6(8),7(4),8(6),9(5),10(8),11(5),12(6),13(5),14(4)
208:0(13),2(3),3(7),4(3),5(5),6(4),7(8),8(4),9(5),10(7),11(3),12(5),13(6),14(2)
209:0(8),3(7),4(4),5(8),6(6),7(7),8(7),9(4),10(4),11(4),12(5),13(4),14(9)
210:0(6),1(2),2(1),3(6),4(6),5(3),6(3),7(7),8(8),9(3),10(4),11(3),12(10),13(8),14(4)
211:0(6),1(1),2(2),3(10),4(5),5(6),6(5),7(4),8(7),9(1),10(3),11(2),12(5),13(5),14(6)
212:0(11),1(1),2(3),3(8),4(9),5(3),6(6),7(3),8(5),9(5),10(2),11(5),12(8),13(5),14(8)
213:0(8),1(2),3(5),4(4),5(9),6(2),7(3),8(6),9(5),10(2),11(9),12(4),13(6),14(10)
214:0(4),1(1),2(1),3(7),4(7),5(7),6(8),7(7),8(5),9(7),10(5),11(4),12(8),13(5),14(5)
215:0(2),1(1),2(1),3(7),4(11),5(4),6(4),7(8),8(5),9(5),10(4),11(3),12(6),13(4),14(8)
216:0(2),2(1),3(4),4(3),5(9),6(8),7(6),8(2),9(10),10(4),11(7),12(2),13(8),14(10)
217:0(7),1(2),3(6),4(6),5(8),6(4),7(7),8(9),9(11),10(8),11(4),12(8),13(7),14(4)
218:0(7),3(9),4(8),5(5),6(4),7(2),8(6),9(2),10(3),11(7),12(6),13(6),14(9)
219:0(5),2(1),3(10),4(6),5(3),6(8),7(3),8(5),9(1),10(7),11(2),12(2),13(6),14(5)
220:0(5),1(1),3(4),4(8),5(3),6(4),7(7),8(6),9(8),10(4),11(5),12(3),13(9),14(5)
221:0(3),2(1),3(4),4(3),5(4),6(4),7(4),8(3),9(6),10(6),11(3),12(7),13(4),14(9)
222:0(8),1(1),3(6),4(6),5(5),6(7),7(5),8(4),9(4),10(4),11(4),12(9),13(7),14(2)
223:0(4),1(1),2(1),3(4),4(4),5(5),6(7),7(7),8(3),9(3),10(3),11(7),12(1),13(8),14(4)
224:0(4),1(2),3(6),4(2),5(6),6(8),7(10),8(12),9(5),10(5),11(4),12(9),13(5),14(8)
225:0(6),3(6),4(4),5(6),6(6),7(6),8(3),9(2),10(4),11(7),12(3),13(5),14(7)
226:0(8),1(1),3(4),4(5),5(4),6(7),7(2),8(5),9(4),10(8),11(15),12(4),13(6),14(8)
227:0(4),3(5),4(7),5(8),6(6),7(2),8(2),9(5),10(5),11(5),12(6),13(6),14(2)
228:0(7),1(2),3(7),4(7),5(7),6(5),7(7),8(6),9(7),10(4),11(4),12(8),13(4),14(6)
229:0(2),1(1),3(6),4(5),5(5),6(8),7(2),8(6),9(10),10(4),11(5),12(6),13(10),14(7)
230:0(3),2(1),3(4),4(8),5(6),6(7),7(6),8(4),9(3),10(3),11(6),12(5),13(4),14(5)
231:0(8),1(2),3(3),4(5),5(4),6(3),7(10),8(7),9(8),10(4),11(5),12(5),13(6),14(4)
232:0(7),2(2),3(6),4(6),5(3),6(2),7(2),8(10),9(4),10(6),11(5),12(8),13(3),14(6)
233:0(5),3(3),4(12),5(1),6(5),7(3),8(10),9(5),10(7),11(7),12(10),13(4),14(3)
234:0(6),1(2),2(3),3(2),4(8),5(6),6(5),7(1),8(5),9(4),10(7),11(8),12(6),13(5),14(9)
235:0(4),2(1),3(7),4(9),5(6),6(5),7(11),8(3),9(5),10(1),11(4),12(3),13(4),14(6)
236:0(4),2(1),3(6),4(6),5(3),6(5),7(6),8(5),9(1),10(2),11(8),12(1),13(1),14(5)
237:0(6),2(1),3(5),4(4),5(4),6(4),7(4),8(4),9(4),10(8),11(4),12(2),13(8),14(8)
238:0(5),2(2),3(4),4(5),5(8),6(7),7(4),8(7),9(6),10(7),11(8),12(4),13(6),14(3)
239:0(6),1(1),2(1),3(4),4(6),5(5),6(3),7(9),8(8),9(7),10(7),11(4),12(4),13(7),14(6)
240:0(7),2(1),3(5),4(3),5(2),6(4),7(4),8(1),9(6),10(6),12(9),13(4),14(5)
241:0(10),3(2),4(4),5(5),6(4),7(3),8(9),9(4),10(6),11(9),12(6),13(7),14(7)
242:0(3),1(2),2(1),3(8),4(2),5(4),6(3),7(5),8(5),9(7),10(5),11(9),12(8),13(10),14(3)
243:0(9),2(1),3(5),4(6),5(8),6(6),7(6),8(4),9(10),10(5),11(4),12(4),13(5),14(7)
244:0(4),2(1),3(3),4(4),5(6),6(8),7(10),8(5),9(6),10(3),11(5),12(7),13(5),14(8)
245:0(5),3(2),4(8),5(4),6(6),7(5),8(11),9(12),10(6),11(6),12(3),13(8)
246:0(4),2(1),3(1),4(3),5(9),6(4),7(6),8(12),9(4),10(2),11(6),12(7),13(8),14(5)
247:0(4),3(6),4(4),5(8),6(2),7(2),8(1),9(5),10(2),11(7),12(6),14(7)
248:0(7),3(7),4(8),5(7),6(4),7(11),8(2),9(2),10(4),11(8),12(5),13(5),14(8)
249:0(9),2(1),3(2),4(8),5(2),6(7),7(5),8(4),9(3),10(1),11(7),12(8),13(2),14(3)
250:0(5),3(5),4(5),5(7),6(1),7(7),8(2),9(1),10(7),11(8),12(4),13(2),14(5)
251:0(9),3(6),4(7),5(6),6(5),7(6),8(4),9(8),10(6),11(3),12(7),13(8),14(2)
252:0(8),3(4),4(4),5(5),6(3),7(5),8(9),9(3),10(5),11(5),12(2),13(3),14(3)
253:0(1),1(1),2(1),3(3),4(3),5(4),6(4),7(10),8(3),9(4),10(3),11(4),12(5),13(6),14(7)
254:0(3),2(1),3(4),4(6),5(2),6(3),7(6),8(2),9(4),10(3),11(6),12(5),13(6),14(5)
255:0(11),1(1),3(4),4(4),5(5),6(5),7(9),8(5),9(4),10(7),11(7),12(6),13(5),14(7)
256:0(8),1(1),2(2),3(5),4(9),5(1),6(4),7(4),8(16),9(6),10(3),11(6),12(8),14(6)
257:0(7),1(1),3(7),4(3),5(2),6(5),7(6),8(5),9(6),10(5),11(4),12(4),13(4),14(13)
258:0(9),3(6),4(6),5(4),6(6),7(7),8(4),9(6),10(7),11(4),12(4),13(5),14(4)
259:0(4),1(1),3(8),4(5),5(7),6(3),7(6),8(3),9(2),10(3),11(5),12(6),13(5),14(6)
260:0(3),3(7),4(2),5(4),6(6),7(4),8(3),9(7),10(8),11(6),12(5),13(7),14(3)
261:0(6),1(2),3(6),4(3),5(6),6(7),7(7),8(9),9(5),10(3),11(2),12(4),13(7),14(4)
262:0(5),2(2),3(6),4(6),5(2),6(3),7(9),9(4),10(6),11(3),12(2),13(6),14(3)
263:0(3),1(1),3(3),4(4),5(3),7(7),8(7),9(3),10(2),11(2),12(4),13(8),14(5)
264:0(7),2(1),3(8),4(5),5(7),6(4),7(4),8(6),9(8),10(2),11(1),12(5),13(2),14(4)
265:0(7),1(3),3(4),4(2),5(8),6(4),7(5),8(1),9(5),10(3),11(4),12(4),13(9),14(6)
266:0(3),3(3),4(4),5(3),6(6),7(7),8(2),9(2),10(6),11(4),12(4),13(3),14(5)
267:0(3),1(3),3(2),4(2),5(2),6(6),7(2),8(7),9(5),10(4),11(1),12(7),13(5),14(6)
268:0(4),1(1),3(5),4(3),5(3),6(8),7(6),8(4),9(3),10(5),11(4),12(4),13(5),14(3)
269:0(6),1(1),2(1),3(5),4(3),5(6),6(3),7(4),8(4),9(10),10(5),11(3),12(1),13(6),14(3)
270:0(8),3(3),4(4),5(4),6(3),7(5),8(2),9(2),10(2),11(5),12(6),13(3),14(5)
271:0(6),2(1),3(4),4(6),5(5),6(6),7(2),8(4),9(6),10(8),11(5),12(4),13(4),14(5)
272:0(5),1(1),3(5),4(2),5(4),6(6),7(4),8(6),9(3),10(3),11(2),12(3),13(4),14(5)
273:0(3),2(2),3(3),4(4),5(4),6(3),7(4),8(2),9(5),10(2),11(2),12(3),13(2),14(4)
274:0(9),1(1),3(5),4(4),5(3),6(4),7(4),8(4),9(5),10(8),11(3),12(7),13(4),14(8)
275:0(6),1(1),2(1),3(5),4(3),5(7),6(2),7(7),8(7),9(6),10(3),11(2),12(9),13(5),14(3)
276:0(5),3(5),4(4),5(7),6(3),7(6),8(4),9(8),10(4),11(2),12(4),13(4),14(6)
277:0(4),1(1),2(2),3(10),4(5),5(5),6(7),7(5),8(1),9(6),10(3),11(2),12(7),13(5),14(5)
278:0(2),1(1),2(1),3(5),4(7),5(2),6(3),7(5),8(2),9(9),10(3),11(4),12(8),13(5),14(3)
279:0(1),1(1),2(2),3(6),4(3),5(6),6(7),7(3),8(5),9(7),10(10),11(6),12(6),13(4),14(5)
280:0(6),1(1),2(3),3(4),4(3),5(5),6(5),7(5),8(10),9(2),10(6),11(5),12(9),13(6),14(7)
281:0(10),2(1),4(10),5(6),6(8),7(3),8(8),9(4),10(3),12(7),13(5),14(2)
282:0(7),2(5),3(3),4(6),5(5),6(3),7(2),8(4),9(4),10(2),11(7),12(2),13(6),14(5)
283:0(4),3(5),4(8),5(4),6(2),7(2),8(4),9(6),10(3),11(3),12(6),13(3),14(8)
284:0(6),2(1),3(5),4(3),5(3),6(8),7(3),8(4),9(5),10(6),11(5),12(2),13(6),14(5)
285:0(1),3(3),4(5),5(8),6(2),7(10),8(5),9(2),10(3),11(10),12(3),13(3),14(3)
286:0(3),1(1),2(2),3(1),4(3),5(6),6(2),7(2),8(7),9(6),10(7),11(4),12(8),13(6),14(9)
287:0(7),3(5),4(7),5(7),6(3),7(4),8(5),9(6),10(2),11(10),12(4),13(4),14(1)
288:0(5),1(1),2(1),3(9),4(7),5(4),6(5),7(6),8(7),9(3),10(6),11(6),12(9),13(2),14(8)
289:0(5),1(1),2(1),3(1),4(8),5(6),6(4),7(2),8(4),9(9),10(5),11(5),12(1),13(3),14(4)
290:0(6),1(2),3(2),4(2),5(2),6(1),7(6),8(8),10(6),11(1),12(5),13(7),14(2)
291:0(4),1(1),3(1),4(7),5(6),6(4),7(5),8(8),9(5),10(5),11(6),12(4),13(4),14(8)
292:0(3),1(1),2(1),3(2),4(4),5(3),6(5),7(6),9(8),10(2),11(3),12(4),13(6),14(5)
293:0(6),1(1),3(7),4(5),5(2),6(3),7(9),8(6),9(2),10(3),11(9),12(4),13(5),14(2)
294:0(6),1(1),2(1),3(2),4(3),5(3),6(4),7(4),8(2),9(1),10(6),11(4),12(3),13(4),14(9)
295:0(4),1(1),3(4),4(6),6(3),7(7),8(4),9(5),10(6),11(2),12(6),13(2),14(5)
296:0(6),1(1),3(3),4(4),5(5),6(1),7(8),8(4),9(3),10(3),11(5),12(2),13(3),14(4)
297:0(3),3(1),4(3),5(4),6(7),7(2),8(6),9(3),10(3),11(2),12(2),13(4),14(4)
298:0(3),2(1),3(4),4(4),5(4),6(4),7(4),8(7),9(6),10(2),11(3),12(5),13(3),14(8)
299:0(6),2(1),3(5),4(4),5(3),6(4),7(5),8(3),9(8),10(8),11(5),12(1),13(4),14(6)
300:0(3),2(2),3(4),4(4),5(6),6(9),7(3),8(6),9(3),10(4),11(6),13(4),14(5)
301:0(4),1(1),3(3),4(1),5(7),6(6),7(2),8(6),9(4),10(6),11(5),12(8),13(4),14(6)
302:0(3),1(1),3(5),4(5),5(6),6(5),7(5),8(1),9(3),10(6),11(5),12(3),13(4),14(5)
303:0(5),1(1),3(3),4(1),5(3),6(3),7(2),8(7),9(2),10(7),11(6),12(3),13(7),14(2)
304:0(6),1(1),2(1),3(4),4(6),5(3),6(3),7(3),8(5),9(5),10(4),11(3),12(2),13(5),14(4)
305:0(7),2(1),3(7),4(4),5(5),6(7),7(6),8(3),9(4),10(6),11(5),12(5),13(5),14(3)
306:0(6),1(1),2(3),3(5),4(3),5(2),6(6),7(4),8(5),9(8),10(3),11(5),12(8),13(10),14(4)
307:0(6),1(2),3(5),4(1),5(4),6(4),7(8),8(7),9(6),10(5),11(5),12(4),13(7),14(1)
308:0(2),1(1),3(5),4(2),5(3),6(3),7(4),8(5),9(2),10(9),11(6),12(3),13(5),14(6)
309:0(4),1(1),3(6),4(5),5(4),6(10),7(7),8(7),9(3),10(8),11(4),12(3),13(6),14(1)
310:0(4),1(2),2(1),3(5),4(7),5(4),6(8),7(6),8(7),9(6),10(3),11(2),12(2),13(2),14(10)
311:0(5),3(3),4(5),5(4),6(2),7(2),8(7),9(5),10(5),11(3),12(4),13(4),14(3)
312:0(7),3(2),4(2),5(4),6(2),7(3),8(3),9(5),10(4),11(5),12(7),13(5),14(7)
313:0(4),1(1),2(1),3(4),4(3),5(7),6(7),7(3),8(4),9(5),10(3),11(8),12(3),13(5),14(5)
314:0(3),1(1),2(1),3(9),4(3),5(7),6(6),7(5),8(5),9(4),10(1),11(6),12(6),13(4),14(8)
315:0(2),3(3),4(3),5(6),6(6),7(8),8(4),9(1),10(6),11(7),12(6),13(6),14(2)
316:0(3),2(2),3(2),4(1),5(7),6(7),7(8),8(4),9(5),10(6),11(4),12(6),13(4),14(5)
317:0(4),1(2),2(3),3(7),4(3),5(2),6(7),7(3),8(5),9(8),10(2),11(3),12(7),13(4),14(8)
318:0(3),3(4),4(4),5(3),6(2),7(9),8(5),9(4),10(6),11(3),12(8),13(4),14(4)
319:0(3),3(4),4(2),5(4),6(1),7(2),8(2),9(7),10(4),11(2),12(1),13(7),14(2)
320:0(11),2(1),4(2),5(1),6(2),7(5),8(4),9(4),10(5),11(6),12(7),13(6),14(7)
321:0(4),3(1),4(5),5(7),6(4),7(2),8(5),9(4),10(6),11(5),12(4),14(6)
322:0(7),1(1),2(2),3(3),4(12),5(8),7(4),9(4),10(6),11(3),12(1),13(3),14(1)
323:0(2),2(1),3(9),4(2),5(4),6(4),7(3),8(3),9(8),10(3),11(4),12(3),13(4),14(7)
324:0(7),1(1),3(4),4(1),5(4),6(4),7(2),8(3),9(4),10(3),11(7),12(10),13(2),14(5)
325:0(6),1(1),3(5),4(9),5(9),6(7),7(3),8(4),9(4),10(3),11(2),12(5),13(5),14(6)
326:0(5),2(3),3(3),4(4),5(1),6(3),7(3),8(4),9(6),10(2),11(1),13(2),14(3)
327:0(4),3(4),4(2),5(6),6(7),7(3),8(1),9(5),10(2),11(2),12(4),13(8),14(3)
328:0(5),1(2),2(1),3(3),4(3),5(5),6(5),7(3),8(1),9(3),10(3),11(3),12(4),13(7),14(1)
329:0(5),1(1),3(8),4(5),5(5),6(5),7(1),8(8),9(3),10(3),11(5),12(3),13(3),14(3)
330:0(7),1(1),2(2),3(1),4(4),5(4),6(5),7(7),8(6),9(6),10(4),11(1),12(3),13(6),14(1)
331:0(4),2(1),3(6),4(2),5(7),6(6),7(7),8(5),9(5),10(1),12(2),13(3),14(6)
332:0(3),2(1),3(4),4(3),5(3),6(4),7(3),8(7),9(2),10(3),11(6),12(2),13(1),14(5)
333:0(3),1(1),3(7),4(4),5(1),6(4),7(5),8(5),9(4),10(3),11(7),12(3),13(4),14(5)
334:0(4),3(4),4(5),5(5),6(6),7(3),8(6),9(4),10(4),11(2),12(4),13(5),14(9)
335:0(2),3(6),4(5),5(3),6(4),7(5),8(11),9(5),10(5),11(3),12(3),13(3),14(4)
336:0(2),1(1),3(3),4(1),5(5),6(2),7(3),8(7),9(7),10(3),11(5),12(4),13(7),14(4)
337:0(1),1(1),2(1),3(4),4(6),5(5),6(2),7(1),8(4),9(9),10(9),11(7),12(6),13(2),14(2)
338:0(2),3(4),4(6),5(3),6(4),7(7),8(8),9(7),10(4),11(3),12(5),13(1),14(1)
339:0(4),3(3),4(5),5(9),6(3),7(3),8(5),9(4),10(6),11(3),12(5),13(6),14(4)
340:0(8),3(5),4(2),5(5),6(5),7(6),8(5),9(2),10(3),11(7),12(2),13(3),14(3)
341:0(5),3(5),4(5),5(4),6(8),7(3),8(5),9(3),10(6),11(2),12(4),13(1),14(6)
342:0(6),2(1),3(6),4(6),5(8),6(5),7(3),8(3),9(2),10(2),11(5),12(6),13(4),14(4)
343:0(6),1(2),3(4),4(8),5(3),6(1),7(1),8(3),9(5),11(3),12(4),13(3),14(6)
344:0(8),3(6),4(7),5(2),6(2),7(6),8(3),9(2),10(2),11(3),12(3),13(8),14(7)
345:0(6),1(1),2(1),3(3),4(4),5(3),6(4),7(4),8(4),9(3),10(5),11(8),12(3),13(3),14(3)
346:0(4),3(7),4(1),5(1),6(6),7(8),8(2),9(6),10(4),11(2),12(2),13(1),14(1)
347:0(5),1(2),2(1),3(8),4(1),5(5),6(2),7(3),8(5),9(3),10(5),11(1),13(7),14(6)
348:0(6),1(1),2(1),3(3),4(4),5(4),6(1),7(7),8(6),9(5),10(6),11(5),12(3),13(4),14(3)
349:0(5),3(5),4(6),5(3),6(4),7(6),8(1),9(6),10(2),11(4),12(1),13(6),14(4)
350:0(5),2(1),3(7),4(5),5(4),7(5),8(2),9(1),10(1),11(6),12(3),13(3),14(4)
351:0(3),1(1),3(4),4(3),5(4),6(6),7(5),8(4),9(2),10(7),11(7),12(2),13(4),14(4)
352:0(5),1(1),2(2),3(2),4(4),5(2),6(3),7(4),8(6),9(5),10(4),11(3),12(5),13(3),14(4)
353:0(4),3(5),4(6),5(3),6(3),7(6),9(1),10(3),11(2),12(3),13(1),14(4)
354:0(1),1(1),3(6),5(3),6(6),7(3),8(3),9(3),10(3),11(3),12(3),13(1),14(7)
355:0(3),1(2),2(1),3(9),4(4),5(5),6(3),7(7),8(5),9(5),10(7),11(10),12(3),13(4),14(1)
356:0(6),3(2),4(1),5(3),6(4),7(6),8(8),9(6),10(4),11(6),12(3),13(3),14(3)
357:0(3),2(1),3(3),4(4),5(4),6(5),7(5),8(5),9(1),10(4),11(1),12(2),13(2),14(3)
358:0(4),1(1),3(4),4(8),5(7),6(6),7(6),8(5),9(7),10(4),11(4),12(6),13(2),14(3)
359:0(2),3(6),4(6),5(5),6(3),7(1),8(5),9(3),10(2),11(2),12(4),13(2),14(5)
360:0(2),1(1),3(4),4(5),5(4),6(7),7(1),8(1),9(4),10(3),11(1),12(3),13(4),14(3)
361:0(11),3(1),4(8),5(3),6(4),8(2),9(5),10(7),11(5),12(3),13(3),14(5)
362:0(5),2(1),3(1),4(3),5(6),6(4),7(5),8(7),9(4),10(5),11(4),12(3),13(4),14(4)
363:0(6),2(1),3(4),4(6),5(1),6(5),7(6),8(6),9(4),10(3),11(3),12(1),13(3),14(3)
364:0(4),2(1),3(3),4(10),5(3),6(6),7(6),8(1),9(4),10(4),11(7),12(1),13(2),14(3)
365:0(4),1(1),2(1),3(3),4(4),5(6),6(4),7(3),8(5),9(7),10(4),11(3),12(2),13(3),14(6)
366:0(3),1(1),3(3),4(1),5(4),6(5),7(2),8(4),9(5),10(4),11(2),12(5),13(5),14(6)
367:0(5),1(1),2(3),3(6),4(5),5(3),6(2),7(3),8(7),9(4),10(2),11(5),12(3),13(4),14(2)
368:0(3),1(1),3(6),4(3),5(2),6(6),8(4),9(3),10(3),11(1),12(4),13(5),14(5)
369:0(4),1(1),3(2),4(3),5(5),6(6),7(7),8(6),9(3),10(5),11(2),12(5),13(6),14(10)
370:0(9),3(1),4(8),5(3),6(3),7(3),8(5),9(7),10(7),11(3),12(2),13(2),14(1)
371:0(4),2(2),3(4),4(8),5(2),6(5),7(2),8(3),10(2),11(1),12(3),13(2),14(5)
372:0(3),1(1),3(2),4(3),5(4),6(3),7(3),8(1),9(3),10(3),11(4),12(7),13(1),14(1)
373:0(4),1(1),3(3),4(4),5(7),6(3),7(4),9(4),10(3),11(3),12(2),13(4),14(4)
374:0(1),1(2),2(2),3(2),4(4),5(4),6(8),7(4),8(3),9(9),10(4),11(3),12(1),13(4),14(3)
375:0(3),3(2),4(4),5(6),6(10),7(2),8(5),9(2),10(2),11(4),12(4),13(2),14(1)
376:0(4),1(1),3(4),4(3),5(3),6(4),7(8),8(4),9(1),10(2),11(10),12(4),13(3),14(2)
377:0(1),3(4),4(4),5(3),6(4),7(2),8(3),9(1),10(4),11(2),12(3),13(3),14(2)
378:0(2),3(6),4(3),5(5),6(2),7(4),8(6),9(5),10(6),11(4),12(4),13(3),14(1)
379:0(1),3(3),4(2),5(3),6(1),7(5),8(6),9(2),10(3),11(2),12(1),13(3),14(2)
380:0(3),3(6),4(1),5(1),6(8),7(5),8(2),9(4),10(6),11(3),12(4),13(2),14(2)
381:0(3),1(1),3(5),4(5),5(2),6(1),7(4),8(8),9(4),10(5),11(2),12(1),13(3),14(4)
382:0(5),2(1),3(1),4(2),5(2),6(3),7(5),8(2),9(3),10(4),11(5),12(2),13(2),14(5)
383:0(6),2(1),3(2),4(5),5(6),6(2),8(2),9(2),10(2),11(4),12(3),13(1),14(2)
384:0(2),1(2),3(2),4(2),5(4),6(7),7(7),8(5),9(2),11(7),12(5),13(5),14(2)
385:0(3),1(1),2(1),3(4),4(5),5(4),7(2),8(5),9(4),10(3),11(3),12(5),13(7),14(2)
386:0(3),1(3),2(1),3(3),4(9),5(3),6(5),7(3),9(6),10(5),11(3),12(3),13(3),14(4)
387:0(4),1(1),3(2),4(4),5(2),6(3),7(4),8(2),9(2),10(3),11(3),12(4),13(6),14(4)
388:0(4),3(3),4(3),5(1),6(6),8(2),9(4),10(2),11(5),12(2),13(5),14(7)
389:0(2),2(1),3(1),4(4),5(1),6(2),7(4),8(2),9(5),10(1),12(2),13(5),14(4)
390:0(4),2(1),3(3),4(4),5(1),7(1),8(3),9(3),10(1),12(5),14(3)
391:0(3),1(1),3(3),5(3),6(3),7(4),9(2),10(5),11(3),12(1),13(1),14(4)
392:0(4),1(1),3(1),4(2),5(3),6(3),7(2),8(3),9(5),10(2),11(1),12(3),13(1),14(3)
393:1(1),2(1),4(2),5(2),6(4),7(3),8(3),9(4),10(2),11(3),12(6),13(1)
394:0(3),1(1),3(4),4(4),6(6),7(5),8(2),10(3),11(1),12(5),13(2),14(3)
395:0(3),2(2),3(2),4(1),5(3),6(5),7(2),8(4),9(1),10(3),11(4),12(6),13(1),14(3)
396:3(4),4(1),5(1),6(3),8(1),9(1),10(2),11(4),12(4),13(5),14(1)
397:0(4),1(1),2(1),3(4),4(3),5(1),6(4),7(2),9(6),10(6),11(4),12(3),13(4),14(2)
398:0(3),1(2),2(2),3(2),4(1),6(3),7(1),9(2),10(5),11(6),12(4),13(3),14(3)
399:0(3),1(2),4(2),5(3),6(2),7(2),8(1),9(2),10(2),11(1),12(3),13(3),14(5)
400:0(2),2(1),3(4),4(2),6(3),7(1),8(2),9(2),10(1),11(3),12(1),13(1),14(1)
401:0(5),2(2),3(4),4(3),6(1),7(2),8(2),9(4),10(4),11(1),12(4),14(2)
402:0(1),3(2),5(3),6(1),7(1),8(3),9(3),10(4),11(1),12(2),13(3),14(3)
403:0(1),2(1),3(1),4(1),5(2),6(1),7(2),8(5),9(1),10(3),11(1),12(1),13(1),14(1)
404:0(4),1(1),2(1),3(5),4(3),6(5),7(3),8(3),9(3),10(2),12(2),14(2)
405:0(3),1(3),3(5),4(3),5(2),6(1),7(2),9(5),10(1),12(1),13(3),14(3)
406:0(2),3(4),4(3),5(1),6(1),7(4),8(5),9(1),10(4),11(2),12(2),13(5)
407:0(2),3(3),4(2),5(3),6(1),7(2),8(2),9(2),10(2),11(1),13(3),14(2)
408:0(4),2(1),3(2),5(1),6(2),8(3),9(3),10(1),11(2),12(2),13(3),14(1)
409:0(3),1(1),3(1),4(1),6(3),7(3),8(1),9(7),12(5),13(2),14(2)
410:0(2),2(1),3(3),4(2),5(2),6(1),8(2),9(1),11(5),12(2),13(4),14(3)
411:0(3),1(1),3(2),4(2),6(3),7(1),8(2),9(4),10(2),12(1),13(1),14(4)
412:0(2),3(2),4(1),5(2),6(2),8(3),9(1),10(2),11(5),12(1),13(4),14(5)
413:1(1),3(1),4(1),5(2),6(3),8(2),9(2),10(1),11(2),12(2),13(1),14(1)
414:0(2),1(2),3(4),4(1),5(1),6(1),8(2),11(2),12(2),13(4),14(3)
415:0(2),4(2),5(2),6(1),7(2),8(3),9(1),10(1),11(4),12(2),13(5),14(1)
416:0(3),1(3),3(1),4(1),5(1),6(3),7(1),9(3),11(1),13(2),14(4)
417:0(2),3(2),4(3),5(1),6(1),7(2),8(3),9(2),10(1),12(2),13(1),14(1)
418:0(3),1(1),2(1),3(1),4(3),5(2),6(2),7(3),8(1),9(3),10(3),13(2),14(2)
419:0(2),1(2),3(2),4(2),5(1),6(2),7(4),8(2),9(3),11(1)
420:0(2),2(2),5(3),6(2),7(5),8(1),9(2),10(3),12(2),13(2),14(1)
421:0(1),3(1),4(1),5(1),6(3),7(4),8(5),9(2),10(1),11(4),12(1),14(1)
422:0(1),2(1),3(3),4(2),5(4),6(3),9(3),10(2),11(1),12(1),13(2),14(1)
423:0(2),1(1),3(1),4(2),5(3),6(2),7(4),8(1),9(4),10(2),11(1),12(2),13(3),14(1)
424:1(2),2(1),3(2),4(1),5(2),6(1),7(2),8(3),9(3),10(1),11(2),13(2),14(3)
425:0(1),2(1),3(3),4(1),5(2),6(1),7(2),8(2),9(1),10(1),12(1),14(1)
426:0(1),3(3),4(1),5(2),6(1),7(1),8(4),9(2),10(1),11(4),12(2),13(2),14(1)
427:0(3),1(1),3(1),4(4),6(2),7(2),8(1),9(1),10(3),11(3),12(1),13(1),14(5)
428:0(3),2(2),3(2),4(3),5(1),6(1),7(1),8(2),9(3),10(1),11(5),12(1),13(1),14(1)
429:0(1),1(1),2(1),3(1),4(3),6(3),7(3),8(4),9(3),10(1),11(1),12(1),14(1)
430:0(2),3(2),4(2),5(3),6(7),7(2),8(4),9(1),11(2),12(3),13(3),14(1)
431:0(2),3(3),4(2),5(2),6(2),7(1),10(4),11(3),12(1),13(3),14(2)
432:1(1),3(2),5(1),6(3),7(1),9(1),11(1),12(1),13(3),14(2)
433:0(5),2(1),5(1),6(2),7(2),8(2),9(2),10(3),11(1),12(2),13(3),14(3)
434:0(1),1(1),3(3),4(1),5(2),6(1),7(1),8(2),9(2),10(2),11(1),12(2),13(2),14(3)
435:0(1),1(1),2(2),3(3),4(4),5(2),6(2),7(2),8(1),9(3),10(4),11(3),12(3),13(4)
436:0(2),1(1),2(2),3(1),5(1),6(2),9(1),12(2),14(1)
437:0(1),2(1),3(1),4(4),6(2),7(1),8(2),9(2),10(3),11(4),12(2),13(2),14(1)
438:0(1),1(1),3(1),4(2),5(2),8(1),9(4),10(2),11(6),12(1),13(1),14(1)
439:0(1),1(1),2(2),3(2),4(1),6(4),7(1),8(1),10(1),11(3),12(2),13(2),14(2)
440:0(1),2(2),3(3),4(2),5(3),6(5),7(1),8(2),9(1),11(1),12(1),13(3),14(1)
441:0(2),3(2),4(1),5(2),6(2),7(1),9(2),10(1)
442:0(1),3(1),4(2),5(2),6(2),7(1),9(1),11(1),12(2),13(3),14(2)
443:0(5),3(1),6(2),8(4),9(1),10(3),11(6),12(1),14(1)
444:0(4),2(1),3(3),4(2),5(4),6(2),7(2),9(3),10(2),11(4),12(1),14(1)
445:0(1),1(1),2(2),3(3),4(5),6(4),7(3),8(2),9(2),10(3),11(4),13(1)
446:0(3),1(3),2(1),3(6),5(2),6(2),7(1),8(3),9(4),10(2),11(2),12(2),13(1),14(3)
447:0(3),3(2),5(2),6(2),8(1),9(4),10(3),11(4),12(4),13(1),14(1)
448:0(2),1(1),2(1),3(2),5(3),6(1),7(3),8(1),9(1),10(1),11(2),12(3),14(1)
449:0(2),2(1),3(1),4(2),5(2),6(2),7(1),8(1),9(1),11(1),12(1),13(2),14(4)
450:1(1),2(1),3(3),4(4),5(2),6(2),7(1),8(4),9(2),10(1),11(3),12(3),13(1)
451:0(3),1(2),3(1),5(1),6(2),7(1),8(2),9(4),10(3),11(2),13(2),14(3)
452:2(1),3(2),4(2),5(1),6(1),7(2),8(1),9(3),10(2),11(3),12(6),13(1),14(2)
453:0(2),1(2),2(1),3(1),4(5),5(1),6(3),7(2),11(2),12(1),13(1),14(1)
454:0(2),2(1),3(1),4(1),5(1),10(1),11(1),12(2),13(2),14(1)
455:0(2),1(3),3(6),5(3),6(1),7(2),8(1),10(1),11(1),13(1),14(1)
456:0(2),1(1),3(1),4(1),5(4),6(1),7(3),9(1),10(3),11(4),12(1),13(1),14(2)
457:1(2),3(3),4(3),5(1),6(1),7(2),8(2),9(2),12(1),13(2)
458:0(1),1(1),3(1),4(1),5(3),6(1),8(3),9(1),10(2),11(1),12(1),14(2)
459:0(2),1(1),4(4),5(2),7(1),8(1),10(4),11(2),12(2),13(1),14(1)
460:0(1),3(2),4(2),5(2),7(1),8(1),9(4),10(1),12(2),13(1),14(3)
461:0(3),2(3),3(3),5(2),6(1),8(1),10(2),11(1),13(2)
462:0(4),3(2),4(4),5(4),6(2),7(1),8(3),9(2),10(2),11(1),12(2),14(4)
463:0(3),1(2),2(1),3(3),4(1),5(4),6(1),7(2),8(1),9(1),10(3),11(1),12(2),13(2),14(2)
464:3(1),4(1),5(3),6(1),7(2),8(2),9(4),11(4),12(3),13(3),14(2)
465:0(1),3(2),4(1),5(1),6(1),7(2),8(2),9(1),10(2),11(3),13(3),14(2)
466:0(2),1(1),2(1),3(2),5(1),6(1),8(4),11(5),12(3),13(2),14(1)
467:0(3),1(2),2(2),6(2),9(1),10(1),11(1),12(1)
468:0(2),1(1),3(1),4(3),5(1),7(1),8(3),9(2),10(1),11(1),12(3),13(2)
469:0(4),1(2),2(2),3(1),4(2),5(2),6(2),7(1),8(1),9(2),10(1),11(6),12(2),13(5),14(1)
470:0(2),2(1),3(3),4(1),6(2),7(1),8(2),10(2),11(2),12(2),13(2),14(3)
471:0(4),3(1),4(1),5(1),7(4),8(3),9(2),10(2),11(3),12(1)
472:0(1),1(1),2(2),3(4),5(1),6(1),7(1),8(3),9(1),10(1),11(2),12(1),13(2),14(1)
473:0(1),2(3),6(5),9(3),10(3),12(2),13(1),14(2)
474:0(2),1(1),3(3),4(2),5(3),8(3),9(2),10(1),11(4),12(2),13(2),14(4)
475:0(2),2(2),3(4),4(1),5(1),6(3),7(4),8(1),9(4),10(2),11(3),13(2),14(2)
476:0(3),1(2),2(3),3(2),4(2),6(3),7(3),8(2),9(1),10(3),11(2)
477:2(1),3(1),4(3),7(1),9(2),12(1),13(2),14(2)
478:0(1),1(2),2(3),4(3),5(3),7(1),8(2),10(2),11(1),12(3),13(3),14(1)
479:0(3),2(1),4(2),5(2),6(1),7(1),8(2),9(1),10(3),11(1),12(1),13(3),14(1)
480:0(1),2(1),3(1),4(2),7(1),8(3),9(1),10(2),11(1),12(1),14(3)
481:0(1),2(1),3(1),5(2),6(1),7(2),8(1),9(1),11(1),12(1),13(2),14(1)
482:0(1),1(1),3(1),4(2),5(1),6(2),8(2),9(2),10(1),11(2),12(3),13(1),14(1)
483:0(2),3(3),4(1),6(1),9(2),10(2),11(1),13(3),14(2)
484:0(2),4(2),6(3),8(1),9(1),12(1),13(1),14(2)
485:0(2),3(1),4(3),5(2),7(2),8(1),10(2),11(2),12(3)
486:0(1),3(4),4(1),5(1),6(2),7(1),8(3),9(2),11(1),12(2),13(5),14(1)
487:0(1),1(1),4(2),5(2),6(1),7(2),8(2),9(2),11(2),12(3),13(3),14(2)
488:0(1),2(1),3(3),5(4),6(1),7(2),9(1),11(1),12(2),13(3)
489:2(1),3(1),4(1),5(1),6(2),7(4),8(2),9(2),10(1),11(3),13(1),14(1)
490:0(2),1(1),4(1),5(4),6(2),7(2),8(6),9(2),10(3),11(1),12(1),13(2),14(2)
491:1(2),2(1),3(1),4(1),5(1),6(1),7(1),9(2),10(1),11(2),12(2),13(3),14(4)
492:0(3),2(1),5(1),6(1),7(3),8(5),9(1),10(2),11(3),14(3)
493:0(5),3(1),4(1),6(1),10(1),12(3),14(1)
494:3(1),4(1),5(1),6(5),7(2),8(2),9(2),10(2),12(2),13(4),14(1)
495:0(1),1(2),3(2),4(4),5(1),6(1),7(2),9(2),10(1),11(2),13(2),14(2)
496:0(1),1(1),2(2),4(1),5(1),6(3),7(4),10(1),11(2),12(1),14(1)
497:0(2),4(1),5(4),6(2),7(2),8(1),9(3),10(1),11(2),13(2),14(4)
498:3(3),4(2),6(1),7(1),8(2),9(3),10(3),11(3),13(1),14(2)
499:0(2),4(2),5(1),6(4),7(1),8(1),10(1),11(1),12(4),13(1),14(1)
500:2(1),3(2),5(1),8(2),11(5),13(2),14(2)
501:0(3),2(1),3(3),4(1),6(2),7(2),8(1),9(2),11(2),12(2),13(3),14(1)
502:0(1),1(1),4(1),5(1),6(1),7(2),8(1),9(2),10(2),12(3),13(2)
503:0(3),2(2),3(1),4(1),5(2),6(1),7(1),8(2),10(2),11(1),12(1),13(2),14(3)
504:1(1),2(1),3(1),4(1),5(1),6(1),8(2),9(2),11(4),12(1),13(4),14(5)
505:0(1),1(1),3(2),4(1),5(1),6(1),7(1),8(1),9(3),10(1),11(2),12(5),13(1),14(2)
506:3(1),4(4),5(3),6(1),7(2),8(1),9(2),11(1),12(2),14(4)
507:0(4),2(1),4(1),5(2),6(2),8(2),9(1),10(2),11(2),12(1),13(1),14(2)
508:0(1),1(1),2(2),4(1),7(3),8(2),9(2),11(2),12(1),13(2),14(2)
509:0(3),1(1),3(2),4(1),5(1),6(1),7(2),8(1),9(1),11(2),12(1),13(3)
510:0(2),2(1),4(2),5(2),6(1),7(3),9(1),10(2),11(3),12(3),13(2)
511:3(3),4(1),5(1),6(2),7(3),8(2),9(3),10(1),11(4),13(1),14(1)
512:1(1),2(1),3(1),5(1),6(2),7(1),8(1),9(1),10(1),11(1),12(1),13(4)
513:0(2),2(1),3(3),4(2),5(3),6(1),7(1),8(7),9(4),11(3),12(1),13(1),14(1)
514:3(2),4(1),5(1),6(1),8(1),9(2),10(1),12(2),13(2),14(3)
515:3(3),4(1),5(2),6(4),8(4),9(1),10(2),11(1),12(1),13(1),14(3)
516:0(1),1(1),3(1),4(2),5(2),6(2),11(5),12(4)
517:0(3),3(5),4(2),5(1),6(1),7(1),9(4),10(3),11(1),13(1),14(2)
518:1(2),3(2),4(2),5(3),6(4),8(2),9(1),10(1),11(3),12(1),13(2),14(1)
519:0(1),3(1),4(2),5(1),6(4),7(1),8(1),9(1),10(1),11(1),12(4),13(1),14(1)
520:1(1),2(2),3(2),4(1),5(1),6(1),7(2),8(2),9(5),10(1),11(1),12(1),13(2),14(1)
521:0(1),1(3),3(1),4(1),6(3),7(1),8(1),10(2),11(2),12(3),13(1),14(3)
522:0(1),3(1),4(3),6(1),8(3),10(1),11(2),12(2),13(3),14(3)
523:0(1),2(1),3(1),6(3),7(1),8(1),9(3),10(1),11(1),13(1),14(1)
524:0(2),1(1),3(1),4(4),5(1),6(1),7(1),8(1),10(2),11(2),12(2),14(3)
525:0(3),3(3),4(2),5(1),6(2),7(3),8(1),9(2),10(1),11(2),12(1),13(4),14(3)
526:0(3),1(1),2(1),3(3),4(1),6(2),7(3),8(2),10(3),11(1),12(1),13(3)
527:0(1),3(2),4(2),6(2),7(1),8(1),9(1),10(3),11(1),12(2),14(1)
528:0(4),1(1),2(1),4(1),5(2),7(1),8(3),9(4),10(2),13(1)
529:0(1),2(1),5(1),6(2),7(1),8(3),9(1),11(1),12(1),13(2),14(3)
530:0(1),3(3),4(2),6(2),7(4),8(2),9(1),12(1),13(1),14(2)
531:0(2),2(1),3(2),4(1),5(1),6(3),7(2),8(2),9(2),11(1),12(4),13(1)
532:0(1),3(2),4(4),5(1),6(2),7(1),8(3),9(1),11(1),12(2),13(3),14(1)
533:2(1),3(3),4(3),5(1),6(3),7(3),8(2),9(4),11(4),12(1),13(1),14(1)
534:0(1),2(1),5(4),6(2),9(3),10(1),11(3),12(1),13(1)
535:0(2),1(1),3(6),5(1),6(2),7(4),8(1),9(2),10(2),11(1),12(2),13(1),14(3)
536:0(2),2(1),4(3),5(1),6(1),7(1),9(2),10(4),11(3),12(4),14(2)
537:0(3),2(1),3(2),4(1),5(2),7(1),8(2),9(1),10(2),11(3),12(1),13(2)
538:0(1),1(1),2(2),3(4),4(2),5(1),6(2),7(2),10(3),11(4),12(1),13(2),14(1)
539:0(3),1(2),4(2),5(1),6(2),7(2),8(1),9(3),10(4),11(1),12(1),13(2)
540:0(1),1(2),2(1),4(2),5(3),6(3),9(2),10(2),12(2),13(3)
541:0(3),1(1),2(1),3(3),4(3),5(2),6(4),7(2),8(3),9(1),10(1),11(3),12(1),13(3)
542:0(2),2(1),3(2),4(1),5(2),6(2),7(2),10(1),11(1),12(1),14(1)
543:0(2),1(2),2(1),3(3),5(2),6(2),7(1),8(2),10(1),12(1),13(1),14(2)
544:0(2),1(1),3(1),4(3),5(2),7(1),9(2),10(1),12(2),13(2)
545:2(1),3(1),4(1),5(4),6(1),7(2),8(6),9(1),10(3),11(1),13(2)
546:0(3),4(1),5(2),6(2),7(5),8(3),11(2),12(1),14(1)
547:0(1),3(2),4(1),5(2),6(4),7(1),9(1),11(2),12(5),13(2),14(2)
548:0(1),1(1),2(1),3(1),4(2),5(2),6(2),7(2),8(2),9(1),10(1),11(1),12(2),13(1),14(1)
549:0(3),3(3),4(5),5(2),6(1),7(2),8(1),10(4),12(1),13(1),14(2)
550:0(1),1(1),2(2),3(3),4(2),5(4),6(2),7(2),8(2),9(2),10(2),11(1),12(2),14(2)
551:2(1),3(2),4(1),6(2),8(2),9(1),11(2),12(1),13(2)
552:0(1),1(1),2(1),3(2),4(1),5(4),6(2),8(1),10(3),11(1),12(4),13(3),14(2)
553:0(3),1(1),3(2),4(5),5(3),7(1),11(2),12(2),14(3)
554:0(2),4(2),6(2),7(1),8(4),9(1),10(2),12(2),13(3),14(1)
555:0(2),1(1),2(1),3(1),5(2),6(2),8(2),9(4),10(5),12(5),13(2),14(1)
556:2(1),3(1),4(1),5(6),7(1),8(1),9(1),10(2),12(1),13(3)
557:0(3),1(1),3(1),6(2),7(1),9(5),10(1),11(1),12(1),13(2),14(2)
558:0(1),1(2),2(1),3(2),5(3),6(1),8(1),9(1),10(2),11(2),12(2),14(4)
559:0(1),1(1),2(2),3(1),4(1),5(2),6(1),7(3),8(4),10(3),12(2),13(1),14(2)
560:0(3),2(1),4(1),5(2),6(3),7(2),8(1),9(1),10(2),11(5),12(1),13(3),14(3)
561:1(2),2(1),3(1),4(3),5(2),6(2),9(1),10(1),11(3),12(2),13(1),14(2)
562:0(2),1(1),3(1),4(3),5(2),6(4),7(1),8(2),9(2),10(2),11(1),12(2),14(1)
563:0(2),1(1),3(2),4(1),6(1),7(2),8(2),9(4),10(2),12(4),13(2),14(4)
564:0(3),1(2),3(1),4(2),5(2),6(2),7(1),8(3),9(1),10(5),11(1),13(2),14(2)
565:0(1),1(1),3(1),4(1),5(1),6(1),8(1),10(2),11(1)
566:0(1),1(1),3(1),4(1),5(2),6(3),7(1),8(1),9(2),10(1),11(2),12(2),13(1),14(1)
567:0(2),1(2),2(1),3(4),5(5),6(1),8(3),9(1),10(3),11(2),12(1),13(1),14(1)
568:0(1),3(2),4(2),5(1),6(1),7(2),9(1),10(2),12(1),13(4),14(2)
569:0(1),1(1),2(1),3(3),4(1),5(1),6(1),7(1),9(1),10(4),11(1),13(1),14(3)
570:0(1),1(1),5(1),6(3),7(1),9(3),10(1),11(1),12(3),14(3)
571:3(1),4(1),5(1),6(2),7(3),10(4),11(1),12(1),14(1)
572:0(3),1(1),3(3),4(3),5(3),6(1),7(4),9(1),10(1),11(2),12(6)
573:0(3),2(1),3(2),6(1),8(1),10(1),11(2),12(1),13(2)
574:0(1),3(3),4(2),6(1),7(1),8(3),9(1),10(3),11(3)
575:4(3),5(1),6(3),7(2),8(2),9(1),10(2),11(1),12(1),13(2),14(2)
576:0(3),1(1),3(1),4(2),6(2),7(2),9(1),10(2),11(1),13(2),14(3)
577:1(1),2(1),3(1),6(1),7(2),8(1),10(1),11(2),13(1),14(1)
578:0(1),2(1),3(1),4(3),5(2),6(1),7(1),8(1),9(1),10(1),11(2),12(1),13(2),14(2)
579:2(1),3(1),6(2),7(2),8(2),9(1),10(1),11(1),12(3),13(1),14(3)
580:0(1),1(2),3(2),4(1),5(1),7(4),8(4),10(1),14(1)
581:0(2),2(2),3(3),5(2),7(2),9(1),10(1),13(1),14(1)
582:0(3),2(2),3(1),4(1),6(3),7(2),8(1),9(3),11(2),12(1),13(3),14(2)
583:0(2),1(2),4(1),5(1),6(2),8(1),9(2),10(1),11(1),14(3)
584:2(1),3(3),4(3),5(4),6(2),8(1),9(1),10(2),11(1),12(1),14(1)
585:0(3),2(1),3(1),4(3),5(2),6(1),7(1),8(1),10(2),11(1),12(2),13(1)
586:1(1),2(2),3(2),4(1),5(1),7(2),8(1),9(1),10(2),11(1),12(1),13(1)
587:1(1),2(1),3(1),5(1),6(3),8(3),10(1),11(1),12(1),13(2)
588:0(4),1(2),3(1),4(1),6(3),7(1),8(2),9(1),10(3),13(2),14(1)
589:0(1),1(1),2(1),3(1),4(3),6(3),8(2),9(3),11(2),12(2),13(3)
590:1(2),2(1),3(1),4(1),6(1),7(2),8(2),10(1),11(2),12(3),13(1),14(1)
591:0(2),2(1),5(2),6(1),7(2),8(4),9(1),10(1),13(2),14(4)
592:0(1),5(1),6(1),8(2),9(1),11(4),12(3),13(1),14(3)
593:0(1),2(2),3(2),5(2),6(3),7(1),8(4),10(1),12(1),14(3)
594:0(2),1(1),3(2),4(3),5(4),6(2),8(2),9(2),10(3),11(1),12(1),14(1)
595:0(2),1(2),4(2),6(1),7(1),8(1),9(1),10(1),11(1),12(1),13(1),14(2)
596:1(1),2(1),3(1),4(2),7(2),8(2),9(1),10(4),11(2)
597:0(1),1(1),3(1),4(1),6(7),7(1),8(1),10(1),11(2),12(4),13(1),14(2)
598:0(1),2(1),3(1),4(2),6(1),7(3),9(1),10(2),11(1),12(1),13(2),14(1)
599:0(1),4(1),5(2),6(3),7(3),8(1),9(2),10(2),12(1),13(1)
600:0(1),2(4),3(2),4(3),5(4),6(1),7(3),8(2),9(2),10(1),11(6),12(2),13(1),14(3)
601:0(5),1(2),2(1),3(4),4(2),5(3),6(1),8(1),9(2),11(2),12(1),13(3),14(2)
602:3(2),5(1),6(6),7(1),8(2),9(2),10(2),13(3),14(1)
603:0(2),3(2),4(1),5(1),7(2),8(2),9(1),10(1),11(1),12(3),13(2),14(2)
604:0(2),1(1),2(1),3(1),4(2),5(1),6(4),7(2),8(1),9(3),10(1),11(1),12(2)
605:0(4),1(2),2(1),3(1),5(2),6(5),7(1),8(1),9(1),10(4),11(1),13(2)
606:1(2),3(3),5(1),6(2),7(1),8(1),9(2),10(1),11(1),13(3),14(4)
607:0(2),1(2),3(2),4(1),5(1),6(1),7(2),8(2),10(2),11(3),12(3),13(2),14(4)
608:0(1),3(2),6(1),7(2),9(1),10(2),11(1),12(5),13(1)
609:2(1),4(1),5(2),6(1),7(1),8(1),10(1),11(2),12(3),13(4),14(2)
610:0(1),2(1),4(3),7(3),8(4),9(1),10(1),11(1),12(2),13(1),14(1)
611:0(2),3(2),6(2),8(3),9(3),10(1),11(2),13(1)
612:0(3),1(1),2(4),3(1),4(1),5(1),6(2),7(1),8(2),9(1),10(1),11(1),13(3),14(2)
613:1(1),4(1),5(3),6(2),9(2),12(1),13(2),14(3)
614:0(1),3(2),4(4),6(2),7(1),8(2),9(1),10(1),11(1),12(2),13(2),14(1)
615:0(4),1(2),2(1),3(2),4(1),5(1),6(2),7(2),8(1),10(3),11(2),12(3),13(1),14(1)
616:0(5),1(2),2(1),3(2),4(2),5(3),6(3),7(3),8(1),9(1),10(6),11(2),12(2),13(1)
617:1(1),2(1),3(4),4(1),5(2),7(2),8(3),9(1),10(1),11(1),12(2),13(2),14(1)
618:0(1),1(1),4(2),6(2),7(4),8(2),10(2),11(2),12(1),13(4),14(1)
619:1(3),2(3),4(2),5(1),6(1),7(4),8(3),9(2),10(1),11(1),13(2),14(2)
620:1(1),2(1),4(1),6(2),7(5),8(1),9(2),10(2),11(1),12(1),13(1),14(2)
621:0(1),1(2),3(3),4(1),5(3),6(1),7(2),8(3),9(4),10(1),11(1),12(2),13(2),14(1)
622:0(3),1(3),3(1),5(1),6(1),8(1),9(3),10(5),11(2),12(4),14(4)
623:3(1),5(1),6(1),7(3),8(3),9(1),11(3),12(1),13(1),14(2)
624:0(1),2(1),4(3),5(1),6(3),7(2),8(2),9(2),10(2),11(1),12(3)
625:1(1),3(2),4(4),9(1),10(1),11(1),12(2),13(3),14(2)
626:0(1),1(1),2(1),4(1),5(1),6(3),8(2),9(1),10(1),11(2),12(2),14(3)
627:0(1),2(1),3(1),4(2),5(3),6(1),8(3),9(2),11(3)
628:0(1),2(1),3(1),4(2),5(1),6(2),7(1),9(1),10(1),11(3),12(1),13(3),14(1)
629:0(3),2(1),3(2),4(2),6(3),7(1),8(1),10(1),11(3),13(1),14(3)
630:0(1),2(1),3(2),4(1),5(2),6(1),8(1),9(2),10(4),12(1),14(4)
631:0(4),2(1),3(2),4(2),5(1),7(1),8(1),10(2),12(2),13(1),14(3)
632:1(3),2(2),3(2),4(1),5(3),6(1),7(3),8(2),9(3),10(3),11(1),12(2),13(1),14(1)
633:0(3),4(4),5(1),6(1),7(2),8(1),9(2),10(1),11(2)
634:0(1),1(2),2(3),3(1),4(1),5(1),6(3),7(2),8(1),9(1),10(1),11(1),12(1),13(1),14(1)
635:0(2),1(1),3(3),4(1),6(1),8(1),9(2),11(1),12(3),14(2)
636:0(2),1(2),2(2),3(2),4(1),10(2),11(2),12(2),13(2),14(4)
637:0(1),2(2),3(1),4(1),5(2),6(1),7(3),8(3),9(2),11(2),12(3),14(3)
638:3(1),4(2),6(1),7(1),8(1),9(1),10(1)
639:1(2),3(2),4(2),5(1),6(3),8(4),9(2),10(2),11(3),12(5),13(2),14(4)
640:0(2),1(1),3(1),6(2),7(1),8(1),10(1),11(3),12(3),13(4)
641:0(5),2(1),3(1),4(2),5(5),6(1),7(3),8(2),9(2),11(3),12(3),13(2),14(1)
642:0(2),3(2),4(2),5(3),6(1),8(1),9(3),10(3),11(1),12(1),13(2),14(2)
643:0(1),3(1),5(2),8(1),9(1),10(2),11(2),12(2),13(3),14(2)
644:0(2),1(1),2(3),3(1),4(1),7(2),8(4),9(3),10(1),11(1),12(4),13(2)
645:0(3),1(3),3(1),4(1),5(1),6(1),7(3),8(1),9(4),10(1),11(1),12(3),14(7)
646:0(1),3(3),4(1),7(2),8(4),9(1),10(2),11(1),12(4),13(3)
647:0(3),5(2),6(1),7(3),8(2),9(3),12(3),13(1),14(4)
648:0(4),3(3),4(1),6(1),7(1),8(1),9(1),12(1),13(1),14(3)
649:2(2),4(5),5(5),6(2),7(2),9(1),11(2),12(4),13(1),14(2)
650:3(1),4(3),5(1),6(4),7(2),9(2),10(3),11(1),12(2),13(2),14(1)
651:0(1),1(1),2(2),3(1),4(1),5(3),6(5),7(2),8(1),10(2),11(2),12(1),13(1),14(2)
652:0(1),1(1),3(4),4(2),5(1),6(4),7(2),8(1),9(2),10(1),11(1),13(1),14(5)
653:0(2),1(1),2(1),3(5),4(2),6(1),8(1),9(3),10(1),14(2)
654:0(1),1(1),3(1),5(2),6(2),7(1),9(1),10(2),11(1),12(2),14(2)
655:3(1),4(1),5(1),6(2),8(4),11(2),12(2),13(2)
656:1(1),2(1),3(1),5(2),6(3),7(2),8(1),9(1),10(1),11(1),12(5),13(1)
657:0(1),3(4),4(2),5(1),6(2),7(1),8(1),9(2),10(2),11(2),12(1),13(3)
658:0(3),2(1),3(3),4(1),5(1),6(3),7(2),8(3),10(3),14(2)
659:0(2),1(1),3(1),4(3),5(3),7(4),8(1),9(1),10(1),11(3),12(1),13(1),14(3)
660:2(1),3(2),4(1),5(1),7(1),9(4),10(2),11(1)
661:0(1),3(1),5(1),7(2),8(1),10(3),12(2),13(2),14(1)
662:2(1),5(2),6(2),7(1),8(1),9(2),11(1),12(2),13(3),14(2)
663:0(2),3(1),4(1),5(4),6(1),8(1),9(1),10(3),11(1),12(1),13(3)
664:0(2),4(2),5(2),6(2),7(3),8(1),10(1),12(4),13(1),14(1)
665:1(2),2(1),3(1),4(1),5(2),6(1),7(1),8(1),9(2),10(1),11(1),12(3),14(1)
666:0(1),4(1),5(2),6(1),8(1),9(2),10(1),11(2),12(1),13(2),14(1)
667:0(3),4(1),5(3),6(1),7(3),9(2),12(1),13(2),14(1)
668:0(3),1(1),2(1),3(2),4(4),6(3),7(1),8(2),11(2),12(2),13(2),14(2)
669:0(1),1(1),3(3),4(2),5(3),6(1),7(1),8(1),9(4),10(1),11(2),13(4),14(1)
670:1(1),3(1),4(2),5(1),9(1),10(1),12(1),13(2),14(2)
671:0(2),3(3),4(3),6(1),8(5),10(1),11(2),12(1),14(1)
672:0(6),3(1),6(1),7(2),8(2),11(2),12(1),13(3),14(2)
673:0(4),1(1),2(2),5(2),7(1),8(5),9(2),10(2),11(1),12(1),13(1),14(2)
674:0(2),2(1),3(3),4(1),5(1),6(2),7(3),8(3),9(1),10(2),11(2),12(3),13(2),14(1)
675:0(1),1(1),3(2),4(4),5(1),6(1),7(2),9(1),12(1),13(1)
676:0(3),1(1),3(1),4(1),5(1),6(1),7(3),8(2),10(1),13(3),14(1)
677:0(3),1(2),4(2),5(3),10(1),11(3),12(3),13(1)
678:3(1),5(2),8(3),9(1),11(5),12(1),13(1),14(1)
679:0(2),3(1),5(1),6(1),7(1),8(3),9(2),10(1),11(2),12(4),13(2),14(4)
680:0(4),1(1),2(1),5(2),6(1),8(1),10(2),11(1),12(2),13(4),14(1)
681:0(1),1(2),2(1),3(1),6(1),10(1),13(1)
682:1(1),2(1),3(2),4(2),5(3),7(2),9(3),10(2),11(2),12(2)
683:0(3),1(1),3(2),4(1),5(1),6(1),7(3),8(3),9(1),11(2),12(1),13(1),14(1)
684:0(2),4(2),5(1),7(2),10(1),11(1),13(2),14(2)
685:0(1),2(3),3(3),4(3),5(3),6(4),7(1),9(1),10(2),11(5),12(1),14(2)
686:0(1),2(1),3(2),4(1),6(3),7(2),8(4),9(1),10(3),11(2),12(1)
687:0(1),1(1),2(1),3(1),4(3),7(1),8(3),9(3),10(1),11(3),12(1),13(1)
688:3(2),4(2),5(2),7(1),8(2),9(1),11(2),13(3)
689:0(1),2(1),3(1),6(1),7(1),9(3),10(2),11(2),12(1),13(1)
690:0(1),2(2),3(2),4(2),6(5),7(1),8(1),9(1),11(1),12(2),13(1),14(1)
691:0(1),1(1),2(5),3(2),4(4),5(1),6(1),7(1),10(1),11(1),12(2),13(2),14(1)
692:0(2),1(1),2(1),3(1),4(1),6(1),7(1)
693:0(3),1(1),2(3),3(1),4(1),5(3),7(2),9(5),10(6),11(2),12(1)
694:0(1),3(3),4(1),5(3),6(1),7(1),8(1),9(2),10(2),11(3),13(3),14(2)
695:0(2),1(1),2(1),3(1),5(2),6(3),7(4),8(3),9(2),10(1),12(2),13(1),14(2)
696:0(2),2(2),3(1),4(4),5(1),6(2),7(3),8(2),9(3),12(5),13(1),14(2)
697:1(1),3(3),4(1),5(2),7(2),8(3),9(3),12(1),13(2),14(1)
698:1(1),2(2),4(2),5(2),6(3),7(1),8(4),9(1),10(4),11(1),12(1),13(2),14(2)
699:0(2),2(2),3(3),4(1),7(2),8(2),9(2),10(2),11(3),12(2),13(1),14(3)
700:0(1),2(4),3(2),4(1),5(2),6(1),7(2),8(1),9(1),10(1),11(1),12(1),13(2),14(2)
701:0(2),2(2),3(3),4(1),5(2),6(2),7(1),8(1),9(1),10(2),12(2),13(2),14(4)
702:3(3),4(1),5(1),6(1),7(1),8(2),9(2),10(1),11(2),13(2),14(2)
703:0(2),1(1),2(1),3(3),5(1),6(1),11(1),12(2),13(1),14(2)
704:0(2),3(2),4(1),7(1),8(1),10(1),11(1),12(1),13(3),14(5)
705:1(2),4(2),5(1),7(1),8(1),9(2),10(2),11(2),12(4),14(2)
706:0(1),2(1),3(2),4(1),5(3),6(3),7(2),9(1),10(1),12(3),14(1)
707:0(3),2(1),4(2),7(2),8(3),9(1),10(4),11(2),12(5),13(1),14(2)
708:0(1),2(1),3(1),4(1),6(4),8(2),9(2),11(4),12(2),14(1)
709:0(1),1(1),2(1),3(2),4(5),5(1),7(2),9(2),10(1),14(1)
710:0(5),1(2),3(1),4(2),11(2),12(1)
711:0(3),6(3),9(3),11(2),12(2),13(1),14(1)
712:3(3),4(2),7(1),8(2),12(2),13(2),14(2)
713:0(1),3(1),5(2),6(1),7(1),11(4),12(1)
714:0(3),1(1),3(1),4(5),5(2),7(3),10(1),11(1),12(3),13(1)
715:0(1),3(1),4(1),5(2),6(2),10(1),11(1),12(3),13(1),14(1)
716:0(6),1(2),2(1),4(1),5(3),6(1),7(1),8(2),9(4),10(1),13(2)
717:0(1),1(4),2(2),3(1),4(2),5(3),6(3),8(1),9(1),10(3),11(1),12(2),13(2)
718:0(1),1(1),2(1),3(2),4(3),5(1),7(2),8(3),9(3),10(3),11(1),12(1),13(1),14(2)
719:2(2),3(1),7(1),8(1),9(1),10(2),11(1),12(3),13(3),14(4)
720:0(1),5(1),7(2),9(2),10(1),11(1),13(1),14(2)
721:0(1),1(2),3(2),4(3),6(2),7(3),8(1),9(1),10(1),12(1),13(4)
722:0(1),1(1),2(1),3(1),4(1),5(1),6(2),9(1),10(4),11(1),12(1),13(2),14(3)
723:0(1),1(1),5(2),6(1),7(2),8(1),10(2),11(1),12(3),14(1)
724:3(1),5(2),6(2),7(4),8(3),9(3),11(2),12(1),14(1)
725:0(4),1(2),3(1),5(1),6(1),8(3),10(1),11(2),12(3),13(2),14(1)
726:1(1),3(1),4(2),5(1),6(1),7(2),10(1),12(1),13(2),14(3)
727:0(1),2(2),3(1),4(1),5(1),6(2),7(2),8(1),11(1),12(1),13(3),14(2)
728:0(1),1(1),2(1),3(1),5(1),6(3),7(1),8(2),9(1),11(2),12(2),14(2)
729:0(2),1(2),4(1),5(4),6(1),7(1),9(2),10(1),12(1),14(1)
730:0(2),1(1),2(1),3(1),4(1),5(2),7(1),8(1),9(1),11(1),12(2),13(2),14(2)
731:3(1),4(1),7(3),10(3),12(1),13(2),14(1)
732:1(2),2(1),4(1),5(1),6(1),7(3),8(2),9(1),10(1),11(4),12(5)
733:0(2),1(1),2(1),3(1),5(1),7(1),8(1),9(1),10(2),11(2),12(2),14(3)
734:0(3),1(4),3(1),4(1),5(1),7(3),8(1),10(1),11(1),12(2),13(3),14(3)
735:0(3),3(1),4(1),5(1),7(1),8(1),9(1),11(3),12(4),13(1),14(2)
736:1(1),3(2),6(2),8(2),9(3),11(1),12(1),14(1)
737:0(1),1(2),2(1),3(1),5(2),6(2),7(3),9(1),10(2),11(2),12(1),13(4),14(1)
738:1(1),3(1),6(1),7(1),9(1),10(1),11(1),12(1),13(1),14(1)
739:0(1),3(1),4(6),5(2),6(2),7(1),11(3),12(1)
740:1(1),5(2),6(1),7(1),8(1),9(1),11(2),12(1),13(1)
741:0(4),2(1),3(2),8(2),10(3),11(2),12(2),14(2)
742:0(1),1(1),2(1),3(2),6(1),8(3)
743:0(2),1(2),2(1),3(2),4(1),5(3),9(3),12(2)
744:0(2),2(2),3(1),8(1),10(1),11(2),13(1),14(1)
745:0(1),1(2),4(1),5(2),6(1),7(1),9(1),11(4),12(1),14(2)
746:2(1),5(4),8(1),11(1),12(1),13(2),14(1)
747:1(1),3(1),10(1),11(1),12(1)
748:0(1),1(2),2(1),4(2),6(1),7(4),10(1),11(2),12(1),13(1)
749:1(2),3(1),4(3),7(1),9(1),10(1),11(1),12(2),14(1)
750:0(3),1(1),2(1),3(1),4(1),5(2),7(1),8(1),9(1),11(2)
751:2(1),3(2),5(2),6(3),7(2),8(1),9(1),11(3),12(2),13(1),14(1)
752:0(1),1(3),3(2),4(1),6(1),9(1),10(3),11(1),13(2)
753:0(1),1(2),5(1),6(1),7(1),9(1),11(1),12(3),14(1)
754:0(1),2(1),3(1),4(2),5(1),6(1),8(2),9(1),10(1),13(1)
755:0(2),3(1),4(2),5(1),7(1),8(1),10(1),11(1),12(1),13(2),14(3)
756:0(1),2(2),4(2),5(1),6(1),11(1),12(1),13(1)
757:1(1),2(2),5(1),6(1),10(3),11(1),12(1),13(1),14(1)
758:0(2),2(1),5(1),6(1),12(1)
759:1(1),4(1),5(2),6(2),7(2),8(3),11(1),12(1),14(1)
760:0(2),4(1),6(1),7(1),8(1),10(2),11(1)
761:0(1),1(1),2(1),6(1),9(3),11(2),12(1)
762:0(1),1(1),2(2),4(1),6(1),8(1),9(1),10(1),12(1)
763:0(1),1(2),2(2),3(1),9(1),10(1),12(1),13(1)
764:3(1),5(1),7(1),8(1),12(1),13(3)
765:0(1),4(1),5(1),6(1),8(1),9(1),10(4),13(1),14(1)
766:1(1),2(1),3(1),6(1),7(1),11(1),12(1),13(1),14(2)
767:1(2),2(1),3(2),5(2),6(1),11(2),13(2)
768:1(3),2(3),3(1),7(2),8(2),10(1),13(1),14(1)
769:0(1),1(1),3(2),5(1),6(1),10(1),12(1)
770:2(1),4(1),6(1),8(1),10(1),11(1)
771:0(1),3(1),4(1),5(1),7(1),8(1),10(1),11(1),14(1)
772:0(2),1(1),6(2),7(1),14(1)
773:2(1),3(2),5(1),6(1),11(1),13(2),14(1)
774:1(3),2(2),4(2),5(1),7(2),9(1),10(1),11(1),12(1)
775:0(1),3(1),5(1),6(1),8(1),9(2),10(1),13(1),14(1)
776:4(1),5(1),7(1),11(1),13(1)
777:0(1),3(1),7(1),9(1),10(2),13(1)
778:2(1),4(4),7(2),8(1),9(1),10(1),13(1),14(1)
779:1(1),2(1),5(1),6(1),13(1),14(1)
780:7(1),9(1),12(2),14(1)
781:4(1),11(1)
782:0(2),1(2),2(1),4(1),6(1),8(2),9(1),13(1),14(2)
783:10(1),11(1),13(1)
784:0(1),1(1),5(1),11(1)
785:1(1),2(1),6(1)
786:0(1),1(3),10(1)
787:0(1),1(1),2(1),3(1),4(2),7(1),9(1)
788:0(1),3(1),8(1),14(1)
789:1(2),4(1),5(1),10(1),12(1),13(1),14(1)
790:0(1),1(1),8(1),9(1),10(1),13(1)
791:2(1),10(1),11(1)
792:3(1),5(1),8(1)
793:0(1),5(2),12(1),14(1)
794:2(1),6(1),7(2),9(1),10(1),13(1)
795:1(1),2(1),3(1),8(1),9(1),11(1),14(1)
796:1(2),2(1),4(1),5(3),6(2),9(1),14(1)
797:0(1),1(1),3(1),4(2),9(1)
798:1(1),2(1),6(1),7(1),9(1),14(1)
799:9(1),10(1),11(2)
800:0(1),4(1),6(1),9(1),12(1),14(2)
801:3(1),8(2),12(1),14(1)
802:0(1),9(1),11(1),12(1),13(1),14(2)
803:1(1),3(1),4(3),5(2),6(1),8(1),12(1),14(1)
804:2(1),4(1),6(1),10(1),14(1)
805:0(1),1(1),3(1),4(1),5(1),11(2),12(1),14(1)
806:2(1),14(1)
807:2(2),4(1),6(1),8(1)
808:1(1),2(1),3(1),5(1)
809:1(1),2(2),7(1),9(1),11(1),13(1)
810:1(1),2(1),3(1),4(2),5(1),6(1),8(4),11(1),12(1)
811:1(1),3(1),4(1),6(1),12(1),14(1)
812:2(1),3(1),4(1),5(1),7(1),8(1),10(2),13(2)
813:1(1),4(1),11(1),14(2)
814:1(1),2(1),3(1),4(1),6(1),8(1),10(2),13(1)
815:1(1),7(1),8(1),10(1),13(1)
816:2(1),7(1),12(1)
817:7(1),8(1)
818:2(2),3(1),8(1),10(1),11(1)
819:5(1),7(3),12(1)
820:2(1),6(1),7(2),9(2),10(2),11(1),13(3)
821:1(3),2(2),3(1),8(1)
822:1(1),2(1),8(1),10(1),12(1)
823:0(1),3(1),9(1),10(1)
824:0(1),9(1),13(2)
825:0(1),1(1),4(1),11(2),14(1)
826:3(2),9(1),14(1)
827:0(1),7(1),12(1),14(1)
828:1(1),2(2),4(1),11(1)
829:3(2),4(1),9(1)
830:2(2),3(1),4(1),9(1),10(1),11(1),14(1)
831:1(1),2(3),8(1),11(1)
832:0(1),1(1),6(1),10(1)
833:4(2),5(1),8(1),10(1),12(1)
834:2(1),6(1),7(2),12(1)
835:3(2),4(1),11(1)
836:4(1),13(1),14(1)
837:0(1),1(3),5(1),10(2),12(1),14(2)
838:1(1),2(1),3(1),4(1),12(1)
839:0(1),2(2),3(1),14(1)
840:1(1),8(2),13(1)
841:2(1),3(1),4(1),6(1),10(1)
842:2(1),7(1),12(1)
843:0(1),2(1)
844:6(1),14(1)
845:1(1)
846:0(1),2(1),8(1),11(1),13(1)
847:9(1)
848:3(1),4(1),11(2),14(1)
849:1(1),7(1)
850:8(1)
851:2(1),4(2),7(1)
852:1(2),2(1),3(1),4(1),5(1),6(1),9(1)
853:1(1),4(1),6(1)
854:1(1),3(1),9(2),12(1),13(2)
855:8(1)
856:1(1),2(2),5(1),13(1)
857:2(1),6(1),7(1)
859:1(1),4(1),8(2)
860:1(1),2(2),6(1)
861:1(1),2(1),6(1),12(1)
862:1(2),8(1)
863:4(1)
864:2(2),5(1),11(1),12(1)
865:1(2)
866:5(1),12(1)
867:13(1)
868:1(1),8(1)
869:0(1)
870:1(2),2(1)
871:1(1)
872:1(2),2(1),9(1)
874:2(1),6(1),10(1),14(1)
875:1(1),2(1)
876:0(2),2(1),7(1),12(1)
877:8(1),11(1),12(1)
878:1(3)
879:1(1)
880:1(2),2(1)
881:1(1),2(1)
882:3(1),4(1),5(1)
883:1(1)
884:1(2),2(2),3(1)
885:1(2),2(1),14(1)
886:0(1),1(1),2(2),5(1),8(1)
888:2(2)
889:0(1),1(1),2(1)
890:2(1),10(1)
891:1(1),2(1)
892:1(1),2(3)
893:2(1)
894:2(1),6(1)
895:10(1)
896:1(4),3(1),4(1),5(1)
897:1(2)
898:1(1),10(1),14(1)
900:14(1)
901:1(1),2(1)
902:2(2)
903:0(1)
904:2(2)
905:2(1)
906:1(2)
907:2(2),4(1)
908:1(1),2(1)
909:1(1)
910:1(1)
912:2(2)
914:1(1)
915:2(2)
916:1(1),2(1),3(1)
917:2(2),3(1),13(1)
919:2(2)
920:2(1)
921:1(1),2(1),14(1)
922:2(1),9(1)
923:1(2),3(1)
924:1(1),2(2)
925:2(1)
927:1(1),2(1)
928:1(1)
930:1(2)
931:1(1),2(1)
932:2(1)
933:2(2)
934:2(1)
935:1(1)
937:2(1)
938:2(1)
939:1(1)
941:1(2)
942:2(2)
943:1(1)
945:2(2)
946:1(1)
947:2(1)
948:1(2),2(1)
950:2(1)
952:1(3)
953:2(1),7(1)
954:1(1),2(1)
957:2(1)
959:2(2)
961:1(4),2(2)
962:2(1),14(1)
963:2(1)
964:1(1),2(1)
965:1(1),2(1)
966:2(1)
968:1(3)
969:1(1)
970:1(2)
971:2(1)
972:2(1)
973:1(1),2(1)
975:1(1),2(1)
977:1(2)
978:1(2),2(1)
980:1(1),2(1)
981:2(1)
983:1(1)
984:2(2)
985:1(1)
986:1(1)
987:1(2),2(1)
988:1(1)
990:2(2)
991:2(2)
992:1(3),2(1)
993:1(2),2(1)
994:2(2)
995:1(4),2(1)
996:2(1)
998:1(2)
999:1(2),2(1)
1000:2(1)
1001:1(2),2(1)
1002:1(1),2(1)
1003:2(1)
1004:1(1),2(3)
1006:1(2)
1007:1(1)
1008:2(1)
1009:2(1)
1010:1(1)
1011:1(1),2(1)
1012:1(1),2(2)
1014:1(1),2(1)
1015:1(2),2(1)
1016:2(1)
1017:1(1)
1019:1(1),2(1)
1021:1(1)
1022:2(1)
1023:1(1),2(1)
1025:1(1),2(1)
1026:1(1),2(1)
1028:2(2)
1029:2(1)
1030:2(1)
1031:2(1)
1032:1(2)
1033:1(2)
1034:1(1),2(1)
1036:1(1)
1037:1(1),2(1)
1040:1(3)
1041:1(1)
1043:2(2)
1044:1(1),2(1)
1046:1(2)
1047:1(3)
1048:1(1),2(1)
1049:1(1)
1050:2(1)
1051:1(1),2(1)
1058:1(3),2(1)
1059:2(1)
1060:1(1),2(1)
1062:1(1)
1064:1(2)
1065:2(2)
1066:1(1),2(2)
1067:1(1),2(1)
1068:2(1)
1069:1(1)
1072:2(1)
1073:1(2),2(1)
1074:1(1)
1075:1(1)
1076:1(1)
1077:1(1)
1079:1(1),2(1)
1080:2(2)
1081:1(1),2(2)
1082:2(1)
1085:2(1)
1086:2(1)
1087:1(1)
1088:1(1)
1089:1(1)
1090:1(1),2(1)
1091:2(1)
1092:1(1)
1093:1(1)
1095:1(2),2(1)
1096:2(2)
1097:2(3)
1098:1(1),2(3)
1099:1(1)
1100:1(1)
1101:2(1)
1102:2(1)
1103:1(1),2(2)
1104:1(1),2(1)
1105:1(1),2(1)
1106:1(2)
1107:1(1),2(3)
1108:2(1)
1109:2(1)
1110:1(1)
1111:1(1)
1112:2(1)
1113:1(1),2(1)
1114:2(2)
1115:1(1),2(1)
1117:1(1)
1120:1(1)
1121:1(1),2(2)
1122:1(1)
1123:1(1),2(1)
1124:2(1)
1125:2(1)
1126:1(1)
1127:1(3),2(2)
1128:1(1)
1129:1(4),2(2)
1130:2(3)
1132:2(3)
1133:1(1)
1134:2(2)
1135:2(1)
1136:2(1)
1137:1(1)
1138:1(1)
1140:2(1)
1142:1(1),2(1)
1143:1(1)
1144:1(1),2(2)
1145:2(1)
1146:2(1)
1147:1(3),2(3)
1148:2(2)
1149:1(1),2(1)
1150:1(1),2(2)
1153:2(1)
1154:1(1)
1156:1(2),2(2)
1157:1(1),2(3)
1158:2(1)
1159:1(1),2(1)
1160:1(1),2(1)
1161:1(2),2(1)
1162:2(1)
1163:2(2)
1165:1(1),2(2)
1166:1(1),2(1)
1167:2(2)
1168:1(1),2(1)
1172:2(2)
1173:2(2)
1174:1(1)
1175:1(1)
1176:2(2)
1177:2(1)
1178:1(1)
1179:2(2)
1180:1(1)
1182:1(1)
1183:2(2)
1184:2(1)
1185:2(2)
1187:1(2)
1188:1(1),2(1)
1189:1(1)
1190:1(1),2(1)
1191:1(1)
1192:2(1)
1193:2(1)
1194:1(1)
1195:1(1),2(2)
1198:1(1)
1199:2(1)
1200:1(1)
1201:1(1)
1202:2(1)
1204:1(3)
1205:2(2)
1206:2(1)
1208:2(1)
1209:2(1)
1212:2(2)
1213:1(1)
1215:1(1)
1216:1(1)
1217:1(1),2(1)
1218:2(1)
1219:1(1),2(1)
1220:1(2)
1221:2(1)
1222:1(1)
1224:2(2)
1226:2(1)
1227:2(1)
1228:1(1)
1229:1(1)
1230:2(1)
1231:1(2)
1233:1(1),2(2)
1236:1(1),2(1)
1237:1(1),2(2)
1238:1(1),2(1)
1239:1(1),2(1)
1240:1(1),2(1)
1242:1(1)
1243:1(1),2(2)
1244:1(1)
1245:2(1)
1246:2(2)
1248:1(4)
1249:2(2)
1250:1(2)
1251:1(1)
1252:2(2)
1254:1(1)
1255:2(1)
1256:2(1)
1258:2(1)
1260:1(2)
1261:1(1)
1262:1(2)
1263:1(1),2(2)
1265:1(2),2(1)
1266:1(1)
1267:2(1)
1268:1(1),2(3)
1270:2(1)
1271:1(1)
1272:1(1),2(1)
1274:2(1)
1275:1(1)
1276:1(1),2(2)
1277:1(1)
1278:1(1)
1279:1(1),2(1)
1280:2(1)
1281:1(1),2(2)
1282:1(2),2(1)
1283:1(1),2(1)
1284:1(1),2(1)
1285:2(1)
1287:1(1),2(1)
1289:1(1)
1290:2(1)
1291:1(1),2(1)
1292:2(2)
1294:1(2),2(1)
1295:2(1)
1297:1(1),2(1)
1298:1(1)
1299:1(3),2(1)
1300:2(1)
1301:2(1)
1302:1(1)
1304:1(1)
1307:1(1),2(1)
1308:1(1),2(1)
1310:1(1),2(2)
1311:1(2)
1312:2(1)
1313:1(2),2(1)
1314:2(2)
1315:1(2),2(1)
1316:1(1),2(1)
1317:1(1)
1319:1(1)
1320:1(1)
1321:2(1)
1322:2(1)
1323:1(1)
1324:2(1)
1325:1(1)
1328:1(1),2(2)
1330:2(1)
1331:2(1)
1332:1(1),2(1)
1333:2(1)
1334:2(1)
1335:1(1),2(1)
1336:1(3),2(1)
1337:1(1),2(1)
1338:2(1)
1340:2(1)
1341:2(2)
1342:1(1)
1344:1(1),2(1)
1347:2(1)
1348:2(1)
1349:2(1)
1351:1(1),2(1)
1352:1(2)
1353:1(2)
1354:2(1)
1355:2(1)
1357:1(1),2(1)
1358:1(2),2(1)
1359:1(1),2(2)
1360:2(3)
1361:1(3)
1362:1(2),2(1)
1363:1(2),2(1)
1364:1(4)
1365:2(3)
1366:1(1),2(1)
1367:2(2)
1368:2(2)
1369:1(1),2(1)
1370:1(1),2(1)
1371:1(2),2(1)
1374:1(1)
1375:1(1),2(2)
1376:1(1)
1377:1(1)
1378:1(2)
1379:1(1),2(1)
1380:1(1),2(1)
1381:2(1)
1382:2(1)
1383:2(1)
1385:2(1)
1386:2(1)
1390:2(1)
1391:2(1)
1392:1(1)
1393:2(2)
1394:2(1)
1396:2(1)
1397:1(1),2(1)
1398:2(1)
1399:2(1)
1400:2(2)
1401:1(1),2(2)
1402:1(1),2(2)
1403:1(1)
1404:1(2)
1405:2(1)
1406:1(1),2(1)
1407:1(2)
1408:1(2),2(1)
1409:2(2)
1410:1(1),2(1)
1411:1(1)
1412:2(1)
1413:1(1),2(1)
1414:2(1)
1415:1(2),2(1)
1417:1(2)
1418:1(1),2(3)
1419:2(2)
1421:2(3)
1422:1(2),2(1)
1423:1(1),2(2)
1425:2(2)
1426:1(1)
1427:2(1)
1428:1(2),2(1)
1429:1(2),2(1)
1432:1(2)
1433:2(1)
1434:1(2)
1435:2(2)
1436:1(1)
1437:1(2),2(1)
1438:2(1)
1440:1(1),2(1)
1441:1(1)
1442:1(1)
1443:2(1)
1444:2(2)
1446:1(1)
1449:2(3)
1450:1(1)
1451:1(1),2(1)
1456:2(2)
1457:1(1),2(1)
1458:1(1),2(1)
1459:2(1)
1461:1(1)
1465:1(2),2(1)
1468:2(3)
1469:1(1)
1470:2(1)
1471:1(1)
1472:1(2),2(1)
1473:1(2)
1474:1(2)
1475:1(1)
1476:2(1)
1477:1(1)
1478:1(2),2(2)
1482:1(3)
1483:2(2)
1484:2(3)
1486:1(1)
1487:2(1)
1488:1(1),2(3)
1489:1(2)
1490:1(1)
1491:1(1)
1492:2(1)
1494:1(1),2(1)
1495:1(1)
1496:2(1)
1498:1(2)
1499:1(3)
1500:2(1)
1501:1(1)
1502:2(2)
1503:1(1),2(1)
1505:1(2)
1507:1(2)
1509:1(1)
1510:1(1),2(1)
1511:2(1)
1514:1(2)
1516:1(1),2(1)
1517:1(1)
1518:1(1),2(2)
1519:1(1),2(2)
1520:1(1),2(2)
1521:1(2)
1522:2(1)
1524:2(3)
1527:1(1)
1528:1(1)
1529:1(1)
1530:1(1)
1531:2(3)
1532:1(1),2(2)
1533:2(1)
1535:1(1),2(1)
1537:1(1)
1538:1(1)
1541:1(1)
1542:1(1),2(1)
1543:1(2),2(2)
1547:2(1)
1550:1(1),2(2)
1552:1(1)
1553:1(3)
1554:2(1)
1555:2(2)
1556:1(1)
1558:1(1)
1559:2(2)
1560:2(1)
1562:1(1),2(2)
1563:2(2)
1564:1(1)
1565:1(1)
1566:1(1),2(2)
1567:2(1)
1568:2(1)
1569:2(2)
1570:2(1)
1574:1(1)
1575:1(1),2(1)
1576:1(1)
1577:1(1),2(1)
1578:1(1),2(1)
1579:2(1)
1580:1(3)
1581:2(1)
1582:1(1),2(1)
1583:1(1)
1584:2(1)
1586:1(1)
1587:2(1)
1588:1(1),2(1)
1590:2(1)
1591:1(1)
1592:1(1),2(1)
1593:1(1)
1594:1(2)
1595:1(2),2(1)
1597:2(2)
1598:1(1)
1599:2(1)
1600:1(1)
1601:1(1)
1602:2(1)
1604:1(1)
1605:1(2),2(1)
1606:1(2)
1607:1(1),2(1)
1608:2(1)
1609:2(1)
1610:1(2)
1615:1(1)
1619:1(1),2(2)
1620:1(5),2(4)
1622:1(1),2(2)
1623:1(1)
1624:1(2)
1625:1(1)
1626:1(1)
1627:1(3),2(1)
1630:1(2),2(1)
1631:2(2)
1634:1(4)
1636:1(2)
1637:1(2)
1638:1(2),2(1)
1641:2(1)
1642:1(2)
1643:2(2)
1644:2(3)
1645:2(1)
1647:2(1)
1648:1(1)
1649:1(2),2(2)
1651:2(1)
1653:2(1)
1654:2(3)
1655:1(1)
1656:2(1)
1657:2(1)
1658:1(1)
1660:2(1)
1661:1(1)
1662:1(1),2(2)
1663:2(1)
1664:1(3)
1665:2(1)
1666:1(1)
1667:2(1)
1668:1(1),2(1)
1669:1(1),2(1)
1671:1(1),2(1)
1672:2(1)
1673:2(1)
1674:1(1)
1676:1(2)
1678:2(2)
1679:1(1)
1680:2(2)
1681:1(1)
1682:2(2)
1684:2(2)
1685:1(1)
1686:1(1)
1687:2(1)
1691:1(1),2(2)
1692:1(2),2(1)
1694:2(1)
1695:1(2),2(1)
1697:1(1),2(1)
1698:1(1),2(1)
1702:1(3)
1703:1(2),2(1)
1705:2(1)
1706:2(3)
1709:2(1)
1710:2(1)
1711:1(2),2(1)
1713:2(2)
1714:1(1)
1715:2(1)
1716:1(3)
1717:1(2),2(1)
1719:1(3)
1720:2(2)
1721:1(1)
1722:2(3)
1723:2(1)
1724:2(1)
1726:2(1)
1727:1(1)
1729:1(2),2(1)
1732:1(1)
1733:2(1)
1734:1(2),2(4)
1738:2(1)
1739:1(1),2(1)
1740:1(1),2(1)
1741:1(1)
1742:1(2)
1743:1(1)
1745:1(2),2(1)
1746:1(1)
1747:2(1)
1748:1(2),2(1)
1749:1(3)
1751:1(1)
1752:1(1)
1753:1(1)
1754:1(1),2(1)
1755:1(1)
1756:2(1)
1757:2(1)
1758:1(1),2(1)
1759:1(1),2(1)
1760:1(1),2(1)
1761:1(1),2(2)
1762:1(1),2(1)
1763:1(1)
1764:2(1)
1765:1(1)
1767:1(1),2(1)
1769:1(1),2(1)
1770:2(1)
1771:2(1)
1772:1(1),2(1)
1773:1(2),2(1)
1775:2(1)
1776:2(1)
1777:1(1)
1780:1(2)
1781:1(2),2(1)
1782:1(1)
1784:2(1)
1785:1(1),2(1)
1786:1(2),2(1)
1787:1(1),2(1)
1788:2(1)
1789:2(2)
1790:1(1)
1791:1(3)
1792:2(2)
1793:2(2)
1795:1(3)
1796:2(1)
1797:2(1)
1798:2(1)
1800:1(1)
1801:1(1),2(2)
1802:1(3)
1803:1(1)
1804:2(1)
1805:1(2)
1806:1(1),2(2)
1807:2(1)
1808:2(1)
1809:1(2)
1811:1(1),2(2)
1812:2(1)
1813:2(1)
1814:1(1),2(2)
1815:2(1)
1816:1(1),2(2)
1817:2(3)
1819:1(1),2(1)
1820:2(1)
1821:1(1)
1822:1(2)
1823:1(1)
1824:1(1)
1825:2(1)
1826:2(2)
1827:2(1)
1828:2(1)
1829:1(3),2(1)
1830:1(1)
1833:2(2)
1834:2(1)
1835:1(2),2(1)
1836:2(2)
1837:1(2),2(1)
1838:1(2)
1839:1(3)
1840:1(1),2(2)
1842:2(1)
1843:2(2)
1846:2(1)
1847:1(1)
1848:1(2)
1849:2(1)
1850:2(1)
1851:2(2)
1852:2(1)
1854:2(2)
1855:1(1)
1856:1(1),2(1)
1857:2(1)
1859:1(1),2(1)
1862:2(1)
1863:1(1)
1866:1(1)
1867:1(1)
1868:1(1),2(1)
1869:2(1)
1870:1(1)
1871:2(1)
1872:1(1)
1873:1(1),2(2)
1875:1(1)
1876:2(1)
1878:2(3)
1879:1(1),2(1)
1881:2(1)
1882:2(1)
1884:1(1)
1885:1(2),2(1)
1886:1(2),2(1)
1888:2(1)
1889:1(2),2(1)
1890:2(1)
1892:1(1)
1894:1(3)
1897:1(2),2(1)
1898:2(1)
1900:2(1)
1901:1(2)
1902:1(1)
1903:2(1)
1904:1(2)
1905:1(2),2(2)
1906:2(1)
1908:1(2),2(2)
1909:1(1),2(1)
1910:2(1)
1912:2(1)
1913:1(1)
1914:2(2)
1915:1(2),2(1)
1916:1(1)
1917:1(1),2(2)
1919:2(3)
1924:1(2),2(1)
1925:1(1)
1926:1(1)
1927:1(2),2(2)
1928:1(2),2(1)
1929:2(2)
1930:1(1)
1931:2(1)
1932:2(1)
1934:1(2),2(1)
1935:1(1),2(1)
1936:2(1)
1937:2(1)
1938:1(1)
1940:1(3),2(3)
1941:2(2)
1942:2(2)
1943:1(1),2(2)
1945:2(1)
1946:1(1)
1947:1(1)
1948:2(2)
1949:1(1)
1950:1(1)
1951:2(1)
1952:2(1)
1953:2(1)
1954:2(3)
1955:1(1),2(2)
1956:1(2)
1957:1(3),2(1)
1958:1(1)
1960:1(2),2(1)
1961:1(1)
1962:2(1)
1964:1(1)
1965:1(1)
1966:1(1),2(1)
1968:2(1)
1969:1(2),2(2)
1970:2(1)
1971:2(2)
1972:2(2)
1973:1(3),2(1)
1974:1(1),2(1)
1975:1(1)
1976:1(1),2(1)
1979:1(1),2(1)
1980:1(1)
1981:1(2),2(2)
1982:1(1)
1983:1(2)
1984:1(2)
1985:1(3)
1987:2(1)
1989:1(1)
1991:1(1),2(2)
1992:1(1),2(1)
1993:2(3)
1995:2(1)
1997:2(1)
1998:1(2)
1999:1(2)
2000:1(1),2(1)

[Top 3 operators per position]
(0):(8)
(1):(8)
(2):(7,8)
(3):(13,8,9)
(4):(14,7,4)
(5):(5,13,10)
(6):(11,3,7)
(7):(11,7,14)
(8):(6,9,0)
(9):(0,13,14)
(10):(14,12,3)
(11):(0,5,6)
(12):(7,11,5)
(13):(0,4,14)
(14):(5,9,8)
(15):(3,0,5)
(16):(3,11,7)
(17):(12,14,0)
(18):(8,0,12)
(19):(7,5,12)
(20):(5,9,13)
(21):(7,5,13)
(22):(13,8,0)
(23):(13,11,7)
(24):(14,0,4)
(25):(5,7,12)
(26):(6,0,4)
(27):(8,13,0)
(28):(7,5,14)
(29):(13,0,11)
(30):(10,12,0)
(31):(10,13,5)
(32):(9,4,12)
(33):(4,7,9)
(34):(10,11,14)
(35):(0,5,13)
(36):(7,3,8)
(37):(4,5,0)
(38):(8,4,5)
(39):(9,12,3)
(40):(10,5,9)
(41):(3,7,13)
(42):(10,5,14)
(43):(3,12,0)
(44):(11,12,13)
(45):(7,8,3)
(46):(14,5,7)
(47):(4,9,14)
(48):(13,12,3)
(49):(8,13,0)
(50):(13,3,9)
(51):(11,4,3)
(52):(3,10,9)
(53):(6,13,7)
(54):(8,4,3)
(55):(3,4,9)
(56):(7,14,8)
(57):(8,0,9)
(58):(6,14,0)
(59):(7,8,10)
(60):(11,14,5)
(61):(5,9,14)
(62):(12,6,8)
(63):(11,10,0)
(64):(14,0,6)
(65):(8,12,5)
(66):(5,7,8)
(67):(0,3,8)
(68):(13,12,9)
(69):(5,6,9)
(70):(3,7,13)
(71):(9,13,6)
(72):(12,3,14)
(73):(0,3,5)
(74):(0,9,11)
(75):(8,13,4)
(76):(5,4,13)
(77):(12,10,9)
(78):(14,0,8)
(79):(3,9,12)
(80):(4,13,3)
(81):(3,11,9)
(82):(0,12,11)
(83):(10,9,14)
(84):(4,12,8)
(85):(12,9,13)
(86):(6,3,9)
(87):(7,3,0)
(88):(6,3,13)
(89):(12,14,5)
(90):(13,6,9)
(91):(7,4,13)
(92):(6,13,0)
(93):(3,4,9)
(94):(14,0,4)
(95):(13,10,11)
(96):(11,7,4)
(97):(6,11,10)
(98):(13,11,0)
(99):(12,5,6)
(100):(5,10,14)
(101):(9,10,12)
(102):(3,10,12)
(103):(13,7,6)
(104):(3,13,5)
(105):(5,12,0)
(106):(14,0,5)
(107):(0,3,4)
(108):(9,10,6)
(109):(4,6,0)
(110):(7,9,12)
(111):(8,12,5)
(112):(6,14,10)
(113):(7,10,11)
(114):(0,5,14)
(115):(11,13,9)
(116):(8,14,4)
(117):(14,6,5)
(118):(14,5,7)
(119):(7,9,12)
(120):(6,5,14)
(121):(14,0,3)
(122):(3,4,11)
(123):(7,12,10)
(124):(14,0,6)
(125):(4,0,13)
(126):(9,0,5)
(127):(8,5,4)
(128):(6,7,14)
(129):(7,10,3)
(130):(9,14,7)
(131):(10,11,14)
(132):(14,9,11)
(133):(6,5,11)
(134):(8,6,0)
(135):(11,3,6)
(136):(12,7,8)
(137):(4,3,5)
(138):(14,7,13)
(139):(13,8,14)
(140):(0,7,9)
(141):(9,8,10)
(142):(5,13,11)
(143):(0,4,12)
(144):(13,4,5)
(145):(3,14,0)
(146):(3,0,7)
(147):(11,3,12)
(148):(14,12,6)
(149):(6,4,8)
(150):(14,12,7)
(151):(3,7,4)
(152):(5,12,4)
(153):(6,10,14)
(154):(3,8,14)
(155):(6,10,12)
(156):(0,4,7)
(157):(10,6,8)
(158):(5,0,9)
(159):(7,0,4)
(160):(10,14,0)
(161):(12,0,9)
(162):(7,0,12)
(163):(5,10,8)
(164):(7,0,10)
(165):(12,13,3)
(166):(9,10,8)
(167):(10,3,11)
(168):(14,5,4)
(169):(11,14,10)
(170):(13,12,14)
(171):(5,4,12)
(172):(14,5,4)
(173):(3,5,9)
(174):(10,6,4)
(175):(14,3,5)
(176):(11,14,4)
(177):(0,7,13)
(178):(13,11,8)
(179):(10,0,5)
(180):(5,14,12)
(181):(3,5,6)
(182):(10,8,4)
(183):(9,7,0)
(184):(5,13,12)
(185):(7,8,13)
(186):(9,0,12)
(187):(12,0,7)
(188):(7,8,0)
(189):(5,7,14)
(190):(5,13,11)
(191):(12,0,8)
(192):(5,9,14)
(193):(11,6,9)
(194):(10,7,14)
(195):(13,7,12)
(196):(6,9,10)
(197):(4,0,10)
(198):(11,8,14)
(199):(3,10,12)
(200):(5,8,14)
(201):(4,9,12)
(202):(12,13,3)
(203):(8,3,9)
(204):(6,5,13)
(205):(14,9,5)
(206):(3,4,6)
(207):(4,3,6)
(208):(0,7,3)
(209):(14,0,5)
(210):(12,8,13)
(211):(3,8,0)
(212):(0,4,3)
(213):(14,5,11)
(214):(6,12,3)
(215):(4,7,14)
(216):(9,14,5)
(217):(9,8,5)
(218):(3,14,4)
(219):(3,6,10)
(220):(13,4,9)
(221):(14,12,9)
(222):(12,0,6)
(223):(13,6,7)
(224):(8,7,12)
(225):(11,14,0)
(226):(11,0,10)
(227):(5,4,6)
(228):(12,0,3)
(229):(9,13,6)
(230):(4,6,5)
(231):(7,0,9)
(232):(8,12,0)
(233):(4,8,12)
(234):(14,4,11)
(235):(7,4,3)
(236):(11,3,4)
(237):(10,13,14)
(238):(5,11,6)
(239):(7,8,9)
(240):(12,0,9)
(241):(0,8,11)
(242):(13,11,3)
(243):(9,0,5)
(244):(7,6,14)
(245):(9,8,4)
(246):(8,5,13)
(247):(5,11,14)
(248):(7,4,11)
(249):(0,4,12)
(250):(11,5,7)
(251):(0,9,13)
(252):(8,0,5)
(253):(7,14,13)
(254):(4,7,11)
(255):(0,7,10)
(256):(8,4,0)
(257):(14,0,3)
(258):(0,7,10)
(259):(3,5,7)
(260):(10,3,9)
(261):(8,6,7)
(262):(7,3,4)
(263):(13,7,8)
(264):(3,9,0)
(265):(13,5,0)
(266):(7,6,10)
(267):(8,12,6)
(268):(6,7,3)
(269):(9,0,5)
(270):(0,12,7)
(271):(10,0,4)
(272):(6,8,0)
(273):(9,4,5)
(274):(0,10,14)
(275):(12,5,7)
(276):(9,5,7)
(277):(3,6,12)
(278):(9,12,4)
(279):(10,6,9)
(280):(8,12,14)
(281):(0,4,6)
(282):(0,11,4)
(283):(4,14,9)
(284):(6,0,10)
(285):(7,11,5)
(286):(14,12,8)
(287):(11,0,4)
(288):(3,12,14)
(289):(9,4,5)
(290):(8,13,0)
(291):(8,14,4)
(292):(9,7,13)
(293):(7,11,3)
(294):(14,0,10)
(295):(7,4,10)
(296):(7,0,5)
(297):(6,8,5)
(298):(14,8,9)
(299):(9,10,0)
(300):(6,5,8)
(301):(12,5,6)
(302):(5,10,3)
(303):(8,10,13)
(304):(0,4,8)
(305):(0,3,6)
(306):(13,9,12)
(307):(7,8,13)
(308):(10,11,14)
(309):(6,10,7)
(310):(14,6,4)
(311):(8,0,4)
(312):(0,12,14)
(313):(11,5,6)
(314):(3,14,5)
(315):(7,11,5)
(316):(7,5,6)
(317):(9,14,3)
(318):(7,12,10)
(319):(9,13,3)
(320):(0,12,14)
(321):(5,10,14)
(322):(4,5,0)
(323):(3,9,14)
(324):(12,0,11)
(325):(4,5,6)
(326):(9,0,4)
(327):(13,6,5)
(328):(13,0,5)
(329):(3,8,0)
(330):(0,7,8)
(331):(5,7,3)
(332):(8,11,14)
(333):(3,11,7)
(334):(14,6,8)
(335):(8,3,4)
(336):(8,9,13)
(337):(9,10,11)
(338):(8,7,9)
(339):(5,10,13)
(340):(0,11,7)
(341):(6,10,14)
(342):(5,0,3)
(343):(4,0,14)
(344):(0,13,4)
(345):(11,0,10)
(346):(7,3,6)
(347):(3,13,14)
(348):(7,0,8)
(349):(4,7,9)
(350):(3,11,0)
(351):(10,11,6)
(352):(8,0,9)
(353):(4,7,3)
(354):(14,3,6)
(355):(11,3,7)
(356):(8,0,7)
(357):(6,7,8)
(358):(4,5,9)
(359):(3,4,5)
(360):(6,4,3)
(361):(0,4,10)
(362):(8,5,0)
(363):(0,4,7)
(364):(4,11,6)
(365):(9,5,14)
(366):(14,6,9)
(367):(8,3,0)
(368):(3,6,13)
(369):(14,7,6)
(370):(0,4,9)
(371):(4,6,14)
(372):(12,5,11)
(373):(5,0,4)
(374):(9,6,4)
(375):(6,5,8)
(376):(11,7,0)
(377):(3,4,6)
(378):(3,8,10)
(379):(8,7,3)
(380):(6,3,10)
(381):(8,3,4)
(382):(0,7,11)
(383):(0,5,4)
(384):(6,7,11)
(385):(13,4,8)
(386):(4,9,6)
(387):(13,0,4)
(388):(14,6,11)
(389):(9,13,4)
(390):(12,0,4)
(391):(10,7,14)
(392):(9,0,5)
(393):(12,6,9)
(394):(6,7,12)
(395):(12,6,8)
(396):(13,3,11)
(397):(9,10,0)
(398):(11,10,12)
(399):(14,0,5)
(400):(3,6,11)
(401):(0,3,9)
(402):(10,5,8)
(403):(8,10,5)
(404):(3,6,0)
(405):(3,9,0)
(406):(8,13,3)
(407):(3,5,13)
(408):(0,8,9)
(409):(9,12,0)
(410):(11,13,3)
(411):(9,14,0)
(412):(11,14,13)
(413):(6,5,8)
(414):(3,13,14)
(415):(13,11,8)
(416):(14,0,1)
(417):(4,8,0)
(418):(0,4,7)
(419):(7,9,0)
(420):(7,5,10)
(421):(8,7,11)
(422):(5,3,6)
(423):(7,9,5)
(424):(8,9,14)
(425):(3,5,7)
(426):(8,11,3)
(427):(14,4,0)
(428):(11,0,4)
(429):(8,4,6)
(430):(6,8,5)
(431):(10,3,11)
(432):(6,13,3)
(433):(0,10,13)
(434):(3,14,5)
(435):(4,10,13)
(436):(0,2,6)
(437):(4,11,10)
(438):(11,9,4)
(439):(6,11,2)
(440):(6,3,5)
(441):(0,3,5)
(442):(13,4,5)
(443):(11,0,8)
(444):(0,5,11)
(445):(4,6,11)
(446):(3,9,0)
(447):(9,11,12)
(448):(5,7,12)
(449):(14,0,4)
(450):(4,8,3)
(451):(9,0,10)
(452):(12,9,11)
(453):(4,6,0)
(454):(0,12,13)
(455):(3,1,5)
(456):(5,11,7)
(457):(3,4,1)
(458):(5,8,10)
(459):(4,10,0)
(460):(9,14,3)
(461):(0,2,3)
(462):(0,4,5)
(463):(5,0,3)
(464):(9,11,5)
(465):(11,13,3)
(466):(11,8,12)
(467):(0,1,2)
(468):(4,8,12)
(469):(11,13,0)
(470):(3,14,0)
(471):(0,7,8)
(472):(3,8,2)
(473):(6,2,9)
(474):(11,14,3)
(475):(3,7,9)
(476):(0,2,6)
(477):(4,9,13)
(478):(2,4,5)
(479):(0,10,13)
(480):(8,14,4)
(481):(5,7,13)
(482):(12,4,6)
(483):(3,13,0)
(484):(6,0,4)
(485):(4,12,0)
(486):(13,3,8)
(487):(12,13,4)
(488):(5,3,13)
(489):(7,11,6)
(490):(8,5,10)
(491):(14,13,1)
(492):(8,0,7)
(493):(0,12,3)
(494):(6,13,7)
(495):(4,1,3)
(496):(7,6,2)
(497):(5,14,9)
(498):(3,9,10)
(499):(6,12,0)
(500):(11,3,8)
(501):(0,3,13)
(502):(12,7,9)
(503):(0,14,2)
(504):(14,11,13)
(505):(12,9,3)
(506):(4,14,5)
(507):(0,5,6)
(508):(7,2,8)
(509):(0,13,3)
(510):(7,11,12)
(511):(11,3,7)
(512):(13,6,1)
(513):(8,9,3)
(514):(14,3,9)
(515):(6,8,3)
(516):(11,12,4)
(517):(3,9,0)
(518):(6,5,11)
(519):(6,12,4)
(520):(9,2,3)
(521):(1,6,12)
(522):(4,8,13)
(523):(6,9,0)
(524):(4,14,0)
(525):(13,0,3)
(526):(0,3,7)
(527):(10,3,4)
(528):(0,9,8)
(529):(8,14,6)
(530):(7,3,4)
(531):(12,6,0)
(532):(4,8,13)
(533):(9,11,3)
(534):(5,9,11)
(535):(3,7,14)
(536):(10,12,4)
(537):(0,11,3)
(538):(3,11,10)
(539):(10,0,9)
(540):(5,6,13)
(541):(6,0,3)
(542):(0,3,5)
(543):(3,0,1)
(544):(4,0,5)
(545):(8,5,10)
(546):(7,0,8)
(547):(12,6,3)
(548):(4,5,6)
(549):(4,10,0)
(550):(5,3,2)
(551):(3,6,8)
(552):(5,12,10)
(553):(4,0,5)
(554):(8,13,0)
(555):(10,12,9)
(556):(5,13,10)
(557):(9,0,6)
(558):(14,5,1)
(559):(8,7,10)
(560):(11,0,6)
(561):(4,11,1)
(562):(6,4,0)
(563):(9,12,14)
(564):(10,0,8)
(565):(10,0,1)
(566):(6,5,9)
(567):(5,3,8)
(568):(13,3,4)
(569):(10,3,14)
(570):(6,9,12)
(571):(10,7,6)
(572):(12,7,0)
(573):(0,3,11)
(574):(3,8,10)
(575):(4,6,7)
(576):(0,14,4)
(577):(7,11,1)
(578):(4,5,11)
(579):(12,14,6)
(580):(7,8,1)
(581):(3,0,2)
(582):(0,6,9)
(583):(14,0,1)
(584):(5,3,4)
(585):(0,4,5)
(586):(2,3,7)
(587):(6,8,13)
(588):(0,6,10)
(589):(4,6,9)
(590):(12,1,7)
(591):(8,14,0)
(592):(11,12,14)
(593):(8,6,14)
(594):(5,4,10)
(595):(0,1,4)
(596):(10,4,7)
(597):(6,12,11)
(598):(7,4,10)
(599):(6,7,5)
(600):(11,2,5)
(601):(0,3,5)
(602):(6,13,3)
(603):(12,0,3)
(604):(6,9,0)
(605):(6,0,10)
(606):(14,3,13)
(607):(14,11,12)
(608):(12,3,7)
(609):(13,12,5)
(610):(8,4,7)
(611):(8,9,0)
(612):(2,0,13)
(613):(5,14,6)
(614):(4,3,6)
(615):(0,10,12)
(616):(10,0,5)
(617):(3,8,5)
(618):(7,13,4)
(619):(7,1,2)
(620):(7,6,9)
(621):(9,3,5)
(622):(10,12,14)
(623):(7,8,11)
(624):(4,6,12)
(625):(4,13,3)
(626):(6,14,8)
(627):(5,8,11)
(628):(11,13,4)
(629):(0,6,11)
(630):(10,14,3)
(631):(0,14,3)
(632):(1,5,7)
(633):(4,0,7)
(634):(2,6,1)
(635):(3,12,0)
(636):(14,0,1)
(637):(7,8,12)
(638):(4,3,6)
(639):(12,8,14)
(640):(13,11,12)
(641):(0,5,7)
(642):(5,9,10)
(643):(13,5,10)
(644):(8,12,2)
(645):(14,9,0)
(646):(8,12,3)
(647):(14,0,7)
(648):(0,3,14)
(649):(4,5,12)
(650):(6,4,10)
(651):(6,5,2)
(652):(14,3,6)
(653):(3,9,0)
(654):(5,6,10)
(655):(8,6,11)
(656):(12,6,5)
(657):(3,13,4)
(658):(0,3,6)
(659):(7,4,5)
(660):(9,3,10)
(661):(10,7,12)
(662):(13,5,6)
(663):(5,10,13)
(664):(12,7,0)
(665):(12,1,5)
(666):(5,9,11)
(667):(0,5,7)
(668):(4,0,6)
(669):(9,13,3)
(670):(4,13,14)
(671):(8,3,4)
(672):(0,13,7)
(673):(8,0,2)
(674):(3,7,8)
(675):(4,3,7)
(676):(0,7,13)
(677):(0,5,11)
(678):(11,8,5)
(679):(12,14,8)
(680):(0,13,5)
(681):(1,0,2)
(682):(5,9,3)
(683):(0,7,8)
(684):(0,4,7)
(685):(11,6,2)
(686):(8,6,10)
(687):(4,8,9)
(688):(13,3,4)
(689):(9,10,11)
(690):(6,2,3)
(691):(2,4,3)
(692):(0,1,2)
(693):(10,9,0)
(694):(3,5,11)
(695):(7,6,8)
(696):(12,4,7)
(697):(3,8,9)
(698):(8,10,6)
(699):(3,11,14)
(700):(2,3,5)
(701):(14,3,0)
(702):(3,8,9)
(703):(3,0,12)
(704):(14,13,0)
(705):(12,1,4)
(706):(5,6,12)
(707):(12,10,0)
(708):(6,11,8)
(709):(4,3,7)
(710):(0,1,4)
(711):(0,6,9)
(712):(3,4,8)
(713):(11,5,0)
(714):(4,0,7)
(715):(12,5,6)
(716):(0,9,5)
(717):(1,5,6)
(718):(4,8,9)
(719):(14,12,13)
(720):(7,9,14)
(721):(13,4,7)
(722):(10,14,6)
(723):(12,5,7)
(724):(7,8,9)
(725):(0,8,12)
(726):(14,4,7)
(727):(13,2,6)
(728):(6,8,11)
(729):(5,0,1)
(730):(0,5,12)
(731):(7,10,13)
(732):(12,11,7)
(733):(14,0,10)
(734):(1,0,7)
(735):(12,0,11)
(736):(9,3,6)
(737):(13,7,1)
(738):(1,3,6)
(739):(4,11,5)
(740):(5,11,1)
(741):(0,10,3)
(742):(8,3,0)
(743):(5,9,0)
(744):(0,2,11)
(745):(11,1,5)
(746):(5,13,2)
(747):(1,3,10)
(748):(7,1,4)
(749):(4,1,12)
(750):(0,5,11)
(751):(6,11,3)
(752):(1,10,3)
(753):(12,1,0)
(754):(4,8,0)
(755):(14,0,4)
(756):(2,4,0)
(757):(10,2,1)
(758):(0,2,5)
(759):(8,5,6)
(760):(0,10,4)
(761):(9,11,0)
(762):(2,0,1)
(763):(1,2,0)
(764):(13,3,5)
(765):(10,0,4)
(766):(14,1,2)
(767):(1,3,5)
(768):(1,2,7)
(769):(3,0,1)
(770):(2,4,6)
(771):(0,3,4)
(772):(0,6,1)
(773):(3,13,2)
(774):(1,2,4)
(775):(9,0,3)
(776):(4,5,7)
(777):(10,0,3)
(778):(4,7,2)
(779):(1,2,5)
(780):(12,7,9)
(781):(4,11)
(782):(0,1,8)
(783):(10,11,13)
(784):(0,1,5)
(785):(1,2,6)
(786):(1,0,10)
(787):(4,0,1)
(788):(0,3,8)
(789):(1,4,5)
(790):(0,1,8)
(791):(2,10,11)
(792):(3,5,8)
(793):(5,0,12)
(794):(7,2,6)
(795):(1,2,3)
(796):(5,1,6)
(797):(4,0,1)
(798):(1,2,6)
(799):(11,9,10)
(800):(14,0,4)
(801):(8,3,12)
(802):(14,0,9)
(803):(4,5,1)
(804):(2,4,6)
(805):(11,0,1)
(806):(2,14)
(807):(2,4,6)
(808):(1,2,3)
(809):(2,1,7)
(810):(8,4,1)
(811):(1,3,4)
(812):(10,13,2)
(813):(14,1,4)
(814):(10,1,2)
(815):(1,7,8)
(816):(2,7,12)
(817):(7,8)
(818):(2,3,8)
(819):(7,5,12)
(820):(13,7,9)
(821):(1,2,3)
(822):(1,2,8)
(823):(0,3,9)
(824):(13,0,9)
(825):(11,0,1)
(826):(3,9,14)
(827):(0,7,12)
(828):(2,1,4)
(829):(3,4,9)
(830):(2,3,4)
(831):(2,1,8)
(832):(0,1,6)
(833):(4,5,8)
(834):(7,2,6)
(835):(3,4,11)
(836):(4,13,14)
(837):(1,10,14)
(838):(1,2,3)
(839):(2,0,3)
(840):(8,1,13)
(841):(2,3,4)
(842):(2,7,12)
(843):(0,2)
(844):(6,14)
(845):(1)
(846):(0,2,8)
(847):(9)
(848):(11,3,4)
(849):(1,7)
(850):(8)
(851):(4,2,7)
(852):(1,2,3)
(853):(1,4,6)
(854):(9,13,1)
(855):(8)
(856):(2,1,5)
(857):(2,6,7)
(859):(8,1,4)
(860):(2,1,6)
(861):(1,2,6)
(862):(1,8)
(863):(4)
(864):(2,5,11)
(865):(1)
(866):(5,12)
(867):(13)
(868):(1,8)
(869):(0)
(870):(1,2)
(871):(1)
(872):(1,2,9)
(874):(2,6,10)
(875):(1,2)
(876):(0,2,7)
(877):(8,11,12)
(878):(1)
(879):(1)
(880):(1,2)
(881):(1,2)
(882):(3,4,5)
(883):(1)
(884):(1,2,3)
(885):(1,2,14)
(886):(2,0,1)
(888):(2)
(889):(0,1,2)
(890):(2,10)
(891):(1,2)
(892):(2,1)
(893):(2)
(894):(2,6)
(895):(10)
(896):(1,3,4)
(897):(1)
(898):(1,10,14)
(900):(14)
(901):(1,2)
(902):(2)
(903):(0)
(904):(2)
(905):(2)
(906):(1)
(907):(2,4)
(908):(1,2)
(909):(1)
(910):(1)
(912):(2)
(914):(1)
(915):(2)
(916):(1,2,3)
(917):(2,3,13)
(919):(2)
(920):(2)
(921):(1,2,14)
(922):(2,9)
(923):(1,3)
(924):(2,1)
(925):(2)
(927):(1,2)
(928):(1)
(930):(1)
(931):(1,2)
(932):(2)
(933):(2)
(934):(2)
(935):(1)
(937):(2)
(938):(2)
(939):(1)
(941):(1)
(942):(2)
(943):(1)
(945):(2)
(946):(1)
(947):(2)
(948):(1,2)
(950):(2)
(952):(1)
(953):(2,7)
(954):(1,2)
(957):(2)
(959):(2)
(961):(1,2)
(962):(2,14)
(963):(2)
(964):(1,2)
(965):(1,2)
(966):(2)
(968):(1)
(969):(1)
(970):(1)
(971):(2)
(972):(2)
(973):(1,2)
(975):(1,2)
(977):(1)
(978):(1,2)
(980):(1,2)
(981):(2)
(983):(1)
(984):(2)
(985):(1)
(986):(1)
(987):(1,2)
(988):(1)
(990):(2)
(991):(2)
(992):(1,2)
(993):(1,2)
(994):(2)
(995):(1,2)
(996):(2)
(998):(1)
(999):(1,2)
(1000):(2)
(1001):(1,2)
(1002):(1,2)
(1003):(2)
(1004):(2,1)
(1006):(1)
(1007):(1)
(1008):(2)
(1009):(2)
(1010):(1)
(1011):(1,2)
(1012):(2,1)
(1014):(1,2)
(1015):(1,2)
(1016):(2)
(1017):(1)
(1019):(1,2)
(1021):(1)
(1022):(2)
(1023):(1,2)
(1025):(1,2)
(1026):(1,2)
(1028):(2)
(1029):(2)
(1030):(2)
(1031):(2)
(1032):(1)
(1033):(1)
(1034):(1,2)
(1036):(1)
(1037):(1,2)
(1040):(1)
(1041):(1)
(1043):(2)
(1044):(1,2)
(1046):(1)
(1047):(1)
(1048):(1,2)
(1049):(1)
(1050):(2)
(1051):(1,2)
(1058):(1,2)
(1059):(2)
(1060):(1,2)
(1062):(1)
(1064):(1)
(1065):(2)
(1066):(2,1)
(1067):(1,2)
(1068):(2)
(1069):(1)
(1072):(2)
(1073):(1,2)
(1074):(1)
(1075):(1)
(1076):(1)
(1077):(1)
(1079):(1,2)
(1080):(2)
(1081):(2,1)
(1082):(2)
(1085):(2)
(1086):(2)
(1087):(1)
(1088):(1)
(1089):(1)
(1090):(1,2)
(1091):(2)
(1092):(1)
(1093):(1)
(1095):(1,2)
(1096):(2)
(1097):(2)
(1098):(2,1)
(1099):(1)
(1100):(1)
(1101):(2)
(1102):(2)
(1103):(2,1)
(1104):(1,2)
(1105):(1,2)
(1106):(1)
(1107):(2,1)
(1108):(2)
(1109):(2)
(1110):(1)
(1111):(1)
(1112):(2)
(1113):(1,2)
(1114):(2)
(1115):(1,2)
(1117):(1)
(1120):(1)
(1121):(2,1)
(1122):(1)
(1123):(1,2)
(1124):(2)
(1125):(2)
(1126):(1)
(1127):(1,2)
(1128):(1)
(1129):(1,2)
(1130):(2)
(1132):(2)
(1133):(1)
(1134):(2)
(1135):(2)
(1136):(2)
(1137):(1)
(1138):(1)
(1140):(2)
(1142):(1,2)
(1143):(1)
(1144):(2,1)
(1145):(2)
(1146):(2)
(1147):(1,2)
(1148):(2)
(1149):(1,2)
(1150):(2,1)
(1153):(2)
(1154):(1)
(1156):(1,2)
(1157):(2,1)
(1158):(2)
(1159):(1,2)
(1160):(1,2)
(1161):(1,2)
(1162):(2)
(1163):(2)
(1165):(2,1)
(1166):(1,2)
(1167):(2)
(1168):(1,2)
(1172):(2)
(1173):(2)
(1174):(1)
(1175):(1)
(1176):(2)
(1177):(2)
(1178):(1)
(1179):(2)
(1180):(1)
(1182):(1)
(1183):(2)
(1184):(2)
(1185):(2)
(1187):(1)
(1188):(1,2)
(1189):(1)
(1190):(1,2)
(1191):(1)
(1192):(2)
(1193):(2)
(1194):(1)
(1195):(2,1)
(1198):(1)
(1199):(2)
(1200):(1)
(1201):(1)
(1202):(2)
(1204):(1)
(1205):(2)
(1206):(2)
(1208):(2)
(1209):(2)
(1212):(2)
(1213):(1)
(1215):(1)
(1216):(1)
(1217):(1,2)
(1218):(2)
(1219):(1,2)
(1220):(1)
(1221):(2)
(1222):(1)
(1224):(2)
(1226):(2)
(1227):(2)
(1228):(1)
(1229):(1)
(1230):(2)
(1231):(1)
(1233):(2,1)
(1236):(1,2)
(1237):(2,1)
(1238):(1,2)
(1239):(1,2)
(1240):(1,2)
(1242):(1)
(1243):(2,1)
(1244):(1)
(1245):(2)
(1246):(2)
(1248):(1)
(1249):(2)
(1250):(1)
(1251):(1)
(1252):(2)
(1254):(1)
(1255):(2)
(1256):(2)
(1258):(2)
(1260):(1)
(1261):(1)
(1262):(1)
(1263):(2,1)
(1265):(1,2)
(1266):(1)
(1267):(2)
(1268):(2,1)
(1270):(2)
(1271):(1)
(1272):(1,2)
(1274):(2)
(1275):(1)
(1276):(2,1)
(1277):(1)
(1278):(1)
(1279):(1,2)
(1280):(2)
(1281):(2,1)
(1282):(1,2)
(1283):(1,2)
(1284):(1,2)
(1285):(2)
(1287):(1,2)
(1289):(1)
(1290):(2)
(1291):(1,2)
(1292):(2)
(1294):(1,2)
(1295):(2)
(1297):(1,2)
(1298):(1)
(1299):(1,2)
(1300):(2)
(1301):(2)
(1302):(1)
(1304):(1)
(1307):(1,2)
(1308):(1,2)
(1310):(2,1)
(1311):(1)
(1312):(2)
(1313):(1,2)
(1314):(2)
(1315):(1,2)
(1316):(1,2)
(1317):(1)
(1319):(1)
(1320):(1)
(1321):(2)
(1322):(2)
(1323):(1)
(1324):(2)
(1325):(1)
(1328):(2,1)
(1330):(2)
(1331):(2)
(1332):(1,2)
(1333):(2)
(1334):(2)
(1335):(1,2)
(1336):(1,2)
(1337):(1,2)
(1338):(2)
(1340):(2)
(1341):(2)
(1342):(1)
(1344):(1,2)
(1347):(2)
(1348):(2)
(1349):(2)
(1351):(1,2)
(1352):(1)
(1353):(1)
(1354):(2)
(1355):(2)
(1357):(1,2)
(1358):(1,2)
(1359):(2,1)
(1360):(2)
(1361):(1)
(1362):(1,2)
(1363):(1,2)
(1364):(1)
(1365):(2)
(1366):(1,2)
(1367):(2)
(1368):(2)
(1369):(1,2)
(1370):(1,2)
(1371):(1,2)
(1374):(1)
(1375):(2,1)
(1376):(1)
(1377):(1)
(1378):(1)
(1379):(1,2)
(1380):(1,2)
(1381):(2)
(1382):(2)
(1383):(2)
(1385):(2)
(1386):(2)
(1390):(2)
(1391):(2)
(1392):(1)
(1393):(2)
(1394):(2)
(1396):(2)
(1397):(1,2)
(1398):(2)
(1399):(2)
(1400):(2)
(1401):(2,1)
(1402):(2,1)
(1403):(1)
(1404):(1)
(1405):(2)
(1406):(1,2)
(1407):(1)
(1408):(1,2)
(1409):(2)
(1410):(1,2)
(1411):(1)
(1412):(2)
(1413):(1,2)
(1414):(2)
(1415):(1,2)
(1417):(1)
(1418):(2,1)
(1419):(2)
(1421):(2)
(1422):(1,2)
(1423):(2,1)
(1425):(2)
(1426):(1)
(1427):(2)
(1428):(1,2)
(1429):(1,2)
(1432):(1)
(1433):(2)
(1434):(1)
(1435):(2)
(1436):(1)
(1437):(1,2)
(1438):(2)
(1440):(1,2)
(1441):(1)
(1442):(1)
(1443):(2)
(1444):(2)
(1446):(1)
(1449):(2)
(1450):(1)
(1451):(1,2)
(1456):(2)
(1457):(1,2)
(1458):(1,2)
(1459):(2)
(1461):(1)
(1465):(1,2)
(1468):(2)
(1469):(1)
(1470):(2)
(1471):(1)
(1472):(1,2)
(1473):(1)
(1474):(1)
(1475):(1)
(1476):(2)
(1477):(1)
(1478):(1,2)
(1482):(1)
(1483):(2)
(1484):(2)
(1486):(1)
(1487):(2)
(1488):(2,1)
(1489):(1)
(1490):(1)
(1491):(1)
(1492):(2)
(1494):(1,2)
(1495):(1)
(1496):(2)
(1498):(1)
(1499):(1)
(1500):(2)
(1501):(1)
(1502):(2)
(1503):(1,2)
(1505):(1)
(1507):(1)
(1509):(1)
(1510):(1,2)
(1511):(2)
(1514):(1)
(1516):(1,2)
(1517):(1)
(1518):(2,1)
(1519):(2,1)
(1520):(2,1)
(1521):(1)
(1522):(2)
(1524):(2)
(1527):(1)
(1528):(1)
(1529):(1)
(1530):(1)
(1531):(2)
(1532):(2,1)
(1533):(2)
(1535):(1,2)
(1537):(1)
(1538):(1)
(1541):(1)
(1542):(1,2)
(1543):(1,2)
(1547):(2)
(1550):(2,1)
(1552):(1)
(1553):(1)
(1554):(2)
(1555):(2)
(1556):(1)
(1558):(1)
(1559):(2)
(1560):(2)
(1562):(2,1)
(1563):(2)
(1564):(1)
(1565):(1)
(1566):(2,1)
(1567):(2)
(1568):(2)
(1569):(2)
(1570):(2)
(1574):(1)
(1575):(1,2)
(1576):(1)
(1577):(1,2)
(1578):(1,2)
(1579):(2)
(1580):(1)
(1581):(2)
(1582):(1,2)
(1583):(1)
(1584):(2)
(1586):(1)
(1587):(2)
(1588):(1,2)
(1590):(2)
(1591):(1)
(1592):(1,2)
(1593):(1)
(1594):(1)
(1595):(1,2)
(1597):(2)
(1598):(1)
(1599):(2)
(1600):(1)
(1601):(1)
(1602):(2)
(1604):(1)
(1605):(1,2)
(1606):(1)
(1607):(1,2)
(1608):(2)
(1609):(2)
(1610):(1)
(1615):(1)
(1619):(2,1)
(1620):(1,2)
(1622):(2,1)
(1623):(1)
(1624):(1)
(1625):(1)
(1626):(1)
(1627):(1,2)
(1630):(1,2)
(1631):(2)
(1634):(1)
(1636):(1)
(1637):(1)
(1638):(1,2)
(1641):(2)
(1642):(1)
(1643):(2)
(1644):(2)
(1645):(2)
(1647):(2)
(1648):(1)
(1649):(1,2)
(1651):(2)
(1653):(2)
(1654):(2)
(1655):(1)
(1656):(2)
(1657):(2)
(1658):(1)
(1660):(2)
(1661):(1)
(1662):(2,1)
(1663):(2)
(1664):(1)
(1665):(2)
(1666):(1)
(1667):(2)
(1668):(1,2)
(1669):(1,2)
(1671):(1,2)
(1672):(2)
(1673):(2)
(1674):(1)
(1676):(1)
(1678):(2)
(1679):(1)
(1680):(2)
(1681):(1)
(1682):(2)
(1684):(2)
(1685):(1)
(1686):(1)
(1687):(2)
(1691):(2,1)
(1692):(1,2)
(1694):(2)
(1695):(1,2)
(1697):(1,2)
(1698):(1,2)
(1702):(1)
(1703):(1,2)
(1705):(2)
(1706):(2)
(1709):(2)
(1710):(2)
(1711):(1,2)
(1713):(2)
(1714):(1)
(1715):(2)
(1716):(1)
(1717):(1,2)
(1719):(1)
(1720):(2)
(1721):(1)
(1722):(2)
(1723):(2)
(1724):(2)
(1726):(2)
(1727):(1)
(1729):(1,2)
(1732):(1)
(1733):(2)
(1734):(2,1)
(1738):(2)
(1739):(1,2)
(1740):(1,2)
(1741):(1)
(1742):(1)
(1743):(1)
(1745):(1,2)
(1746):(1)
(1747):(2)
(1748):(1,2)
(1749):(1)
(1751):(1)
(1752):(1)
(1753):(1)
(1754):(1,2)
(1755):(1)
(1756):(2)
(1757):(2)
(1758):(1,2)
(1759):(1,2)
(1760):(1,2)
(1761):(2,1)
(1762):(1,2)
(1763):(1)
(1764):(2)
(1765):(1)
(1767):(1,2)
(1769):(1,2)
(1770):(2)
(1771):(2)
(1772):(1,2)
(1773):(1,2)
(1775):(2)
(1776):(2)
(1777):(1)
(1780):(1)
(1781):(1,2)
(1782):(1)
(1784):(2)
(1785):(1,2)
(1786):(1,2)
(1787):(1,2)
(1788):(2)
(1789):(2)
(1790):(1)
(1791):(1)
(1792):(2)
(1793):(2)
(1795):(1)
(1796):(2)
(1797):(2)
(1798):(2)
(1800):(1)
(1801):(2,1)
(1802):(1)
(1803):(1)
(1804):(2)
(1805):(1)
(1806):(2,1)
(1807):(2)
(1808):(2)
(1809):(1)
(1811):(2,1)
(1812):(2)
(1813):(2)
(1814):(2,1)
(1815):(2)
(1816):(2,1)
(1817):(2)
(1819):(1,2)
(1820):(2)
(1821):(1)
(1822):(1)
(1823):(1)
(1824):(1)
(1825):(2)
(1826):(2)
(1827):(2)
(1828):(2)
(1829):(1,2)
(1830):(1)
(1833):(2)
(1834):(2)
(1835):(1,2)
(1836):(2)
(1837):(1,2)
(1838):(1)
(1839):(1)
(1840):(2,1)
(1842):(2)
(1843):(2)
(1846):(2)
(1847):(1)
(1848):(1)
(1849):(2)
(1850):(2)
(1851):(2)
(1852):(2)
(1854):(2)
(1855):(1)
(1856):(1,2)
(1857):(2)
(1859):(1,2)
(1862):(2)
(1863):(1)
(1866):(1)
(1867):(1)
(1868):(1,2)
(1869):(2)
(1870):(1)
(1871):(2)
(1872):(1)
(1873):(2,1)
(1875):(1)
(1876):(2)
(1878):(2)
(1879):(1,2)
(1881):(2)
(1882):(2)
(1884):(1)
(1885):(1,2)
(1886):(1,2)
(1888):(2)
(1889):(1,2)
(1890):(2)
(1892):(1)
(1894):(1)
(1897):(1,2)
(1898):(2)
(1900):(2)
(1901):(1)
(1902):(1)
(1903):(2)
(1904):(1)
(1905):(1,2)
(1906):(2)
(1908):(1,2)
(1909):(1,2)
(1910):(2)
(1912):(2)
(1913):(1)
(1914):(2)
(1915):(1,2)
(1916):(1)
(1917):(2,1)
(1919):(2)
(1924):(1,2)
(1925):(1)
(1926):(1)
(1927):(1,2)
(1928):(1,2)
(1929):(2)
(1930):(1)
(1931):(2)
(1932):(2)
(1934):(1,2)
(1935):(1,2)
(1936):(2)
(1937):(2)
(1938):(1)
(1940):(1,2)
(1941):(2)
(1942):(2)
(1943):(2,1)
(1945):(2)
(1946):(1)
(1947):(1)
(1948):(2)
(1949):(1)
(1950):(1)
(1951):(2)
(1952):(2)
(1953):(2)
(1954):(2)
(1955):(2,1)
(1956):(1)
(1957):(1,2)
(1958):(1)
(1960):(1,2)
(1961):(1)
(1962):(2)
(1964):(1)
(1965):(1)
(1966):(1,2)
(1968):(2)
(1969):(1,2)
(1970):(2)
(1971):(2)
(1972):(2)
(1973):(1,2)
(1974):(1,2)
(1975):(1)
(1976):(1,2)
(1979):(1,2)
(1980):(1)
(1981):(1,2)
(1982):(1)
(1983):(1)
(1984):(1)
(1985):(1)
(1987):(2)
(1989):(1)
(1991):(2,1)
(1992):(1,2)
(1993):(2)
(1995):(2)
(1997):(2)
(1998):(1)
(1999):(1)
(2000):(1,2)
(2002):(1)
(2003):(1)
(2004):(2)
(2005):(2,1)
(2006):(2)
(2007):(1,2)
(2008):(1,2)
(2009):(2)
(2010):(2,1)
(2013):(2)
(2015):(1)
(2018):(2)
(2019):(1)
(2020):(2,1)
(2023):(1,2)
(2024):(1,2)
(2025):(2)
(2026):(1)
(2027):(1,2)
(2028):(1)
(2029):(1)
(2031):(1,2)
(2032):(2)
(2033):(1)
(2035):(2)
(2036):(1)
(2038):(2)
(2041):(1)
(2042):(2)
(2043):(2)
(2044):(1,2)
(2046):(1)
(2050):(1,2)
(2051):(2)
(2052):(1,2)
(2053):(1,2)
(2054):(2)
(2055):(1,2)
(2056):(1)
(2058):(1,2)
(2059):(1,2)
(2060):(1,2)
(2061):(1)
(2062):(2)
(2063):(1,2)
(2064):(2,1)
(2065):(1)
(2066):(2)
(2068):(2)
(2069):(1,2)
(2071):(2)
(2072):(2)
(2073):(2)
(2074):(1,2)
(2076):(1,2)
(2078):(2)
(2081):(2)
(2084):(1,2)
(2087):(1)
(2088):(1,2)
(2089):(1)
(2090):(1)
(2093):(1)
(2094):(1)
(2095):(2)
(2098):(1)
(2099):(2)
(2102):(1)
(2103):(2,1)
(2105):(1,2)
(2106):(1,2)
(2107):(1)
(2112):(2)
(2113):(2)
(2114):(2)
(2115):(2)
(2116):(1)
(2117):(2)
(2118):(2)
(2119):(2,1)
(2121):(2)
(2122):(1)
(2124):(2)
(2126):(2)
(2129):(2)
(2130):(2)
(2131):(2,1)
(2132):(2)
(2133):(2)
(2137):(2)
(2140):(2)
(2142):(2)
(2143):(1)
(2144):(2)
(2146):(2)
(2147):(2)
(2149):(2)
(2151):(1)
(2153):(2,1)
(2154):(2)
(2157):(1)
(2159):(2,1)
(2161):(1,2)
(2164):(1,2)
(2165):(2)
(2166):(1)
(2168):(2,1)
(2169):(2)
(2170):(1,2)
(2172):(1,2)
(2173):(2)
(2175):(2,1)
(2176):(1,2)
(2177):(1,2)
(2180):(1)
(2181):(1,2)
(2183):(1,2)
(2184):(2)
(2185):(2)
(2186):(2)
(2187):(1)
(2188):(2)
(2190):(1)
(2191):(1)
(2193):(2)
(2194):(2)
(2195):(1,2)
(2196):(1)
(2197):(2)
(2199):(1)
(2200):(2)
(2201):(1,2)
(2202):(1)
(2203):(1)
(2204):(2)
(2206):(1)
(2208):(2)
(2209):(1)
(2213):(1,2)
(2215):(1,2)
(2216):(2)
(2218):(1)
(2219):(1)
(2221):(2)
(2222):(1)
(2223):(2)
(2226):(1)
(2229):(2)
(2230):(2)
(2231):(1,2)
(2233):(2)
(2234):(2)
(2236):(2)
(2239):(2)
(2241):(1)
(2242):(2)
(2243):(1)
(2244):(1)
(2245):(1)
(2248):(1,2)
(2249):(1)
(2251):(1)
(2252):(1)
(2255):(1)
(2256):(1,2)
(2257):(1)
(2258):(1,2)
(2259):(2)
(2260):(2)
(2261):(1)
(2262):(1)
(2263):(1,2)
(2266):(1,2)
(2269):(2)
(2270):(1)
(2272):(1,2)
(2273):(1)
(2277):(1,2)
(2278):(2)
(2279):(1)
(2280):(1)
(2283):(2)
(2285):(1,2)
(2287):(1)
(2289):(1)
(2290):(2,1)
(2291):(2)
(2295):(2)
(2296):(2)
(2297):(2)
(2298):(2)
(2302):(1,2)
(2303):(2)
(2304):(1,2)
(2306):(1,2)
(2307):(2)
(2308):(2)
(2309):(1)
(2310):(2)
(2311):(2,1)
(2312):(1)
(2314):(2)
(2315):(2)
(2317):(1)
(2318):(1,2)
(2319):(1)
(2320):(2)
(2321):(2)
(2324):(1,2)
(2325):(1)
(2326):(1,2)
(2327):(1)
(2328):(2,1)
(2330):(2)
(2331):(2)
(2332):(1,2)
(2333):(2,1)
(2334):(2)
(2336):(1)
(2337):(2)
(2340):(1,2)
(2342):(1)
(2345):(2)
(2346):(1)
(2347):(1)
(2348):(2)
(2349):(1)
(2350):(1)
(2351):(1)
(2352):(1,2)
(2353):(2)
(2355):(1,2)
(2356):(2)
(2358):(1)
(2359):(1,2)
(2361):(1)
(2362):(1,2)
(2363):(2)
(2368):(2)
(2369):(2)
(2372):(2)
(2373):(2)
(2374):(2)
(2377):(1)
(2378):(1)
(2380):(1,2)
(2381):(1)
(2383):(1)
(2387):(1)
(2388):(2)
(2389):(2)
(2390):(1)
(2391):(2)
(2393):(1,2)
(2394):(2,1)
(2398):(2,1)
(2399):(1)
(2400):(1)
(2401):(2,1)
(2402):(1)
(2403):(1)
(2404):(1)
(2405):(1)
(2407):(1)
(2408):(1)
(2410):(2)
(2412):(2,1)
(2413):(1,2)
(2416):(1,2)
(2417):(1,2)
(2418):(2,1)
(2419):(2)
(2420):(1,2)
(2421):(2)
(2423):(1)
(2424):(1)
(2428):(2,1)
(2430):(1)
(2431):(1)
(2432):(1,2)
(2433):(2)
(2435):(1,2)
(2439):(1)
(2441):(1,2)
(2442):(1,2)
(2443):(1)
(2444):(2)
(2446):(2)
(2448):(2)
(2449):(1)
(2450):(1)
(2456):(1)
(2458):(1,2)
(2459):(1)
(2464):(2)
(2465):(1,2)
(2466):(1)
(2467):(2)
(2468):(1)
(2469):(2)
(2470):(2)
(2471):(2)
(2472):(2)
(2473):(1,2)
(2474):(2)
(2475):(1,2)
(2476):(1,2)
(2478):(1)
(2480):(2)
(2483):(1)
(2484):(2,1)
(2485):(2,1)
(2486):(2)
(2487):(2)
(2488):(1,2)
(2489):(1)
(2490):(1)
(2491):(2)
(2492):(1)
(2495):(1,2)
(2497):(1)
(2499):(1,2)
(2500):(2)
(2501):(2)
(2502):(1,2)
(2505):(2)
(2506):(2,1)
(2507):(1)
(2508):(1)
(2509):(1)
(2510):(1)
(2511):(1)
(2512):(1)
(2514):(1,2)
(2516):(2)
(2518):(2)
(2521):(1)
(2524):(1)
(2525):(2)
(2526):(1)
(2527):(2,1)
(2528):(1)
(2529):(1)
(2530):(2)
(2531):(1,2)
(2532):(2,1)
(2534):(2)
(2535):(1)
(2536):(2)
(2537):(1)
(2538):(1)
(2539):(1,2)
(2540):(1,2)
(2541):(1)
(2542):(1)
(2543):(2)
(2546):(2)
(2547):(1)
(2548):(1)
(2550):(2)
(2551):(1)
(2552):(2)
(2553):(1,2)
(2555):(1,2)
(2556):(1,2)
(2557):(1)
(2559):(1,2)
(2560):(2)
(2562):(1,2)
(2564):(1,2)
(2566):(1)
(2567):(1,2)
(2568):(1,2)
(2569):(1,2)
(2572):(2)
(2573):(1,2)
(2574):(1)
(2576):(1)
(2578):(2)
(2579):(1,2)
(2580):(2)
(2581):(2)
(2582):(2)
(2583):(2)
(2584):(1,2)
(2585):(2)
(2586):(2)
(2587):(1,2)
(2590):(1)
(2591):(2)
(2592):(1)
(2594):(1)
(2596):(2)
(2597):(1,2)
(2598):(2)
(2601):(1)
(2604):(2)
(2605):(2)
(2609):(2)
(2612):(2,1)
(2613):(2)
(2615):(1)
(2617):(2)
(2620):(1,2)
(2622):(1)
(2623):(2,1)
(2625):(1)
(2627):(2)
(2629):(1)
(2630):(1,2)
(2632):(2)
(2633):(2)
(2635):(2)
(2639):(2)
(2640):(1,2)
(2641):(1)
(2644):(1,2)
(2645):(1,2)
(2648):(2,1)
(2649):(2,1)
(2650):(1)
(2651):(2)
(2653):(1)
(2654):(1)
(2656):(2)
(2657):(2)
(2658):(1,2)
(2660):(1)
(2661):(1)
(2663):(2)
(2664):(2)
(2665):(1,2)
(2667):(1)
(2668):(2)
(2671):(2)
(2672):(1)
(2673):(2)
(2674):(1,2)
(2675):(1)
(2676):(1)
(2677):(1)
(2678):(2)
(2679):(1)
(2680):(2)
(2683):(2)
(2684):(2)
(2685):(1,2)
(2687):(2)
(2688):(1,2)
(2689):(1,2)
(2690):(1,2)
(2691):(2)
(2692):(2)
(2693):(2)
(2694):(1,2)
(2696):(1)
(2697):(2)
(2698):(1)
(2699):(2)
(2701):(1,2)
(2702):(1)
(2703):(2)
(2704):(1)
(2705):(1)
(2706):(2)
(2708):(1,2)
(2710):(1)
(2713):(1,2)
(2717):(1)
(2718):(1,2)
(2720):(1)
(2721):(1)
(2722):(1)
(2723):(2)
(2724):(2)
(2725):(1)
(2727):(1)
(2728):(1,2)
(2730):(1)
(2733):(2)
(2734):(1)
(2737):(2)
(2739):(2)
(2740):(1,2)
(2741):(2)
(2743):(1,2)
(2744):(1)
(2752):(2)
(2753):(2)
(2756):(1,2)
(2758):(1)
(2759):(1,2)
(2760):(2)
(2761):(1)
(2763):(1,2)
(2766):(2)
(2767):(2)
(2768):(1,2)
(2769):(2)
(2771):(1)
(2772):(1,2)
(2774):(2)
(2775):(1)
(2776):(2)
(2777):(1)
(2778):(1)
(2779):(1)
(2780):(2)
(2781):(2)
(2782):(1,2)
(2784):(1)
(2785):(2)
(2787):(1)
(2788):(2)
(2790):(1)
(2791):(1)
(2793):(1,2)
(2794):(2)
(2795):(2)
(2799):(2)
(2800):(1)
(2802):(2,1)
(2803):(2)
(2804):(1)
(2805):(1)
(2806):(2)
(2808):(1)
(2809):(1)
(2810):(2)
(2811):(1)
(2813):(2)
(2817):(1)
(2818):(1)
(2819):(1)
(2820):(2)
(2822):(2)
(2824):(2,1)
(2825):(1,2)
(2826):(1)
(2827):(1)
(2830):(1)
(2831):(2)
(2832):(2)
(2833):(1)
(2834):(1,2)
(2837):(1)
(2838):(1,2)
(2841):(2)
(2842):(2)
(2843):(2)
(2844):(2)
(2845):(1)
(2847):(2,1)
(2848):(2)
(2849):(1)
(2850):(1)
(2851):(2)
(2852):(2)
(2853):(2)
(2855):(2)
(2857):(1)
(2859):(2)
(2860):(2)
(2862):(1)
(2866):(1,2)
(2867):(2)
(2868):(2)
(2869):(1)
(2870):(2)
(2871):(2,1)
(2872):(1)
(2873):(1,2)
(2874):(1,2)
(2875):(2)
(2878):(1)
(2880):(1)
(2882):(1)
(2883):(1)
(2884):(1)
(2885):(2,1)
(2887):(1,2)
(2888):(1,2)
(2890):(1)
(2891):(1,2)
(2892):(1,2)
(2893):(2)
(2894):(1)
(2895):(2)
(2896):(1)
(2900):(1)
(2902):(2,1)
(2904):(1,2)
(2905):(2)
(2906):(2)
(2908):(1)
(2909):(2)
(2910):(1,2)
(2911):(1)
(2912):(2)
(2914):(2)
(2916):(1)
(2917):(2)
(2919):(1)
(2920):(1,2)
(2921):(1,2)
(2922):(1,2)
(2923):(2)
(2925):(1)
(2926):(1)
(2927):(1)
(2928):(2)
(2930):(1)
(2931):(2)
(2932):(1)
(2933):(1)
(2936):(2)
(2938):(1,2)
(2939):(2)
(2940):(2)
(2942):(2)
(2945):(2)
(2947):(2)
(2949):(1)
(2950):(2)
(2952):(1)
(2957):(2)
(2958):(2)
(2961):(1)
(2964):(1)
(2966):(1)
(2970):(1,2)
(2973):(2)
(2974):(1,2)
(2979):(1)
(2980):(1,2)
(2981):(2)
(2982):(2)
(2983):(1)
(2984):(1,2)
(2986):(1)
(2988):(2)
(2990):(1,2)
(2991):(1,2)
(2995):(1,2)
(2996):(1)
(2997):(1)
(3003):(1,2)
(3008):(1)
(3009):(1,2)
(3010):(1)
(3011):(1)
(3013):(1)
(3014):(1,2)
(3016):(1)
(3018):(2)
(3019):(2)
(3020):(2)
(3021):(2)
(3022):(1)
(3023):(2)
(3024):(2)
(3025):(1)
(3027):(1)
(3028):(2)
(3029):(1,2)
(3030):(1)
(3032):(2)
(3034):(2)
(3035):(1)
(3036):(2)
(3037):(2)
(3039):(1)
(3040):(1,2)
(3041):(2)
(3043):(1)
(3046):(1)
(3047):(1)
(3049):(2)
(3053):(1,2)
(3054):(1,2)
(3055):(2)
(3057):(2)
(3058):(2)
(3060):(2)
(3061):(2)
(3062):(1)
(3063):(1)
(3064):(2)
(3067):(2)
(3069):(2)
(3071):(2)
(3072):(2)
(3075):(2)
(3077):(1)
(3078):(1)
(3079):(1,2)
(3080):(1)
(3081):(1)
(3082):(1)
(3083):(1)
(3085):(1,2)
(3086):(1)
(3087):(2)
(3088):(1)
(3089):(2)
(3091):(2)
(3092):(2)
(3093):(1,2)
(3094):(1)
(3096):(2)
(3097):(2)
(3099):(1,2)
(3100):(1)
(3101):(2)
(3104):(2)
(3105):(2)
(3106):(1,2)
(3107):(1,2)
(3109):(2)
(3113):(2)
(3117):(2)
(3121):(1)
(3122):(1)
(3123):(2)
(3124):(1)
(3125):(1)
(3127):(1)
(3134):(2)
(3135):(2)
(3136):(1)
(3139):(2)
(3142):(2)
(3144):(1)
(3146):(1)
(3148):(1)
(3151):(1,2)
(3152):(2)
(3157):(1)
(3158):(2)
(3165):(1)
(3167):(1)
(3168):(1,2)
(3173):(1)
(3175):(1)
(3180):(2)
(3182):(2)
(3184):(2)
(3186):(1)
(3187):(2)
(3189):(1)
(3190):(2)
(3192):(1)
(3199):(1)
(3200):(1)
(3202):(1)
(3204):(1)
(3207):(1)
(3208):(1)
(3209):(2)
(3210):(1)
(3211):(1)
(3213):(2)
(3214):(1)
(3215):(1)
(3218):(2)
(3224):(2)
(3225):(2)
(3226):(1)
(3227):(1,2)
(3232):(2)
(3233):(1)
(3234):(2)
(3236):(2)
(3237):(2)
(3238):(2)
(3240):(1)
(3242):(1)
(3243):(2)
(3250):(2)
(3251):(1,2)
(3252):(1,2)
(3254):(1)
(3255):(2)
(3257):(2)
(3260):(2)
(3263):(2)
(3264):(1,2)
(3266):(1,2)
(3267):(2)
(3268):(2)
(3269):(1)
(3274):(2)
(3276):(2)
(3278):(2)
(3280):(2)
(3282):(1)
(3283):(1)
(3285):(1)
(3287):(1,2)
(3294):(1)
(3298):(1)
(3302):(1)
(3304):(2)
(3305):(2)
(3306):(2)
(3307):(1)
(3308):(2)
(3311):(1)
(3316):(1)
(3318):(1,2)
(3320):(2)
(3325):(2)
(3326):(2)
(3327):(2)
(3329):(1,2)
(3330):(1)
(3331):(2)
(3334):(2)
(3335):(1)
(3337):(2)
(3338):(2)
(3339):(1)
(3340):(1)
(3343):(1)
(3345):(1)
(3346):(1,2)
(3348):(1)
(3351):(1)
(3352):(2)
(3356):(2)
(3363):(1)
(3364):(2)
(3366):(1)
(3370):(2)
(3374):(2)
(3376):(2)
(3381):(2)
(3385):(2)
(3390):(2)
(3391):(2)
(3393):(2)
(3395):(1,2)
(3399):(1,2)
(3402):(1)
(3409):(1)
(3411):(1)
(3415):(2)
(3420):(1)
(3421):(1)
(3424):(1)
(3429):(1)
(3430):(2)
(3431):(1)
(3436):(2)
(3439):(2)
(3440):(2)
(3442):(1)
(3444):(2)
(3446):(1)
(3447):(2)
(3449):(2)
(3454):(2,1)
(3455):(1)
(3459):(1)
(3464):(1)
(3470):(2)
(3471):(1)
(3483):(2)
(3484):(2)
(3485):(2)
(3486):(1)
(3489):(1)
(3490):(2)
(3492):(2)
(3500):(1)
(3501):(2)
(3502):(1)
(3505):(2)
(3510):(2)
(3511):(1)
(3513):(1)
(3514):(1)
(3519):(1,2)
(3525):(2)
(3526):(1)
(3527):(1)
(3528):(1)
(3530):(2)
(3531):(1)
(3537):(2)
(3538):(1)
(3539):(2)
(3542):(1)
(3543):(1)
(3544):(1)
(3547):(1)
(3550):(2)
(3552):(1)
(3557):(2)
(3561):(1)
(3562):(1)
(3565):(2)
(3566):(1)
(3571):(2)
(3572):(1)
(3576):(2)
(3577):(2)
(3580):(2)
(3583):(2)
(3590):(2)
(3591):(1)
(3594):(2)
(3600):(1)
(3603):(2)
(3604):(1)
(3611):(1)
(3612):(1)
(3613):(1,2)
(3620):(1)
(3623):(1)
(3626):(2)
(3629):(1)
(3630):(1)
(3631):(1)
(3634):(1)
(3635):(1,2)
(3639):(1)
(3640):(1)
(3643):(2)
(3649):(2)
(3662):(1,2)
(3665):(1)
(3667):(1)
(3668):(2)
(3670):(1)
(3671):(1)
(3672):(2)
(3674):(2)
(3677):(2)
(3678):(2)
(3679):(1)
(3680):(1)
(3681):(2,1)
(3682):(1)
(3683):(1)
(3684):(1)
(3689):(1)
(3696):(2)
(3697):(2)
(3698):(2)
(3699):(1,2)
(3706):(2)
(3708):(2)
(3716):(2)
(3717):(2)
(3722):(1)
(3724):(1)
(3726):(2)
(3732):(1)
(3737):(1)
(3739):(1,2)
(3743):(1)
(3745):(2)
(3746):(1)
(3747):(1)
(3749):(1)
(3757):(1,2)
(3763):(1)
(3765):(2)
(3769):(2)
(3770):(1)
(3779):(1)
(3781):(1)
(3783):(2)
(3788):(1)
(3790):(1)
(3791):(2)
(3794):(1)
(3795):(2)
(3797):(2)
(3801):(2)
(3802):(1)
(3805):(1,2)
(3807):(1)
(3808):(1)
(3815):(1)
(3816):(1,2)
(3818):(2)
(3821):(1)
(3825):(2)
(3828):(2)
(3829):(2)
(3832):(1)
(3833):(1)
(3835):(1)
(3844):(1)
(3856):(1)
(3857):(2)
(3861):(1)
(3862):(2)
(3864):(1,2)
(3865):(2)
(3868):(1)
(3869):(1,2)
(3870):(2)
(3872):(2)
(3878):(1)
(3879):(1)
(3886):(2)
(3887):(1)
(3888):(1)
(3892):(1)
(3904):(1)
(3905):(2)
(3915):(1,2)
(3916):(1)
(3917):(2)
(3920):(1)
(3924):(2)
(3925):(1)
(3926):(1)
(3929):(1)
(3930):(2)
(3936):(1)
(3946):(1)
(3948):(1)
(3952):(1)
(3959):(1)
(3961):(1)
(3963):(2)
(3966):(1)
(3969):(1)
(3976):(1)
(3979):(2)
(3986):(2)
(3993):(2)
(3994):(2)
(4002):(1,2)
(4003):(1)
(4008):(2)
(4009):(1)
(4014):(2)
(4015):(1)
(4016):(1)
(4023):(2)
(4026):(2)
(4027):(2)
(4037):(1)
(4038):(1)
(4042):(1)
(4043):(2)
(4052):(2)
(4053):(2)
(4056):(1)
(4057):(1)
(4060):(1)
(4067):(1)
(4069):(2)
(4071):(2)
(4072):(1)
(4079):(2)
(4081):(2)
(4082):(1,2)
(4083):(1)
(4091):(1)
(4092):(1)
(4093):(2)
(4098):(2)
(4106):(2)
(4110):(1)
(4111):(2)
(4112):(1)
(4118):(2)
(4119):(1)
(4120):(1)
(4123):(1)
(4127):(2)
(4128):(1)
(4130):(1,2)
(4132):(2)
(4134):(1)
(4137):(1,2)
(4138):(1)
(4139):(1)
(4147):(2)
(4148):(2)
(4149):(1)
(4152):(2)
(4153):(1)
(4155):(1)
(4156):(2)
(4163):(1)
(4170):(2)
(4171):(2)
(4172):(1,2)
(4175):(1)
(4176):(2)
(4178):(2)
(4187):(1)
(4189):(1)
(4192):(1)
(4198):(2)
(4207):(2)
(4209):(2)
(4214):(1)
(4217):(2)
(4218):(2)
(4219):(2)
(4220):(1)
(4225):(1)
(4229):(1)
(4230):(1)
(4234):(1)
(4236):(2)
(4238):(1)
(4245):(1)
(4247):(1)
(4248):(1)
(4252):(2)
(4255):(2)
(4256):(1)
(4261):(2)
(4263):(2)
(4264):(1)
(4270):(2)
(4273):(1)
(4275):(2)
(4280):(1)
(4281):(1)
(4283):(2)
(4285):(2)
(4287):(2)
(4288):(1)
(4289):(1)
(4293):(2)
(4294):(2)
(4295):(1)
(4296):(1)
(4299):(1)
(4301):(1)
(4303):(2)
(4307):(2)
(4311):(2)
(4317):(1)
(4318):(2)
(4319):(1)
(4323):(2)
(4325):(1)
(4328):(2)
(4329):(1)
(4331):(2,1)
(4340):(1)
(4341):(1,2)
(4345):(2)
(4348):(1)
(4350):(1)
(4354):(1)
(4357):(2)
(4358):(2)
(4359):(1)
(4361):(1,2)
(4363):(1)
(4364):(2)
(4365):(2)
(4366):(1,2)
(4367):(2)
(4377):(1)
(4378):(1)
(4379):(2)
(4386):(1)
(4388):(1)
(4389):(1)
(4390):(1)
(4397):(1)
(4398):(2)
(4406):(1)
(4409):(2)
(4417):(2)
(4420):(2)
(4424):(2)
(4427):(1)
(4428):(1)
(4431):(1)
(4433):(1)
(4434):(1)
(4435):(2)
(4436):(2)
(4438):(1)
(4446):(1)
(4447):(2)
(4449):(1)
(4451):(2)
(4454):(1)
(4456):(2)
(4461):(2)
(4462):(1)
(4467):(2)
(4468):(2)
(4469):(1)
(4476):(2)
(4477):(2)
(4485):(2)
(4489):(2)
(4496):(2)
(4497):(2)
(4503):(1)
(4505):(2)
(4507):(1)
(4512):(1)
(4513):(2)
(4527):(2)
(4529):(1)
(4535):(2)
(4540):(1)
(4542):(2)
(4546):(1)
(4548):(1)
(4549):(2)
(4552):(1)
(4554):(2)
(4560):(2)
(4561):(2)
(4563):(2)
(4565):(1)
(4572):(2)
(4573):(1)
(4574):(2)
(4575):(1)
(4576):(1)
(4578):(1)
(4581):(1)
(4584):(2)
(4586):(2)
(4587):(1)
(4589):(2)
(4591):(1)
(4593):(2)
(4594):(1)
(4602):(1)
(4607):(1)
(4609):(2)
(4613):(2)
(4622):(2)
(4629):(2)
(4632):(1)
(4634):(2)
(4639):(2)
(4643):(1)
(4645):(2)
(4648):(1)
(4658):(2)
(4660):(2)
(4668):(2)
(4671):(2)
(4673):(2)
(4677):(1)
(4680):(1,2)
(4681):(1)
(4690):(1)
(4692):(1)
(4694):(1)
(4696):(2)
(4698):(1)
(4702):(1)
(4706):(2)
(4707):(1)
(4709):(2)
(4710):(1)
(4711):(2)
(4713):(1)
(4717):(1)
(4721):(2)
(4724):(2)
(4725):(1)
(4728):(2)
(4729):(2)
(4730):(1)
(4732):(1,2)
(4737):(1)
(4738):(2)
(4741):(2)
(4742):(2)
(4743):(1)
(4747):(2)
(4748):(2)
(4750):(1)
(4751):(1)
(4755):(1,2)
(4760):(1,2)
(4764):(1)
(4766):(1)
(4772):(1)
(4774):(1)
(4776):(1)
(4778):(2)
(4779):(1)
(4781):(1)
(4782):(2)
(4783):(1)
(4795):(2)
(4796):(2)
(4798):(1,2)
(4800):(1)
(4803):(1)
(4809):(1,2)
(4811):(2)
(4813):(2)
(4817):(2)
(4818):(1)
(4819):(1)
(4823):(1)
(4824):(1)
(4831):(2)
(4836):(1)
(4848):(1)
(4850):(1)
(4851):(2)
(4853):(2)
(4854):(2)
(4856):(1)
(4863):(1)
(4870):(1)
(4872):(1)
(4874):(2)
(4881):(1)
(4883):(2)
(4890):(2)
(4895):(1,2)
(4897):(2)
(4900):(2)
(4906):(2)
(4909):(2)
(4912):(2)
(4916):(2)
(4921):(1)
(4935):(2)
(4937):(2)
(4941):(1)
(4944):(1,2)
(4945):(2)
(4947):(1)
(4949):(2)
(4951):(1)
(4954):(1,2)
(4956):(2)
(4961):(2)
(4963):(1)
(4966):(1)
(4979):(1)
(4982):(1)
(4984):(2)
(4987):(1)
(4992):(1,2)
(4996):(2)
(4998):(1)
(4999):(1)
(5000):(2)
(5004):(1,2)
(5005):(2)
(5008):(2)
(5009):(1)
(5010):(2)
(5015):(1)
(5016):(1)
(5017):(1,2)
(5020):(1)
(5022):(2)
(5023):(2)
(5024):(1)
(5025):(2)
(5031):(1)
(5032):(2)
(5035):(1)
(5036):(2)
(5037):(2)
(5045):(1)
(5049):(1)
(5060):(2)
(5068):(2)
(5074):(2)
(5075):(2)
(5077):(2)
(5087):(2)
(5088):(2)
(5089):(1,2)
(5091):(2)
(5092):(2)
(5093):(2)
(5098):(1)
(5105):(1)
(5110):(1)
(5112):(2)
(5120):(1)
(5127):(2)
(5128):(1)
(5129):(1,2)
(5132):(2)
(5133):(2)
(5134):(1)
(5136):(1)
(5139):(2)
(5140):(2)
(5146):(1)
(5150):(2)
(5152):(2)
(5155):(1)
(5159):(1)
(5171):(1)
(5174):(1)
(5179):(2)
(5180):(1)
(5184):(2)
(5191):(2)
(5192):(1)
(5193):(1)
(5194):(1)
(5196):(2)
(5203):(2)
(5210):(2)
(5215):(1)
(5220):(1)
(5221):(1)
(5222):(2)
(5224):(2)
(5229):(1)
(5236):(1,2)
(5242):(2)
(5244):(2)
(5250):(1)
(5253):(1)
(5255):(2)
(5258):(1)
(5259):(1)
(5260):(1)
(5261):(1)
(5274):(2)
(5277):(1,2)
(5283):(1)
(5287):(1)
(5289):(2)
(5301):(2)
(5306):(1)
(5316):(1)
(5319):(2)
(5323):(1,2)
(5324):(2)
(5328):(2)
(5335):(2)
(5336):(1)
(5340):(2)
(5344):(2)
(5345):(2)
(5348):(1)
(5359):(2)
(5361):(1)
(5368):(1)
(5369):(1)
(5370):(1)
(5374):(1)
(5378):(1)
(5380):(1)
(5381):(1)
(5384):(1)
(5394):(1)
(5405):(2)
(5409):(1)
(5410):(2)
(5414):(2)
(5419):(2)
(5420):(1)
(5429):(1)
(5433):(2,1)
(5435):(2)
(5441):(1)
(5443):(1)
(5444):(1)
(5447):(1)
(5450):(2)
(5453):(1,2)
(5455):(2)
(5456):(1)
(5457):(2)
(5459):(2)
(5461):(2)
(5466):(1)
(5468):(2)
(5474):(1)
(5476):(1)
(5480):(1)
(5486):(2)
(5493):(1)
(5497):(1)
(5498):(1)
(5504):(2)
(5505):(1)
(5507):(2)
(5518):(2)
(5524):(1)
(5527):(1)
(5528):(1)
(5532):(1)
(5534):(1)
(5536):(2)
(5538):(1)
(5555):(2)
(5558):(1)
(5559):(2)
(5560):(2)
(5563):(1)
(5567):(2)
(5568):(2)
(5569):(1)
(5574):(1)
(5576):(1)
(5578):(1)
(5581):(2)
(5582):(1)
(5588):(2)
(5590):(1)
(5591):(2)
(5592):(1)
(5594):(2)
(5595):(1)
(5597):(1)
(5602):(2)
(5607):(2)
(5609):(2)
(5615):(1)
(5617):(1)
(5620):(2)
(5621):(2)
(5632):(2)
(5634):(1)
(5636):(2)
(5637):(1)
(5639):(2)
(5642):(1)
(5644):(1)
(5649):(2)
(5651):(2)
(5658):(2)
(5660):(1)
(5662):(2)
(5670):(1)
(5686):(1)
(5690):(1)
(5691):(1)
(5699):(2)
(5701):(1)
(5702):(1)
(5703):(1)
(5706):(1)
(5707):(1)
(5711):(1)
(5712):(2)
(5716):(2)
(5723):(1)
(5726):(1)
(5727):(1)
(5731):(2)
(5732):(1,2)
(5733):(1)
(5735):(2)
(5741):(2)
(5743):(2)
(5744):(2)
(5746):(2)
(5747):(2)
(5752):(1)
(5754):(2)
(5755):(2)
(5756):(1)
(5760):(1)
(5764):(2)
(5765):(2)
(5770):(1)
(5776):(1)
(5779):(1)
(5786):(1,2)
(5789):(2)
(5792):(1)
(5795):(2)
(5798):(1)
(5802):(2)
(5803):(2)
(5808):(1)
(5811):(2)
(5815):(1)
(5823):(1)
(5824):(1)
(5827):(2)
(5828):(2)
(5830):(1,2)
(5843):(2)
(5849):(2)
(5852):(2)
(5856):(1)
(5857):(1)
(5873):(2)
(5874):(2)
(5878):(1)
(5881):(1)
(5882):(2)
(5884):(2)
(5886):(2)
(5887):(1)
(5889):(2)
(5902):(2)
(5911):(2)
(5912):(1)
(5914):(2)
(5920):(1)
(5928):(2)
(5931):(2)
(5934):(2)
(5937):(2)
(5956):(2)
(5957):(2)
(5959):(1)
(5962):(2)
(5966):(2)
(5968):(1)
(5977):(1)
(5982):(1,2)
(5986):(1)
(5989):(2)
(5993):(2)
(5997):(1)
(6002):(1)
(6004):(2)
(6024):(2)
(6028):(1,2)
(6031):(2)
(6034):(1,2)
(6036):(1)
(6038):(1)
(6054):(2)
(6068):(2)
(6071):(2)
(6092):(2)
(6096):(2)
(6099):(1)
(6100):(2)
(6107):(2)
(6120):(2)
(6122):(1)
(6129):(1)
(6131):(1)
(6139):(1)
(6143):(2)
(6151):(1)
(6152):(1)
(6155):(1)
(6161):(2)
(6163):(2)
(6164):(1)
(6168):(1)
(6172):(2)
(6173):(1)
(6176):(2)
(6180):(1)
(6183):(1)
(6186):(1)
(6205):(1)
(6222):(1)
(6227):(2)
(6237):(1)
(6241):(1)
(6244):(1)
(6245):(1)
(6259):(2)
(6269):(1)
(6271):(1)
(6274):(2)
(6287):(2)
(6288):(2)
(6309):(2)
(6318):(1)
(6324):(1)
(6326):(1)
(6334):(1)
(6342):(1)
(6350):(2)
(6369):(2)
(6381):(2)
(6382):(1)
(6390):(1)
(6400):(1)
(6401):(2)
(6435):(2)
(6439):(2)
(6450):(1)
(6453):(1)
(6455):(1)
(6458):(1)
(6468):(1)
(6473):(1)
(6488):(1)
(6507):(2)
(6514):(2)
(6523):(1)
(6526):(1)
(6561):(1)
(6575):(1)
(6579):(1)
(6591):(1)
(6617):(1)
(6645):(1)
(6646):(2)
(6657):(1)
(6673):(2)
(6686):(1)
(6692):(2)
(6693):(1)
(6697):(1,2)
(6704):(2)
(6712):(2)
(6717):(2)
(6746):(1)
(6758):(1)
(6782):(1)
(6788):(2)
(6828):(1)
(6833):(1)
(6915):(1)
(6920):(1)
(6968):(1)
(7000):(2)
(7107):(1)
(7115):(2)
(7176):(1)
---------------------------------------------
