 block         Numeric_Adjustment         Noise_Perturbation    Structural_Modification                Local_Reuse            Chunk_Overwrite  Structural_Resegmentation    chosen
------------------------------------------------------------------------------------------------------------------------------------------------------------------------------------
     1                     0.0000                     0.0000                     0.0000                     2.0000                     0.0000                     0.0000    Local_Reuse
     2                     2.0000                     2.0000                     2.0000                     2.0000                     2.0000                     0.0000    Numeric_Adjustment
     3                     2.0000                     2.0000                     2.0000                     2.0000                     2.0000                     0.0000    Numeric_Adjustment
     4                     2.0000                     2.0000                     2.0000                     2.0000                     2.0000                     0.0000    Numeric_Adjustment
     5                     4.0000                     4.0000                     4.0000                     3.6000                     4.0000                     0.0000    Numeric_Adjustment
     6                     5.2000                     4.0000                     4.0000                     4.6667                     4.0000                     0.0000    Numeric_Adjustment
     7                    12.0000                    12.4000                    12.4000                    10.5714                    12.4000                     0.0000    Noise_Perturbation
     8                    11.7143                    12.0000                    12.0000                    10.5000                    12.0000                     0.0000    Noise_Perturbation
     9                    11.5000                    11.7143                    11.7143                    10.4444                    12.0000                     0.0000    Chunk_Overwrite
    10                    10.4444                    10.5000                    10.5000                    10.4444                    12.0000                     0.0000    Chunk_Overwrite
    11                     9.6000                     9.5556                     9.5556                     9.6000                    12.0000                     0.0000    Chunk_Overwrite
    12                     9.6364                     9.6000                     9.6000                     9.6364                    11.7143                     0.0000    Chunk_Overwrite
    13                     9.0000                     8.9091                     8.9091                     9.0000                    10.5000                     0.0000    Chunk_Overwrite
    14                     8.4615                     8.3333                     8.3333                     8.4615                     9.5556                     0.0000    Chunk_Overwrite
    15                     8.4615                     8.4615                     8.3333                     8.5714                     9.5556                     0.0000    Chunk_Overwrite
    16                     8.5714                     8.4615                     8.3333                     8.5714                     9.6000                     0.0000    Chunk_Overwrite
    17                     8.6667                     8.5714                     8.4615                     8.5714                     9.6364                     0.0000    Chunk_Overwrite
    18                     8.2500                     8.1333                     8.0000                     8.1333                     9.0000                     0.0000    Chunk_Overwrite
    19                     8.3529                     8.2500                     8.1333                     8.2500                     9.0000                     0.0000    Chunk_Overwrite
    20                     8.0000                     7.8824                     7.7500                     7.8824                     8.4615                     0.0000    Chunk_Overwrite
    21                    10.6842                    10.7222                     7.7500                     7.8824                    12.0714                     0.0000    Chunk_Overwrite
    22                    10.2500                    10.7222                     7.4118                     7.5556                    12.0714                     0.0000    Chunk_Overwrite
    23                     9.8571                    10.2632                     7.1111                     7.2632                    11.4000                     0.0000    Chunk_Overwrite
    24                     9.5000                     9.8500                     6.8421                     7.0000                    10.8125                     0.0000    Chunk_Overwrite
    25                     9.5217                     9.8571                     7.0000                     7.1429                    10.7647                     0.0000    Chunk_Overwrite
    26                     9.2083                     9.5000                     6.7619                     6.9091                    10.2778                     0.0000    Chunk_Overwrite
    27                    10.5600                     9.5000                     8.4091                     6.9091                    10.2778                     0.0000    Numeric_Adjustment
    28                    11.3077                    10.3913                     9.3478                     7.9130                    11.3158                     0.0000    Chunk_Overwrite
    29                    12.0000                    11.2083                    10.2083                     8.8333                    12.2500                     0.0000    Chunk_Overwrite
    30                    11.7143                    11.2083                     9.9600                     8.8333                    12.2500                     0.0000    Chunk_Overwrite
    31                    11.4483                    11.2083                     9.7308                     8.8333                    12.2500                     0.0000    Chunk_Overwrite
    32                    11.2000                    10.9200                     9.7308                     8.8333                    12.2500                     0.0000    Chunk_Overwrite
    33                    10.9032                    10.5769                     9.7308                     8.8333                    12.2500                     0.0000    Chunk_Overwrite
    34                    10.8750                    10.5556                     9.7407                     8.8800                    12.1429                     0.0000    Chunk_Overwrite
    35                    10.6061                    10.2500                     9.4643                     8.8800                    11.6818                     0.0000    Chunk_Overwrite
    36                    10.3529                     9.9655                     9.2069                     8.6154                    11.2609                     0.0000    Chunk_Overwrite
    37                    10.3429                     9.9667                     9.2333                     8.6667                    11.2083                     0.0000    Chunk_Overwrite
    38                    10.3333                     9.9677                     9.2581                     8.7143                    11.1600                     0.0000    Chunk_Overwrite
    39                    10.1081                     9.7188                     9.0312                     8.4828                    10.8077                     0.0000    Chunk_Overwrite
    40                    10.1053                     9.7273                     9.0312                     8.5333                    10.7778                     0.0000    Chunk_Overwrite
    41                    10.8718                    10.6176                     9.9697                     9.5484                    11.8214                     0.0000    Chunk_Overwrite
    42                    10.8500                    10.6000                     9.9706                     9.5625                    11.7586                     0.0000    Chunk_Overwrite
    43                    10.6341                    10.3611                     9.9706                     9.5625                    11.4333                     0.0000    Chunk_Overwrite
    44                    10.4286                    10.1351                     9.7429                     9.3333                    11.1290                     0.0000    Chunk_Overwrite
    45                    10.4186                    10.1316                     9.7500                     9.3333                    11.0938                     0.0000    Chunk_Overwrite
    46                    10.2273                     9.9231                     9.5405                     9.3333                    10.8182                     0.0000    Chunk_Overwrite
    47                    10.1778                     9.8750                     9.5000                     9.2941                    10.7353                     0.0000    Chunk_Overwrite
    48                    10.0000                     9.6829                     9.3077                     9.0857                    10.4857                     0.0000    Chunk_Overwrite
    49                     9.8298                     9.5000                     9.1250                     8.8889                    10.2500                     0.0000    Chunk_Overwrite
    50                     9.6667                     9.5000                     9.1250                     8.7027                    10.0270                     0.0000    Chunk_Overwrite
    51                     9.5102                     9.3256                     8.9512                     8.5263                     9.8158                     0.0000    Chunk_Overwrite
    52                     9.5000                     9.3182                     8.9524                     8.5385                     9.7949                     0.0000    Chunk_Overwrite
    53                     9.5098                     9.3333                     8.9767                     8.5750                     9.7949                     0.0000    Chunk_Overwrite
    54                     9.5192                     9.3478                     9.0000                     8.6098                     9.8000                     0.0000    Chunk_Overwrite
    55                     9.3774                     9.1915                     8.8444                     8.6098                     9.6098                     0.0000    Chunk_Overwrite
    56                     9.2407                     9.0417                     8.6957                     8.6098                     9.6098                     0.0000    Chunk_Overwrite
    57                     9.1091                     8.8980                     8.5532                     8.6098                     9.6098                     0.0000    Chunk_Overwrite
    58                     9.1250                     8.9200                     8.5833                     8.6429                     9.6098                     0.0000    Chunk_Overwrite
    59                     9.0000                     8.7843                     8.4490                     8.4884                     9.4286                     0.0000    Chunk_Overwrite
    60                     9.0172                     8.8077                     8.4800                     8.5227                     9.4419                     0.0000    Chunk_Overwrite
    61                     8.8983                     8.8077                     8.4800                     8.5227                     9.4419                     0.0000    Chunk_Overwrite
    62                     8.7833                     8.6792                     8.4800                     8.5227                     9.2727                     0.0000    Chunk_Overwrite
    63                     8.6721                     8.5556                     8.4800                     8.5227                     9.1111                     0.0000    Chunk_Overwrite
    64                     8.5645                     8.4364                     8.3529                     8.5227                     8.9565                     0.0000    Chunk_Overwrite
    65                     8.4603                     8.4364                     8.3529                     8.5227                     8.8085                     0.0000    Chunk_Overwrite
    66                     8.4688                     8.4464                     8.3654                     8.5333                     8.8125                     0.0000    Chunk_Overwrite
    67                     8.3692                     8.4464                     8.3654                     8.3913                     8.8125                     0.0000    Chunk_Overwrite
    68                     8.2727                     8.3333                     8.2453                     8.2553                     8.8125                     0.0000    Chunk_Overwrite
    69                     8.2727                     8.3333                     8.1296                     8.2553                     8.8125                     0.0000    Chunk_Overwrite
    70                     8.1791                     8.3333                     8.0182                     8.1250                     8.6735                     0.0000    Chunk_Overwrite
    71                     8.0882                     8.2241                     7.9107                     8.0000                     8.6735                     0.0000    Chunk_Overwrite
    72                     8.1159                     8.2542                     7.9474                     8.0400                     8.7000                     0.0000    Chunk_Overwrite
    73                     8.0286                     8.2542                     7.9474                     8.0400                     8.5686                     0.0000    Chunk_Overwrite
    74                     7.9437                     8.2542                     7.8448                     7.9216                     8.5686                     0.0000    Chunk_Overwrite
    75                     7.8611                     8.2542                     7.7458                     7.9216                     8.4423                     0.0000    Chunk_Overwrite
    76                     7.7808                     8.1500                     7.6500                     7.9216                     8.3208                     0.0000    Chunk_Overwrite
    77                     7.7027                     8.1500                     7.6500                     7.9216                     8.2037                     0.0000    Chunk_Overwrite
    78                     7.6267                     8.0492                     7.6500                     7.9216                     8.0909                     0.0000    Chunk_Overwrite
    79                     8.0921                     8.6129                     7.6500                     7.9216                     8.0909                     0.0000    Noise_Perturbation
    80                     8.0130                     8.5079                     7.5574                     7.8077                     7.9821                     0.0000    Noise_Perturbation
    81                     8.0385                     8.5312                     7.5574                     7.8491                     8.0175                     0.0000    Noise_Perturbation
    82                     7.9620                     8.4308                     7.5574                     7.8491                     7.9138                     0.0000    Noise_Perturbation
    83                     7.9750                     8.4394                     7.5806                     7.8704                     7.9322                     0.0000    Noise_Perturbation
    84                     7.9506                     8.4030                     7.5556                     7.8364                     7.9000                     0.0000    Noise_Perturbation
    85                     7.8780                     8.3088                     7.4688                     7.7321                     7.8033                     0.0000    Noise_Perturbation
    86                     7.8072                     8.2174                     7.3846                     7.7321                     7.7097                     0.0000    Noise_Perturbation
    87                     7.8333                     8.2429                     7.4242                     7.7719                     7.7460                     0.0000    Noise_Perturbation
    88                     7.7647                     8.1549                     7.3433                     7.6724                     7.6562                     0.0000    Noise_Perturbation
    89                     7.6977                     8.1549                     7.3433                     7.6724                     7.5692                     0.0000    Noise_Perturbation
    90                     7.6322                     8.0694                     7.3433                     7.6724                     7.4848                     0.0000    Noise_Perturbation
    91                     7.6591                     8.0959                     7.3824                     7.7119                     7.5224                     0.0000    Noise_Perturbation
    92                     7.5955                     8.0959                     7.3043                     7.7119                     7.5224                     0.0000    Noise_Perturbation
    93                     7.5333                     8.0959                     7.3043                     7.6167                     7.5224                     0.0000    Noise_Perturbation
    94                     7.4725                     8.0135                     7.2286                     7.6167                     7.4412                     0.0000    Noise_Perturbation
    95                     7.4783                     8.0135                     7.2394                     7.6230                     7.4493                     0.0000    Noise_Perturbation
    96                     7.4194                     8.0135                     7.2394                     7.6230                     7.3714                     0.0000    Noise_Perturbation
    97                     7.3617                     8.0135                     7.2394                     7.5323                     7.2958                     0.0000    Noise_Perturbation
    98                     7.3053                     7.9333                     7.1667                     7.4444                     7.2958                     0.0000    Noise_Perturbation
    99                     7.2500                     7.9333                     7.1667                     7.4444                     7.2958                     0.0000    Noise_Perturbation
   100                     7.2500                     7.9333                     7.1667                     7.4444                     7.2222                     0.0000    Noise_Perturbation
   101                     7.1959                     7.9333                     7.0959                     7.4444                     7.2222                     0.0000    Noise_Perturbation
   102                     7.1429                     7.9333                     7.0270                     7.4444                     7.1507                     0.0000    Noise_Perturbation
   103                     7.0909                     7.9333                     6.9600                     7.4444                     7.1507                     0.0000    Noise_Perturbation
   104                     7.0400                     7.8553                     6.8947                     7.4444                     7.0811                     0.0000    Noise_Perturbation
   105                     6.9901                     7.8553                     6.8947                     7.3594                     7.0811                     0.0000    Noise_Perturbation
   106                     6.9412                     7.7792                     6.8947                     7.3594                     7.0133                     0.0000    Noise_Perturbation
   107                     6.8932                     7.7051                     6.8312                     7.2769                     6.9474                     0.0000    Noise_Perturbation
   108                     6.8462                     7.6329                     6.7692                     7.1970                     6.9474                     0.0000    Noise_Perturbation
   109                     6.8000                     7.5625                     6.7089                     7.1970                     6.9474                     0.0000    Noise_Perturbation
   110                     6.8302                     7.5926                     6.7089                     7.1970                     6.9474                     0.0000    Noise_Perturbation
   111                     6.8598                     7.6220                     6.7500                     7.2388                     6.9870                     0.0000    Noise_Perturbation
   112                     6.8889                     7.6506                     6.7901                     7.2794                     7.0256                     0.0000    Noise_Perturbation
   113                     6.9174                     7.6786                     6.8293                     7.3188                     7.0256                     0.0000    Noise_Perturbation
   114                     7.2182                     7.6786                     6.8293                     7.7857                     7.4430                     0.0000    Local_Reuse
   115                     7.2432                     7.7059                     6.8675                     7.8169                     7.4430                     0.0000    Local_Reuse
   116                     7.2679                     7.7059                     6.9048                     7.8169                     7.4750                     0.0000    Local_Reuse
   117                     7.2920                     7.7326                     6.9412                     7.8472                     7.5062                     0.0000    Local_Reuse
   118                     7.5789                     8.1034                     7.3256                     8.2877                     7.9024                     0.0000    Local_Reuse
   119                     7.6000                     8.1034                     7.3256                     8.3108                     7.9024                     0.0000    Local_Reuse
   120                     7.8793                     8.4659                     7.3256                     8.3108                     8.2892                     0.0000    Noise_Perturbation
   121                     8.1538                     8.8202                     7.7011                     8.7333                     8.2892                     0.0000    Noise_Perturbation
   122                     8.1538                     8.8202                     7.7011                     8.7333                     8.2892                     0.0000    Noise_Perturbation
   123                     8.1695                     8.8202                     7.7273                     8.7333                     8.3095                     0.0000    Noise_Perturbation
   124                     8.1849                     8.8333                     7.7528                     8.7500                     8.3294                     0.0000    Noise_Perturbation
   125                     8.2000                     8.8462                     7.7528                     8.7662                     8.3294                     0.0000    Noise_Perturbation
   126                     8.1488                     8.7717                     7.6889                     8.6795                     8.2558                     0.0000    Noise_Perturbation
   127                     8.0984                     8.6989                     7.6264                     8.5949                     8.1839                     0.0000    Noise_Perturbation
   128                     8.1138                     8.7128                     7.6522                     8.5949                     8.2045                     0.0000    Noise_Perturbation
   129                     8.1290                     8.7263                     7.6774                     8.5949                     8.2247                     0.0000    Noise_Perturbation
   130                     8.3840                     8.7263                     7.6774                     8.9875                     8.2247                     0.0000    Local_Reuse
   131                     8.3968                     8.7396                     7.7021                     9.0000                     8.2444                     0.0000    Local_Reuse
   132                     8.3465                     8.6701                     7.6421                     8.9146                     8.1758                     0.0000    Local_Reuse
   133                     8.5938                     8.9898                     7.9792                     8.9146                     8.5217                     0.0000    Noise_Perturbation
   134                     8.5938                     8.9898                     7.9792                     8.9146                     8.4516                     0.0000    Noise_Perturbation
   135                     8.5426                     8.9192                     7.9175                     8.8313                     8.3830                     0.0000    Noise_Perturbation
   136                     8.5538                     8.9300                     7.9175                     8.8452                     8.4000                     0.0000    Noise_Perturbation
   137                     8.7939                     9.2376                     8.2449                     9.2118                     8.7292                     0.0000    Noise_Perturbation
   138                     8.8030                     9.2451                     8.2626                     9.2209                     8.7423                     0.0000    Noise_Perturbation
   139                     9.0376                     9.2451                     8.5800                     9.2209                     9.0612                     0.0000    Noise_Perturbation
   140                     8.9851                     9.1748                     8.5149                     9.1379                     9.0612                     0.0000    Noise_Perturbation
   141                     9.2148                     9.4712                     8.8235                     9.4886                     9.3737                     0.0000    Local_Reuse
   142                     9.1618                     9.4000                     8.7573                     9.4045                     9.3737                     0.0000    Local_Reuse
   143                     9.1606                     9.3962                     8.7596                     9.4000                     9.3700                     0.0000    Local_Reuse
   144                     9.1087                     9.3271                     8.6952                     9.3187                     9.2970                     0.0000    Noise_Perturbation
   145                     9.3309                     9.6111                     8.9906                     9.6522                     9.5980                     0.0000    Local_Reuse
   146                     9.2786                     9.6111                     8.9252                     9.6522                     9.5243                     0.0000    Local_Reuse
   147                     9.2553                     9.5780                     8.8981                     9.6129                     9.4904                     0.0000    Local_Reuse
   148                     9.2606                     9.5818                     8.9083                     9.6170                     9.4904                     0.0000    Local_Reuse
   149                     9.5524                     9.9550                     9.2909                    10.0526                     9.8857                     0.0000    Local_Reuse
   150                     9.7639                    10.2232                     9.5676                    10.0526                    10.1698                     0.0000    Noise_Perturbation
   151                     9.7103                    10.1504                     9.5000                     9.9688                    10.0935                     0.0000    Noise_Perturbation
   152                     9.9178                    10.4123                     9.7699                    10.2784                    10.3704                     0.0000    Noise_Perturbation
   153                     9.9178                    10.4123                    10.0351                    10.5816                    10.3704                     0.0000    Local_Reuse
   154                     9.9184                    10.4087                    10.0348                    10.5758                    10.3670                     0.0000    Local_Reuse
   155                    10.1216                    10.6638                    10.2931                    10.8700                    10.6364                     0.0000    Local_Reuse
   156                    10.3221                    10.9145                    10.5470                    11.1584                    10.9009                     0.0000    Local_Reuse
   157                    10.5200                    11.1610                    10.7966                    11.4412                    10.9009                     0.0000    Local_Reuse
   158                    10.5166                    11.1513                    10.7899                    11.4272                    10.8929                     0.0000    Local_Reuse
   159                    10.7105                    11.1513                    11.0333                    11.7019                    10.8929                     0.0000    Local_Reuse
   160                    10.7059                    11.1417                    11.0248                    11.6857                    10.8850                     0.0000    Local_Reuse
   161                    10.7013                    11.1417                    11.0164                    11.6698                    10.8850                     0.0000    Local_Reuse
   162                    10.6452                    11.0661                    10.9431                    11.5794                    10.8070                     0.0000    Local_Reuse
   163                    10.6410                    11.0574                    10.9355                    11.5648                    10.8000                     0.0000    Local_Reuse
   164                    10.8280                    11.0574                    11.1680                    11.8257                    10.8000                     0.0000    Local_Reuse
   165                    11.0127                    11.2927                    11.1680                    12.0818                    10.8000                     0.0000    Local_Reuse
   166                    11.0063                    11.2927                    11.1680                    12.0631                    10.8000                     0.0000    Local_Reuse
   167                    11.0000                    11.2823                    11.1587                    12.0446                    10.7931                     0.0000    Local_Reuse
   168                    10.9441                    11.2080                    11.0866                    12.0446                    10.7179                     0.0000    Local_Reuse
   169                    10.9321                    11.1905                    11.0703                    12.0177                    10.7034                     0.0000    Local_Reuse
   170                    10.8773                    11.1905                    11.0703                    11.9298                    10.7034                     0.0000    Local_Reuse
   171                    10.8232                    11.1905                    11.0703                    11.8435                    10.7034                     0.0000    Local_Reuse
   172                    10.8182                    11.1811                    11.0620                    11.8276                    10.7034                     0.0000    Local_Reuse
   173                    10.8133                    11.1719                    11.0620                    11.8276                    10.7034                     0.0000    Local_Reuse
   174                    10.7605                    11.1008                    10.9923                    11.8276                    10.6303                     0.0000    Local_Reuse
   175                    10.7560                    11.0923                    10.9847                    11.8276                    10.6250                     0.0000    Local_Reuse
   176                    10.7560                    11.0229                    10.9847                    11.8276                    10.6250                     0.0000    Local_Reuse
   177                    10.7515                    11.0229                    10.9847                    11.8120                    10.6250                     0.0000    Local_Reuse
   178                    10.7471                    11.0152                    10.9773                    11.8120                    10.6198                     0.0000    Local_Reuse
   179                    10.7471                    11.0152                    10.9773                    11.8120                    10.6198                     0.0000    Local_Reuse
   180                    10.7427                    11.0075                    10.9699                    11.8120                    10.6148                     0.0000    Local_Reuse
   181                    10.7384                    11.0000                    10.9699                    11.7966                    10.6148                     0.0000    Local_Reuse
   182                    10.7341                    10.9926                    10.9627                    11.7815                    10.6098                     0.0000    Local_Reuse
   183                    10.6839                    10.9265                    10.8963                    11.7000                    10.5403                     0.0000    Local_Reuse
   184                    10.6343                    10.8613                    10.8309                    11.6198                    10.4720                     0.0000    Local_Reuse
   185                    10.5852                    10.7971                    10.7664                    11.5410                    10.4048                     0.0000    Local_Reuse
   186                    10.5367                    10.7971                    10.7029                    11.5410                    10.3386                     0.0000    Local_Reuse
   187                    10.5000                    10.7482                    10.7029                    11.4797                    10.2891                     0.0000    Local_Reuse
   188                    10.4637                    10.7000                    10.6547                    11.4797                    10.2891                     0.0000    Local_Reuse
   189                    10.5722                    10.7000                    10.7929                    11.6290                    10.4419                     0.0000    Local_Reuse
   190                    10.6796                    10.8369                    10.7929                    11.7760                    10.5923                     0.0000    Local_Reuse
   191                    10.7857                    10.9718                    10.9291                    11.9206                    10.7405                     0.0000    Local_Reuse
   192                    10.8907                    11.1049                    11.0634                    12.0630                    10.8864                     0.0000    Local_Reuse
   193                    10.8907                    11.0556                    11.0634                    12.0630                    10.8864                     0.0000    Local_Reuse
   194                    10.9946                    11.1862                    11.1958                    12.0630                    11.0301                     0.0000    Local_Reuse
   195                    10.9676                    11.1862                    11.1958                    12.0630                    11.0301                     0.0000    Local_Reuse
   196                    10.9516                    11.1644                    11.1736                    12.0312                    11.0301                     0.0000    Local_Reuse
   197                    10.9465                    11.1565                    11.1655                    12.0155                    11.0224                     0.0000    Local_Reuse
   198                    10.9415                    11.1486                    11.1575                    12.0155                    11.0148                     0.0000    Local_Reuse
   199                    10.9365                    11.1486                    11.1497                    12.0155                    11.0074                     0.0000    Local_Reuse
   200                    10.9211                    11.1486                    11.1497                    12.0155                    10.9854                     0.0000    Local_Reuse
   201                    10.9211                    11.1486                    11.1497                    12.0155                    10.9854                     0.0000    Local_Reuse
   202                    10.8953                    11.1486                    11.1149                    12.0155                    10.9854                     0.0000    Local_Reuse
   203                    10.9115                    11.1678                    11.1342                    12.0308                    11.0072                     0.0000    Local_Reuse
   204                    10.9741                    11.2467                    11.2133                    12.1145                    11.0935                     0.0000    Local_Reuse
   205                    10.9691                    11.2384                    11.2133                    12.1145                    11.0935                     0.0000    Local_Reuse
   206                    10.9436                    11.2039                    11.1788                    12.0682                    11.0571                     0.0000    Local_Reuse
   207                    11.0153                    11.2941                    11.2697                    12.1654                    11.1560                     0.0000    Local_Reuse
   208                    10.9898                    11.2941                    11.2353                    12.1654                    11.1560                     0.0000    Local_Reuse
   209                    10.9798                    11.2792                    11.2208                    12.1418                    11.1408                     0.0000    Local_Reuse
   210                    10.9698                    11.2645                    11.2065                    12.1185                    11.1259                     0.0000    Local_Reuse
   211                    10.9600                    11.2500                    11.1923                    12.1185                    11.1111                     0.0000    Local_Reuse
   212                    10.9502                    11.2357                    11.1923                    12.1185                    11.1111                     0.0000    Local_Reuse
   213                    10.9406                    11.2215                    11.1783                    12.0956                    11.0966                     0.0000    Local_Reuse
   214                    10.9310                    11.2075                    11.1646                    12.0730                    11.0822                     0.0000    Local_Reuse
   215                    10.8873                    11.1500                    11.1069                    12.0000                    11.0204                     0.0000    Local_Reuse
   216                    10.8780                    11.1366                    11.0938                    11.9784                    11.0068                     0.0000    Local_Reuse
   217                    10.8780                    11.1366                    11.0938                    11.9571                    11.0068                     0.0000    Local_Reuse
   218                    10.8689                    11.1366                    11.0938                    11.9571                    10.9933                     0.0000    Local_Reuse
   219                    10.8599                    11.1235                    11.0807                    11.9362                    10.9800                     0.0000    Local_Reuse
   220                    10.8558                    11.1166                    11.0741                    11.9225                    10.9735                     0.0000    Local_Reuse
   221                    10.8134                    11.0610                    11.0184                    11.8531                    10.9145                     0.0000    Local_Reuse
   222                    10.7714                    11.0061                    10.9634                    11.7847                    10.8562                     0.0000    Local_Reuse
   223                    10.9100                    11.0061                    10.9634                    11.7847                    11.0455                     0.0000    Local_Reuse
   224                    10.9009                    10.9940                    10.9515                    11.7655                    11.0323                     0.0000    Local_Reuse
   225                    10.8779                    10.9641                    10.9217                    11.7260                    11.0000                     0.0000    Local_Reuse
   226                    10.8364                    10.9107                    10.8683                    11.6599                    10.9427                     0.0000    Local_Reuse
   227                    10.8364                    10.9107                    10.8683                    11.6599                    10.9304                     0.0000    Local_Reuse
   228                    10.8279                    10.8994                    10.8683                    11.6599                    10.9182                     0.0000    Local_Reuse
   229                    10.8241                    10.8941                    10.8631                    11.6486                    10.9125                     0.0000    Local_Reuse
   230                    10.8157                    10.8830                    10.8631                    11.6309                    10.9125                     0.0000    Local_Reuse
   231                    11.0367                    10.8830                    10.8631                    11.6309                    10.9125                     0.0000    Local_Reuse
   232                    11.2557                    10.8830                    10.8631                    11.9467                    10.9125                     0.0000    Local_Reuse
   233                    11.4727                    11.1628                    10.8631                    11.9467                    11.2112                     0.0000    Local_Reuse
   234                    11.4615                    11.1503                    10.8521                    11.9467                    11.1975                     0.0000    Local_Reuse
   235                    11.4505                    11.1379                    10.8412                    11.9272                    11.1840                     0.0000    Local_Reuse
   236                    11.6637                    11.1379                    11.1228                    12.2368                    11.1840                     0.0000    Local_Reuse
   237                    11.6205                    11.0857                    11.1228                    12.1699                    11.1280                     0.0000    Local_Reuse
   238                    11.8311                    11.0857                    11.1228                    12.1699                    11.4182                     0.0000    Local_Reuse
   239                    11.8186                    11.0739                    11.1105                    12.1494                    11.4036                     0.0000    Local_Reuse
   240                    11.8062                    11.0621                    11.0983                    12.1290                    11.3892                     0.0000    Local_Reuse
   241                    11.7939                    11.0506                    11.0862                    12.1090                    11.3892                     0.0000    Local_Reuse
   242                    11.9389                    11.2402                    11.0862                    12.3185                    11.3892                     0.0000    Local_Reuse
   243                    11.9304                    11.2333                    11.0800                    12.3038                    11.3810                     0.0000    Local_Reuse
   244                    12.1342                    11.4972                    11.3523                    12.3038                    11.6627                     0.0000    Local_Reuse
   245                    12.0905                    11.4451                    11.2994                    12.2390                    11.6059                     0.0000    Local_Reuse
   246                    12.0773                    11.4317                    11.2865                    12.2390                    11.5906                     0.0000    Local_Reuse
   247                    12.2778                    11.4317                    11.2865                    12.2390                    11.8663                     0.0000    Numeric_Adjustment
   248                    12.4766                    11.6902                    11.5531                    12.5312                    12.1387                     0.0000    Local_Reuse
   249                    12.4619                    11.6757                    11.5389                    12.5093                    12.1387                     0.0000    Local_Reuse
   250                    12.4430                    11.6559                    11.5193                    12.4815                    12.1149                     0.0000    Local_Reuse
   251                    12.4286                    11.6417                    11.5055                    12.4815                    12.0971                     0.0000    Local_Reuse
   252                    12.4142                    11.6417                    11.5055                    12.4815                    12.0971                     0.0000    Local_Reuse
   253                    12.3708                    11.5904                    11.4536                    12.4172                    12.0398                     0.0000    Local_Reuse
   254                    12.3708                    11.5904                    11.4536                    12.4172                    12.0226                     0.0000    Local_Reuse
   255                    12.5062                    11.7672                    11.6359                    12.6159                    12.2079                     0.0000    Local_Reuse
   256                    12.4917                    11.7526                    11.6216                    12.6159                    12.1899                     0.0000    Local_Reuse
   257                    12.6831                    12.0000                    11.8763                    12.8970                    12.4500                     0.0000    Local_Reuse
   258                    12.6393                    11.9479                    11.8235                    12.8313                    12.3923                     0.0000    Local_Reuse
   259                    12.8286                    12.1917                    12.0745                    13.1078                    12.6484                     0.0000    Local_Reuse
   260                    12.7846                    12.1392                    12.0745                    13.0417                    12.5902                     0.0000    Local_Reuse
   261                    12.7692                    12.1392                    12.0582                    13.0417                    12.5707                     0.0000    Local_Reuse
   262                    12.9556                    12.1392                    12.3053                    13.3136                    12.8216                     0.0000    Local_Reuse
   263                    13.1406                    12.3795                    12.5497                    13.3136                    12.8216                     0.0000    Local_Reuse
   264                    13.3240                    12.6173                    12.7917                    13.5824                    13.0699                     0.0000    Local_Reuse
   265                    13.3108                    12.6041                    12.7772                    13.5824                    13.0535                     0.0000    Local_Reuse
   266                    13.2659                    12.5505                    12.7216                    13.5146                    12.9947                     0.0000    Local_Reuse
   267                    13.2490                    12.5327                    12.7026                    13.4884                    12.9947                     0.0000    Local_Reuse
   268                    13.4291                    12.7650                    12.7026                    13.7514                    12.9947                     0.0000    Local_Reuse
   269                    13.4118                    12.7650                    12.7026                    13.7514                    12.9735                     0.0000    Local_Reuse
   270                    13.5898                    12.9950                    12.9388                    14.0115                    13.2158                     0.0000    Local_Reuse
   271                    13.5447                    12.9406                    12.8832                    13.9429                    13.1571                     0.0000    Local_Reuse
   272                    13.5271                    12.9212                    12.8636                    13.9148                    13.1354                     0.0000    Local_Reuse
   273                    13.4981                    12.8873                    12.8291                    13.9148                    13.0984                     0.0000    Local_Reuse
   274                    13.4769                    12.8634                    12.8050                    13.8814                    13.0722                     0.0000    Local_Reuse
   275                    13.5785                    12.8634                    12.9403                    13.8814                    13.0722                     0.0000    Local_Reuse
   276                    13.5611                    12.8447                    12.9208                    13.8814                    13.0513                     0.0000    Local_Reuse
   277                    13.5475                    12.8309                    12.9064                    13.8596                    13.0357                     0.0000    Local_Reuse
   278                    13.5303                    12.8309                    12.8873                    13.8596                    13.0152                     0.0000    Local_Reuse
   279                    13.5132                    12.8125                    12.8873                    13.8324                    13.0152                     0.0000    Local_Reuse
   280                    13.4699                    12.7608                    12.8341                    13.7667                    12.9596                     0.0000    Local_Reuse
   281                    13.4532                    12.7429                    12.8341                    13.7403                    12.9397                     0.0000    Local_Reuse
   282                    13.5522                    12.8720                    12.9660                    13.8846                    13.0750                     0.0000    Local_Reuse
   283                    13.5353                    12.8538                    12.9469                    13.8579                    13.0750                     0.0000    Local_Reuse
   284                    13.6333                    12.9812                    13.0769                    14.0000                    13.2090                     0.0000    Local_Reuse
   285                    13.6162                    12.9626                    13.0574                    14.0000                    13.2090                     0.0000    Local_Reuse
   286                    13.5993                    12.9442                    13.0574                    13.9730                    13.2090                     0.0000    Local_Reuse
   287                    13.5568                    12.8935                    13.0048                    13.9086                    13.1535                     0.0000    Local_Reuse
   288                    13.6533                    12.8935                    13.1327                    13.9086                    13.2857                     0.0000    Local_Reuse
   289                    13.6364                    12.8935                    13.1327                    13.9086                    13.2857                     0.0000    Local_Reuse
   290                    13.5942                    12.8433                    13.0802                    13.8449                    13.2304                     0.0000    Local_Reuse
   291                    13.5812                    12.8303                    13.0657                    13.8245                    13.2304                     0.0000    Local_Reuse
   292                    13.5683                    12.8174                    13.0657                    13.8042                    13.2146                     0.0000    Local_Reuse
   293                    13.5412                    12.7864                    13.0327                    13.7632                    13.1796                     0.0000    Local_Reuse
   294                    13.5286                    12.7864                    13.0186                    13.7435                    13.1796                     0.0000    Local_Reuse
   295                    13.5160                    12.7738                    13.0046                    13.7240                    13.1643                     0.0000    Local_Reuse
   296                    13.4752                    12.7252                    12.9539                    13.6632                    13.1106                     0.0000    Local_Reuse
   297                    13.4346                    12.6771                    12.9037                    13.6031                    13.0574                     0.0000    Local_Reuse
   298                    13.4225                    12.6771                    12.8904                    13.6031                    13.0429                     0.0000    Local_Reuse
   299                    13.4105                    12.6652                    12.8773                    13.6031                    13.0284                     0.0000    Local_Reuse
   300                    13.4105                    12.6652                    12.8597                    13.6031                    13.0284                     0.0000    Local_Reuse
   301                    13.3986                    12.6533                    12.8468                    13.5846                    13.0142                     0.0000    Local_Reuse
   302                    13.3868                    12.6416                    12.8341                    13.5663                    13.0000                     0.0000    Local_Reuse
   303                    13.3472                    12.5947                    12.7857                    13.5076                    12.9486                     0.0000    Local_Reuse
   304                    13.3080                    12.5482                    12.7378                    13.4495                    12.8977                     0.0000    Local_Reuse
   305                    13.2690                    12.5022                    12.6903                    13.3920                    12.8472                     0.0000    Local_Reuse
   306                    13.2302                    12.4565                    12.6432                    13.3350                    12.8472                     0.0000    Local_Reuse
   307                    13.2192                    12.4459                    12.6316                    13.3184                    12.8341                     0.0000    Local_Reuse
   308                    13.2082                    12.4353                    12.6201                    13.3020                    12.8211                     0.0000    Local_Reuse
   309                    13.1701                    12.3906                    12.5739                    13.2463                    12.7717                     0.0000    Local_Reuse
   310                    13.1593                    12.3803                    12.5739                    13.2304                    12.7591                     0.0000    Local_Reuse
   311                    13.1216                    12.3362                    12.5281                    13.1756                    12.7104                     0.0000    Local_Reuse
   312                    13.1111                    12.3263                    12.5172                    13.1602                    12.6982                     0.0000    Local_Reuse
   313                    13.0738                    12.2827                    12.4721                    13.1063                    12.6502                     0.0000    Local_Reuse
   314                    13.0602                    12.2689                    12.4721                    13.0865                    12.6502                     0.0000    Local_Reuse
   315                    13.0233                    12.2259                    12.4274                    13.0335                    12.6027                     0.0000    Local_Reuse
   316                    12.9867                    12.1833                    12.3830                    12.9810                    12.5556                     0.0000    Numeric_Adjustment
   317                    12.9735                    12.1701                    12.3686                    12.9621                    12.5398                     0.0000    Numeric_Adjustment
   318                    12.9373                    12.1281                    12.3249                    12.9104                    12.5398                     0.0000    Numeric_Adjustment
   319                    12.9276                    12.1193                    12.3151                    12.8967                    12.5286                     0.0000    Numeric_Adjustment
   320                    12.9148                    12.1066                    12.3013                    12.8785                    12.5132                     0.0000    Numeric_Adjustment
   321                    12.9020                    12.0939                    12.2875                    12.8605                    12.4978                     0.0000    Numeric_Adjustment
   322                    12.8664                    12.0528                    12.2448                    12.8102                    12.4978                     0.0000    Numeric_Adjustment
   323                    12.8312                    12.0121                    12.2025                    12.7604                    12.4522                     0.0000    Numeric_Adjustment
   324                    12.8188                    12.0000                    12.1893                    12.7431                    12.4372                     0.0000    Numeric_Adjustment
   325                    12.7839                    11.9598                    12.1475                    12.6941                    12.3922                     0.0000    Numeric_Adjustment
   326                    12.8907                    12.0960                    12.2857                    12.8455                    12.5365                     0.0000    Numeric_Adjustment
   327                    12.8814                    12.0876                    12.2764                    12.8326                    12.5365                     0.0000    Numeric_Adjustment
   328                    12.8466                    12.0476                    12.2348                    12.7838                    12.4915                     0.0000    Numeric_Adjustment
   329                    12.8344                    12.0356                    12.2218                    12.7668                    12.4766                     0.0000    Numeric_Adjustment
   330                    12.8000                    11.9961                    12.1807                    12.7188                    12.4322                     0.0000    Numeric_Adjustment
   331                    12.7911                    11.9882                    12.1720                    12.7188                    12.4219                     0.0000    Numeric_Adjustment
   332                    12.7571                    11.9882                    12.1315                    12.6711                    12.3782                     0.0000    Numeric_Adjustment
   333                    12.7453                    11.9882                    12.1190                    12.6711                    12.3640                     0.0000    Numeric_Adjustment
   334                    12.7453                    11.9882                    12.1190                    12.6549                    12.3640                     0.0000    Numeric_Adjustment
   335                    12.8903                    12.1719                    12.1190                    12.8590                    12.5583                     0.0000    Numeric_Adjustment
   336                    13.0594                    12.1719                    12.3360                    12.8590                    12.5583                     0.0000    Numeric_Adjustment
   337                    13.1433                    12.2802                    12.4449                    12.9781                    12.6722                     0.0000    Numeric_Adjustment
   338                    13.2267                    12.3876                    12.4449                    13.0961                    12.7851                     0.0000    Numeric_Adjustment
   339                    13.2136                    12.3876                    12.4449                    13.0961                    12.7695                     0.0000    Numeric_Adjustment
   340                    13.2963                    12.4942                    12.5529                    13.0961                    12.8811                     0.0000    Numeric_Adjustment
   341                    13.2862                    12.4846                    12.5430                    13.0826                    12.8694                     0.0000    Numeric_Adjustment
   342                    13.2761                    12.4751                    12.5331                    13.0826                    12.8577                     0.0000    Numeric_Adjustment
   343                    13.4159                    12.4751                    12.7132                    13.0826                    12.8577                     0.0000    Numeric_Adjustment
   344                    13.4970                    12.4751                    12.7132                    13.0826                    12.8577                     0.0000    Numeric_Adjustment
   345                    13.5775                    12.5802                    12.8185                    13.1991                    12.9676                     0.0000    Numeric_Adjustment
   346                    13.7394                    12.5802                    12.8185                    13.4310                    12.9676                     0.0000    Numeric_Adjustment
   347                    13.8187                    12.6844                    12.9231                    13.4310                    13.0766                     0.0000    Numeric_Adjustment
   348                    13.9789                    12.8902                    13.1303                    13.4310                    13.2932                     0.0000    Numeric_Adjustment
   349                    13.9670                    12.8792                    13.1183                    13.4163                    13.2800                     0.0000    Numeric_Adjustment
   350                    14.1257                    13.0827                    13.3232                    13.6453                    13.2800                     0.0000    Numeric_Adjustment
   351                    14.2836                    13.2846                    13.5265                    13.6453                    13.4940                     0.0000    Numeric_Adjustment
   352                    14.3601                    13.2846                    13.5265                    13.6453                    13.4940                     0.0000    Numeric_Adjustment
   353                    14.3601                    13.2846                    13.5265                    13.6453                    13.5992                     0.0000    Numeric_Adjustment
   354                    14.3472                    13.2724                    13.5132                    13.6298                    13.5850                     0.0000    Numeric_Adjustment
   355                    14.4231                    13.3717                    13.6128                    13.7415                    13.5850                     0.0000    Numeric_Adjustment
   356                    14.4100                    13.3593                    13.5993                    13.7415                    13.5709                     0.0000    Numeric_Adjustment
   357                    14.3971                    13.3469                    13.5858                    13.7257                    13.5709                     0.0000    Numeric_Adjustment
   358                    14.3607                    13.3469                    13.5428                    13.6765                    13.5255                     0.0000    Numeric_Adjustment
   359                    14.4912                    13.5147                    13.7111                    13.8661                    13.7031                     0.0000    Numeric_Adjustment
   360                    14.4752                    13.4982                    13.6937                    13.8458                    13.6848                     0.0000    Numeric_Adjustment
   361                    14.4622                    13.4854                    13.6801                    13.8299                    13.6705                     0.0000    Numeric_Adjustment
   362                    14.5913                    13.6509                    13.8462                    14.0165                    13.8456                     0.0000    Numeric_Adjustment
   363                    14.7514                    13.8551                    14.0511                    14.2469                    14.0615                     0.0000    Numeric_Adjustment
   364                    14.8790                    14.0181                    14.2145                    14.2469                    14.0615                     0.0000    Numeric_Adjustment
   365                    14.9511                    14.0181                    14.3080                    14.2469                    14.0615                     0.0000    Numeric_Adjustment
   366                    15.0229                    14.0181                    14.3080                    14.3525                    14.0615                     0.0000    Numeric_Adjustment
   367                    15.0086                    14.0036                    14.2924                    14.3347                    14.0460                     0.0000    Numeric_Adjustment
   368                    15.0798                    14.0968                    14.3849                    14.4390                    14.1450                     0.0000    Numeric_Adjustment
   369                    15.1506                    14.1893                    14.4767                    14.5425                    14.2433                     0.0000    Numeric_Adjustment
   370                    15.2210                    14.2811                    14.5679                    14.6452                    14.3409                     0.0000    Numeric_Adjustment
   371                    15.3446                    14.2811                    14.7260                    14.8233                    14.3409                     0.0000    Numeric_Adjustment
   372                    15.5380                    14.5284                    14.9716                    14.8233                    14.6038                     0.0000    Numeric_Adjustment
   373                    15.6601                    14.5284                    14.9716                    14.8233                    14.7707                     0.0000    Numeric_Adjustment
   374                    15.7815                    14.6855                    14.9716                    14.8233                    14.7707                     0.0000    Numeric_Adjustment
   375                    15.7654                    14.6690                    14.9541                    14.8040                    14.7528                     0.0000    Numeric_Adjustment
   376                    15.8329                    14.6690                    14.9541                    14.8040                    14.7528                     0.0000    Numeric_Adjustment
   377                    15.8139                    14.6690                    14.9541                    14.8040                    14.7313                     0.0000    Numeric_Adjustment
   378                    15.8139                    14.7579                    14.9541                    14.8040                    14.8253                     0.0000    Numeric_Adjustment
   379                    15.8139                    14.7579                    15.0423                    14.8040                    14.9185                     0.0000    Numeric_Adjustment
   380                    15.8139                    14.9126                    15.1965                    14.8040                    15.0812                     0.0000    Numeric_Adjustment
   381                    15.7978                    14.8955                    15.1783                    14.7849                    15.0625                     0.0000    Numeric_Adjustment
   382                    15.8646                    14.9826                    15.2648                    14.8849                    15.1538                     0.0000    Numeric_Adjustment
   383                    15.9311                    15.0692                    15.3507                    14.9842                    15.2445                     0.0000    Numeric_Adjustment
   384                    16.0495                    15.0692                    15.3507                    14.9842                    15.4036                     0.0000    Numeric_Adjustment
   385                    16.1151                    15.1552                    15.4360                    15.0827                    15.4036                     0.0000    Numeric_Adjustment
   386                    16.0984                    15.1375                    15.4172                    15.0627                    15.3841                     0.0000    Numeric_Adjustment
   387                    16.0984                    15.1375                    15.5017                    15.0627                    15.3841                     0.0000    Numeric_Adjustment
   388                    16.1798                    15.2432                    15.6062                    15.1836                    15.4946                     0.0000    Numeric_Adjustment
   389                    16.3179                    15.4198                    15.6062                    15.1836                    15.6799                     0.0000    Numeric_Adjustment
   390                    16.3821                    15.5034                    15.6062                    15.1836                    15.7670                     0.0000    Numeric_Adjustment
   391                    16.4973                    15.5034                    15.7543                    15.3541                    15.9214                     0.0000    Numeric_Adjustment
   392                    16.5606                    15.5034                    15.7543                    15.3541                    16.0071                     0.0000    Numeric_Adjustment
   393                    16.5430                    15.4847                    15.7347                    15.3333                    16.0071                     0.0000    Numeric_Adjustment
   394                    16.6059                    15.5676                    15.8169                    15.3333                    16.0922                     0.0000    Numeric_Adjustment
   395                    16.7193                    15.7138                    15.9628                    15.3333                    16.2438                     0.0000    Numeric_Adjustment
   396                    16.7013                    15.6946                    15.9428                    15.3127                    16.2438                     0.0000    Numeric_Adjustment
   397                    16.6835                    15.6756                    15.9228                    15.2923                    16.2218                     0.0000    Numeric_Adjustment
   398                    16.8170                    15.6756                    15.9228                    15.2923                    16.2218                     0.0000    Numeric_Adjustment
   399                    16.7989                    15.6567                    15.9030                    15.2720                    16.2000                     0.0000    Numeric_Adjustment
   400                    16.7704                    15.6246                    15.8700                    15.2366                    16.1643                     0.0000    Numeric_Adjustment
   401                    16.8316                    15.7053                    15.9502                    15.3308                    16.2474                     0.0000    Numeric_Adjustment
   402                    16.8110                    15.6832                    15.9272                    15.3068                    16.2222                     0.0000    Numeric_Adjustment
   403                    16.8717                    15.6832                    15.9272                    15.4000                    16.2222                     0.0000    Numeric_Adjustment
   404                    16.8538                    15.6645                    15.9076                    15.3797                    16.2007                     0.0000    Numeric_Adjustment
   405                    16.9141                    15.7443                    15.9868                    15.4719                    16.2828                     0.0000    Numeric_Adjustment
   406                    16.8961                    15.7255                    15.9672                    15.4515                    16.2612                     0.0000    Numeric_Adjustment
   407                    16.9560                    15.8046                    16.0458                    15.5428                    16.2612                     0.0000    Numeric_Adjustment
   408                    17.0155                    15.8831                    16.0458                    15.6333                    16.3425                     0.0000    Numeric_Adjustment
   409                    16.9974                    15.8641                    16.0261                    15.6125                    16.3208                     0.0000    Numeric_Adjustment
   410                    16.9974                    15.8641                    16.0261                    15.7022                    16.3208                     0.0000    Numeric_Adjustment
   411                    17.1054                    16.0032                    16.1656                    15.8608                    16.4660                     0.0000    Numeric_Adjustment
   412                    17.2128                    16.1415                    16.1656                    15.8608                    16.6102                     0.0000    Numeric_Adjustment
   413                    17.1944                    16.1415                    16.1456                    15.8608                    16.5878                     0.0000    Numeric_Adjustment
   414                    17.3214                    16.3045                    16.3097                    15.8608                    16.7576                     0.0000    Numeric_Adjustment
   415                    17.4478                    16.4665                    16.3097                    16.0474                    16.7576                     0.0000    Numeric_Adjustment
   416                    17.5533                    16.6019                    16.4469                    16.2036                    16.8993                     0.0000    Numeric_Adjustment
   417                    17.6937                    16.7810                    16.6282                    16.2036                    16.8993                     0.0000    Numeric_Adjustment
   418                    17.7500                    16.8544                    16.7029                    16.2899                    16.8993                     0.0000    Numeric_Adjustment
   419                    17.7305                    16.8328                    16.7029                    16.2899                    16.8763                     0.0000    Numeric_Adjustment
   420                    17.7864                    16.8328                    16.7771                    16.2899                    16.9533                     0.0000    Numeric_Adjustment
   421                    17.8997                    16.9780                    16.9238                    16.2899                    17.1063                     0.0000    Numeric_Adjustment
   422                    17.8800                    16.9561                    16.9019                    16.2899                    17.0828                     0.0000    Numeric_Adjustment
   423                    18.0025                    17.1125                    16.9019                    16.2899                    17.2475                     0.0000    Numeric_Adjustment
   424                    18.0572                    17.1125                    16.9019                    16.3755                    17.2475                     0.0000    Numeric_Adjustment
   425                    18.0372                    17.0903                    16.8801                    16.3755                    17.2237                     0.0000    Numeric_Adjustment
   426                    18.0916                    17.1615                    16.9528                    16.4604                    17.2984                     0.0000    Numeric_Adjustment
   427                    18.1457                    17.1615                    16.9528                    16.4604                    17.2984                     0.0000    Numeric_Adjustment
   428                    18.1059                    17.1146                    16.9060                    16.4086                    17.2484                     0.0000    Numeric_Adjustment
   429                    18.2064                    17.2438                    17.0375                    16.4086                    17.2484                     0.0000    Numeric_Adjustment
   430                    18.2598                    17.3138                    17.0375                    16.4929                    17.3225                     0.0000    Numeric_Adjustment
   431                    18.3790                    17.4663                    17.0375                    16.6726                    17.3225                     0.0000    Numeric_Adjustment
   432                    18.4780                    17.4663                    17.0375                    16.6726                    17.4578                     0.0000    Numeric_Adjustment
   433                    18.5961                    17.4663                    17.1931                    16.6726                    17.6181                     0.0000    Numeric_Adjustment
   434                    18.6481                    17.4663                    17.2640                    16.6726                    17.6903                     0.0000    Numeric_Adjustment
   435                    18.6481                    17.4663                    17.2640                    16.7553                    17.6903                     0.0000    Numeric_Adjustment
   436                    18.7651                    17.6177                    17.4180                    16.9329                    17.6903                     0.0000    Numeric_Adjustment
   437                    18.8816                    17.7683                    17.5710                    17.1092                    17.8489                     0.0000    Numeric_Adjustment
   438                    18.9976                    17.9179                    17.7231                    17.2842                    17.8489                     0.0000    Numeric_Adjustment
   439                    18.9976                    17.9179                    17.8742                    17.4580                    17.8489                     0.0000    Numeric_Adjustment
   440                    18.9760                    17.8939                    17.8502                    17.4321                    17.8489                     0.0000    Numeric_Adjustment
   441                    19.0911                    18.0423                    18.0000                    17.6042                    17.8489                     0.0000    Numeric_Adjustment
   442                    19.2057                    18.0423                    18.0000                    17.6042                    18.0064                     0.0000    Numeric_Adjustment
   443                    19.3007                    18.1657                    18.1246                    17.6042                    18.1374                     0.0000    Numeric_Adjustment
   444                    19.4143                    18.3123                    18.2727                    17.7751                    18.2930                     0.0000    Numeric_Adjustment
   445                    19.5273                    18.4581                    18.4199                    17.9448                    18.4476                     0.0000    Numeric_Adjustment
   446                    19.5758                    18.4581                    18.4849                    17.9448                    18.5158                     0.0000    Numeric_Adjustment
   447                    19.6241                    18.5224                    18.5495                    17.9448                    18.5836                     0.0000    Numeric_Adjustment
   448                    19.7170                    18.5224                    18.5495                    18.0859                    18.5836                     0.0000    Numeric_Adjustment
   449                    19.7647                    18.5863                    18.6138                    18.1610                    18.5836                     0.0000    Numeric_Adjustment
   450                    19.8263                    18.6677                    18.6955                    18.2560                    18.6698                     0.0000    Numeric_Adjustment
   451                    19.9180                    18.6677                    18.8155                    18.3946                    18.6698                     0.0000    Numeric_Adjustment
   452                    19.9650                    18.7308                    18.8155                    18.4678                    18.7367                     0.0000    Numeric_Adjustment
   453                    20.0559                    18.8496                    18.9347                    18.6047                    18.8625                     0.0000    Numeric_Adjustment
   454                    20.1465                    18.9676                    19.0533                    18.7407                    18.8625                     0.0000    Numeric_Adjustment
   455                    20.1230                    18.9413                    19.0265                    18.7114                    18.8349                     0.0000    Numeric_Adjustment
   456                    20.1690                    19.0029                    19.0882                    18.7826                    18.9006                     0.0000    Numeric_Adjustment
   457                    20.2148                    19.0641                    19.1496                    18.7826                    18.9006                     0.0000    Numeric_Adjustment
   458                    20.3041                    19.1802                    19.2661                    18.9167                    19.0248                     0.0000    Numeric_Adjustment
   459                    20.4253                    19.3362                    19.4227                    19.0963                    19.1914                     0.0000    Numeric_Adjustment
   460                    20.5321                    19.4740                    19.5610                    19.2550                    19.3385                     0.0000    Numeric_Adjustment
   461                    20.5767                    19.5331                    19.6203                    19.3234                    19.4018                     0.0000    Numeric_Adjustment
   462                    20.5767                    19.5920                    19.6203                    19.3234                    19.4018                     0.0000    Numeric_Adjustment
   463                    20.6644                    19.7049                    19.7341                    19.4539                    19.5229                     0.0000    Numeric_Adjustment
   464                    20.7084                    19.7629                    19.7925                    19.5213                    19.5229                     0.0000    Numeric_Adjustment
   465                    20.8136                    19.8974                    19.9282                    19.6765                    19.6677                     0.0000    Numeric_Adjustment
   466                    20.9002                    20.0085                    19.9282                    19.6765                    19.7872                     0.0000    Numeric_Adjustment
   467                    20.8733                    20.0085                    19.8968                    19.6765                    19.7872                     0.0000    Numeric_Adjustment
   468                    20.9594                    20.1190                    19.8968                    19.6765                    19.7872                     0.0000    Numeric_Adjustment
   469                    21.0023                    20.1751                    19.9543                    19.7427                    19.7872                     0.0000    Numeric_Adjustment
   470                    21.0876                    20.1751                    19.9543                    19.7427                    19.9061                     0.0000    Numeric_Adjustment
   471                    21.1435                    20.2479                    20.0285                    19.7427                    19.9849                     0.0000    Numeric_Adjustment
   472                    21.2416                    20.3736                    20.1562                    19.8896                    20.1205                     0.0000    Numeric_Adjustment
   473                    21.2416                    20.5042                    20.1562                    20.0421                    20.2613                     0.0000    Numeric_Adjustment
   474                    21.2165                    20.4749                    20.1275                    20.0097                    20.2305                     0.0000    Numeric_Adjustment
   475                    21.1915                    20.4457                    20.0989                    19.9775                    20.2000                     0.0000    Numeric_Adjustment
   476                    21.2333                    20.4457                    20.1549                    20.0417                    20.2589                     0.0000    Numeric_Adjustment
   477                    21.3171                    20.5528                    20.2640                    20.1661                    20.3739                     0.0000    Numeric_Adjustment
   478                    21.3584                    20.6066                    20.3193                    20.2293                    20.4320                     0.0000    Numeric_Adjustment
   479                    21.3996                    20.6602                    20.3743                    20.2921                    20.4897                     0.0000    Numeric_Adjustment
   480                    21.4405                    20.7135                    20.4290                    20.3544                    20.5471                     0.0000    Numeric_Adjustment
   481                    21.5407                    20.7135                    20.5583                    20.5016                    20.6833                     0.0000    Numeric_Adjustment
   482                    21.5132                    20.6813                    20.5263                    20.4654                    20.6491                     0.0000    Numeric_Adjustment
   483                    21.5536                    20.7342                    20.5801                    20.5266                    20.7055                     0.0000    Numeric_Adjustment
   484                    21.5109                    20.6831                    20.5289                    20.4688                    20.7055                     0.0000    Numeric_Adjustment
   485                    21.4858                    20.6831                    20.5000                    20.4361                    20.7055                     0.0000    Numeric_Adjustment
   486                    21.5261                    20.7357                    20.5534                    20.4969                    20.7616                     0.0000    Numeric_Adjustment
   487                    21.6247                    20.7357                    20.5534                    20.4969                    20.7616                     0.0000    Numeric_Adjustment
   488                    21.6645                    20.7357                    20.5534                    20.5573                    20.7616                     0.0000    Numeric_Adjustment
   489                    21.7451                    20.8397                    20.6585                    20.6759                    20.7616                     0.0000    Numeric_Adjustment
   490                    21.7845                    20.8397                    20.7112                    20.6759                    20.8174                     0.0000    Numeric_Adjustment
   491                    21.8237                    20.8397                    20.7636                    20.6759                    20.8174                     0.0000    Numeric_Adjustment
   492                    21.8627                    20.8397                    20.7636                    20.6759                    20.8728                     0.0000    Numeric_Adjustment
   493                    21.8351                    20.8076                    20.7317                    20.6400                    20.8386                     0.0000    Numeric_Adjustment
   494                    21.9145                    20.9108                    20.7317                    20.6400                    20.9483                     0.0000    Numeric_Adjustment
   495                    22.0107                    20.9108                    20.7317                    20.7822                    20.9483                     0.0000    Numeric_Adjustment
   496                    22.0489                    20.9108                    20.7838                    20.7822                    20.9483                     0.0000    Numeric_Adjustment
   497                    22.1444                    20.9108                    20.7838                    20.7822                    21.0802                     0.0000    Numeric_Adjustment
   498                    22.1822                    20.9623                    20.8356                    20.7822                    21.1343                     0.0000    Numeric_Adjustment
   499                    22.2199                    21.0134                    20.8871                    20.8410                    21.1880                     0.0000    Numeric_Adjustment
   500                    22.3143                    21.1367                    20.8871                    20.8410                    21.1880                     0.0000    Numeric_Adjustment
   501                    22.4042                    21.2540                    21.0054                    20.9756                    21.1880                     0.0000    Numeric_Adjustment
   502                    22.5210                    21.4053                    21.0054                    21.1489                    21.3494                     0.0000    Numeric_Adjustment
   503                    22.6268                    21.5426                    21.1444                    21.3061                    21.4958                     0.0000    Numeric_Adjustment
   504                    22.6004                    21.5119                    21.1147                    21.2719                    21.4633                     0.0000    Numeric_Adjustment
   505                    22.5741                    21.4815                    21.0851                    21.2380                    21.4310                     0.0000    Numeric_Adjustment
   506                    22.6104                    21.5303                    21.1353                    21.2943                    21.4310                     0.0000    Numeric_Adjustment
   507                    22.6466                    21.5789                    21.1852                    21.3503                    21.4831                     0.0000    Numeric_Adjustment
   508                    22.6826                    21.6273                    21.2348                    21.4060                    21.5350                     0.0000    Numeric_Adjustment
   509                    22.7578                    21.7251                    21.3342                    21.5179                    21.6397                     0.0000    Numeric_Adjustment
   510                    22.8492                    21.8433                    21.4541                    21.5179                    21.6397                     0.0000    Numeric_Adjustment
   511                    22.8227                    21.8125                    21.4241                    21.4837                    21.6072                     0.0000    Numeric_Adjustment
   512                    22.8580                    21.8597                    21.4726                    21.5385                    21.6583                     0.0000    Numeric_Adjustment
   513                    22.8580                    21.8264                    21.4726                    21.5385                    21.6233                     0.0000    Numeric_Adjustment
   514                    22.8932                    21.8734                    21.5208                    21.5385                    21.6740                     0.0000    Numeric_Adjustment
   515                    22.9283                    21.9201                    21.5688                    21.5929                    21.6740                     0.0000    Numeric_Adjustment
   516                    22.9283                    21.9201                    21.5688                    21.5929                    21.7245                     0.0000    Numeric_Adjustment
   517                    22.9018                    21.8895                    21.5389                    21.5588                    21.6923                     0.0000    Numeric_Adjustment
   518                    22.9367                    21.9359                    21.5866                    21.6129                    21.7425                     0.0000    Numeric_Adjustment
   519                    22.9104                    21.9054                    21.5567                    21.5789                    21.7104                     0.0000    Numeric_Adjustment
   520                    22.9837                    22.0000                    21.6530                    21.6880                    21.7104                     0.0000    Numeric_Adjustment
   521                    23.0730                    22.1145                    21.7692                    21.8198                    21.8338                     0.0000    Numeric_Adjustment
   522                    23.0730                    22.1145                    21.8645                    21.8198                    21.9348                     0.0000    Numeric_Adjustment
   523                    23.1073                    22.1599                    21.9107                    21.8725                    21.9837                     0.0000    Numeric_Adjustment
   524                    23.1414                    22.2051                    21.9107                    21.9249                    21.9837                     0.0000    Numeric_Adjustment
   525                    23.2137                    22.2980                    22.0051                    22.0317                    22.0838                     0.0000    Numeric_Adjustment
   526                    23.3018                    22.4106                    22.1193                    22.1609                    22.2049                     0.0000    Numeric_Adjustment
   527                    23.3353                    22.4548                    22.1646                    22.1609                    22.2527                     0.0000    Numeric_Adjustment
   528                    23.3086                    22.4236                    22.1646                    22.1261                    22.2527                     0.0000    Numeric_Adjustment
   529                    23.2800                    22.4236                    22.1646                    22.1261                    22.2527                     0.0000    Numeric_Adjustment
   530                    23.3673                    22.5350                    22.1646                    22.2543                    22.3727                     0.0000    Numeric_Adjustment
   531                    23.4004                    22.5786                    22.2096                    22.3048                    22.4198                     0.0000    Numeric_Adjustment
   532                    23.5089                    22.7164                    22.3501                    22.3048                    22.5680                     0.0000    Numeric_Adjustment
   533                    23.5794                    22.8065                    22.4422                    22.4091                    22.6649                     0.0000    Numeric_Adjustment
   534                    23.5525                    22.7748                    22.4110                    22.3739                    22.6313                     0.0000    Numeric_Adjustment
   535                    23.5850                    22.8173                    22.4550                    22.3739                    22.6772                     0.0000    Numeric_Adjustment
   536                    23.6174                    22.8173                    22.4988                    22.4237                    22.6772                     0.0000    Numeric_Adjustment
   537                    23.5886                    22.7833                    22.4652                    22.3859                    22.6772                     0.0000    Numeric_Adjustment
   538                    23.6208                    22.7833                    22.5087                    22.4354                    22.6772                     0.0000    Numeric_Adjustment
   539                    23.6902                    22.8722                    22.5087                    22.5378                    22.7731                     0.0000    Numeric_Adjustment
   540                    23.7221                    22.9142                    22.5520                    22.5866                    22.8184                     0.0000    Numeric_Adjustment
   541                    23.8066                    22.9142                    22.5520                    22.5866                    22.8184                     0.0000    Numeric_Adjustment
   542                    23.8752                    22.9142                    22.5520                    22.5866                    22.8184                     0.0000    Numeric_Adjustment
   543                    23.9436                    22.9142                    22.5520                    22.6880                    22.9134                     0.0000    Numeric_Adjustment
   544                    23.9748                    22.9560                    22.5951                    22.7361                    22.9581                     0.0000    Numeric_Adjustment
   545                    23.9477                    22.9244                    22.5640                    22.7008                    22.9243                     0.0000    Numeric_Adjustment
   546                    23.9787                    22.9659                    22.6069                    22.7486                    22.9243                     0.0000    Numeric_Adjustment
   547                    24.0097                    23.0073                    22.6069                    22.7486                    22.9243                     0.0000    Numeric_Adjustment
   548                    24.0405                    23.0073                    22.6495                    22.7961                    22.9243                     0.0000    Numeric_Adjustment
   549                    24.1231                    23.1138                    22.7579                    22.7961                    23.0391                     0.0000    Numeric_Adjustment
   550                    24.1900                    23.2005                    22.8463                    22.8956                    23.1325                     0.0000    Numeric_Adjustment
   551                    24.1609                    23.2005                    22.8127                    22.8956                    23.0959                     0.0000    Numeric_Adjustment
   552                    24.2428                    23.3060                    22.9199                    23.0164                    23.2093                     0.0000    Numeric_Adjustment
   553                    24.2729                    23.3462                    22.9613                    23.0164                    23.2093                     0.0000    Numeric_Adjustment
   554                    24.3143                    23.4005                    23.0169                    23.0164                    23.2093                     0.0000    Numeric_Adjustment
   555                    24.2871                    23.3684                    22.9855                    22.9809                    23.1753                     0.0000    Numeric_Adjustment
   556                    24.3529                    23.4535                    23.0721                    22.9809                    23.2674                     0.0000    Numeric_Adjustment
   557                    24.3529                    23.4535                    23.0721                    22.9809                    23.2333                     0.0000    Numeric_Adjustment
   558                    24.3826                    23.4535                    23.0721                    23.0272                    23.2333                     0.0000    Numeric_Adjustment
   559                    24.4121                    23.4929                    23.1127                    23.0272                    23.2762                     0.0000    Numeric_Adjustment
   560                    24.4415                    23.5321                    23.1531                    23.0734                    23.3189                     0.0000    Numeric_Adjustment
   561                    24.5480                    23.6682                    23.2912                    23.0734                    23.3189                     0.0000    Numeric_Adjustment
   562                    24.5771                    23.6682                    23.3310                    23.0734                    23.3613                     0.0000    Numeric_Adjustment
   563                    24.5478                    23.6336                    23.2969                    23.0352                    23.3249                     0.0000    Numeric_Adjustment
   564                    24.5478                    23.6336                    23.3365                    23.0352                    23.3671                     0.0000    Numeric_Adjustment
   565                    24.6386                    23.7500                    23.4539                    23.1703                    23.4924                     0.0000    Numeric_Adjustment
   566                    24.6673                    23.7882                    23.4929                    23.1703                    23.5340                     0.0000    Numeric_Adjustment
   567                    24.7425                    23.8850                    23.5906                    23.2830                    23.6382                     0.0000    Numeric_Adjustment
   568                    24.7425                    23.8850                    23.6737                    23.3790                    23.6382                     0.0000    Numeric_Adjustment
   569                    24.7821                    23.9368                    23.7260                    23.4397                    23.6942                     0.0000    Numeric_Adjustment
   570                    24.8104                    23.9368                    23.7640                    23.4840                    23.7350                     0.0000    Numeric_Adjustment
   571                    24.8386                    23.9743                    23.8019                    23.4840                    23.7756                     0.0000    Numeric_Adjustment
   572                    24.8111                    23.9417                    23.8019                    23.4840                    23.7413                     0.0000    Numeric_Adjustment
   573                    24.8891                    24.0419                    23.9023                    23.6000                    23.7413                     0.0000    Numeric_Adjustment
   574                    24.8708                    24.0209                    23.8817                    23.6000                    23.7196                     0.0000    Numeric_Adjustment
   575                    24.9337                    24.1019                    23.8817                    23.6000                    23.8069                     0.0000    Numeric_Adjustment
   576                    24.9963                    24.1824                    23.9630                    23.6000                    23.8938                     0.0000    Numeric_Adjustment
   577                    25.0349                    24.2327                    24.0139                    23.6596                    23.9483                     0.0000    Numeric_Adjustment
   578                    25.1117                    24.3310                    24.1129                    23.6596                    24.0541                     0.0000    Numeric_Adjustment
   579                    25.2084                    24.4541                    24.2368                    23.8037                    24.1863                     0.0000    Numeric_Adjustment
   580                    25.2701                    24.5332                    24.3165                    23.8968                    24.2714                     0.0000    Numeric_Adjustment
   581                    25.3461                    24.6301                    24.4142                    24.0106                    24.3756                     0.0000    Numeric_Adjustment
   582                    25.4073                    24.7084                    24.4932                    24.0106                    24.4599                     0.0000    Numeric_Adjustment
   583                    25.4791                    24.8000                    24.5854                    24.0106                    24.5583                     0.0000    Numeric_Adjustment
   584                    25.5543                    24.8957                    24.5854                    24.1237                    24.6610                     0.0000    Numeric_Adjustment
   585                    25.6148                    24.9729                    24.6636                    24.1237                    24.6610                     0.0000    Numeric_Adjustment
   586                    25.5866                    24.9391                    24.6304                    24.0866                    24.6256                     0.0000    Numeric_Adjustment
   587                    25.6613                    25.0338                    24.7262                    24.0866                    24.7277                     0.0000    Numeric_Adjustment
   588                    25.7212                    25.1101                    24.8036                    24.1780                    24.8101                     0.0000    Numeric_Adjustment
   589                    25.6930                    25.0762                    24.7703                    24.1410                    24.7746                     0.0000    Numeric_Adjustment
   590                    25.7186                    25.1096                    24.8045                    24.1823                    24.7746                     0.0000    Numeric_Adjustment
   591                    25.7442                    25.1429                    24.8386                    24.2234                    24.8110                     0.0000    Numeric_Adjustment
   592                    25.7161                    25.1091                    24.8054                    24.1865                    24.7757                     0.0000    Numeric_Adjustment
   593                    25.7897                    25.2022                    24.8996                    24.2972                    24.8762                     0.0000    Numeric_Adjustment
   594                    25.7897                    25.2022                    24.9332                    24.2972                    24.9121                     0.0000    Numeric_Adjustment
   595                    25.8149                    25.2350                    24.9667                    24.3376                    24.9479                     0.0000    Numeric_Adjustment
   596                    25.8401                    25.2350                    24.9667                    24.3779                    24.9479                     0.0000    Numeric_Adjustment
   597                    25.8989                    25.2350                    25.0421                    24.4667                    24.9479                     0.0000    Numeric_Adjustment
   598                    25.8708                    25.2013                    25.0088                    24.4297                    24.9125                     0.0000    Numeric_Adjustment
   599                    25.8286                    25.2013                    24.9581                    24.3724                    24.8585                     0.0000    Numeric_Adjustment
   600                    25.9012                    25.2936                    25.0507                    24.4809                    24.9576                     0.0000    Numeric_Adjustment
   601                    25.9595                    25.2936                    25.0507                    24.5685                    24.9576                     0.0000    Numeric_Adjustment
   602                    26.0176                    25.3678                    25.1253                    24.6557                    25.0376                     0.0000    Numeric_Adjustment
   603                    26.0421                    25.4000                    25.1579                    24.6944                    25.0726                     0.0000    Numeric_Adjustment
   604                    26.0665                    25.4320                    25.1904                    24.7330                    25.1075                     0.0000    Numeric_Adjustment
   605                    26.0909                    25.4639                    25.1904                    24.7714                    25.1075                     0.0000    Numeric_Adjustment
   606                    26.1623                    25.5546                    25.2817                    24.8772                    25.2051                     0.0000    Numeric_Adjustment
   607                    26.2334                    25.5546                    25.2817                    24.8772                    25.3023                     0.0000    Numeric_Adjustment
   608                    26.3043                    25.5546                    25.2817                    24.9825                    25.3991                     0.0000    Numeric_Adjustment
   609                    26.3043                    25.5546                    25.3551                    25.0673                    25.3991                     0.0000    Numeric_Adjustment
   610                    26.3750                    25.6449                    25.4457                    25.1716                    25.4954                     0.0000    Numeric_Adjustment
   611                    26.4454                    25.7348                    25.4457                    25.2754                    25.5912                     0.0000    Numeric_Adjustment
   612                    26.5156                    25.7348                    25.5358                    25.3787                    25.6866                     0.0000    Numeric_Adjustment
   613                    26.5389                    25.7657                    25.5358                    25.4148                    25.7195                     0.0000    Numeric_Adjustment
   614                    26.5621                    25.7657                    25.5671                    25.4507                    25.7195                     0.0000    Numeric_Adjustment
   615                    26.5852                    25.7965                    25.5983                    25.4865                    25.7195                     0.0000    Numeric_Adjustment
   616                    26.6735                    25.7965                    25.7112                    25.4865                    25.8394                     0.0000    Numeric_Adjustment
   617                    26.6449                    25.7624                    25.6774                    25.4485                    25.8032                     0.0000    Numeric_Adjustment
   618                    26.7003                    25.8341                    25.7489                    25.4485                    25.8790                     0.0000    Numeric_Adjustment
   619                    26.7231                    25.8645                    25.7489                    25.4485                    25.8790                     0.0000    Numeric_Adjustment
   620                    26.7969                    25.8645                    25.8437                    25.4485                    25.9795                     0.0000    Numeric_Adjustment
   621                    26.8194                    25.8645                    25.8739                    25.4841                    25.9795                     0.0000    Numeric_Adjustment
   622                    26.8878                    25.9528                    25.9616                    25.5854                    26.0727                     0.0000    Numeric_Adjustment
   623                    26.9559                    26.0407                    25.9616                    25.6861                    26.0727                     0.0000    Numeric_Adjustment
   624                    27.0102                    26.0407                    26.0319                    25.6861                    26.1474                     0.0000    Numeric_Adjustment
   625                    26.9814                    26.0064                    25.9979                    25.6481                    26.1474                     0.0000    Numeric_Adjustment
   626                    27.0034                    26.0362                    26.0275                    25.6828                    26.1787                     0.0000    Numeric_Adjustment
   627                    26.9747                    26.0021                    25.9937                    25.6449                    26.1422                     0.0000    Numeric_Adjustment
   628                    26.9966                    26.0318                    25.9937                    25.6795                    26.1422                     0.0000    Numeric_Adjustment
   629                    27.0185                    26.0318                    25.9937                    25.7139                    26.1734                     0.0000    Numeric_Adjustment
   630                    27.0403                    26.0318                    26.0232                    25.7482                    26.2045                     0.0000    Numeric_Adjustment
   631                    27.0403                    26.0614                    26.0526                    25.7482                    26.2354                     0.0000    Numeric_Adjustment
   632                    26.9983                    26.0106                    26.0021                    25.6914                    26.1812                     0.0000    Numeric_Adjustment
   633                    26.9699                    25.9768                    25.9686                    25.6914                    26.1451                     0.0000    Numeric_Adjustment
   634                    26.9917                    26.0063                    25.9686                    25.7255                    26.1759                     0.0000    Numeric_Adjustment
   635                    27.0583                    26.0063                    26.0544                    25.7255                    26.1759                     0.0000    Numeric_Adjustment
   636                    27.1248                    26.0924                    26.0544                    25.7255                    26.2667                     0.0000    Numeric_Adjustment
   637                    27.1462                    26.0924                    26.0544                    25.7595                    26.2667                     0.0000    Numeric_Adjustment
   638                    27.1990                    26.1614                    26.1232                    25.8385                    26.2667                     0.0000    Numeric_Adjustment
   639                    27.1705                    26.1276                    26.0896                    25.8009                    26.2306                     0.0000    Numeric_Adjustment
   640                    27.2364                    26.1276                    26.0896                    25.8009                    26.3208                     0.0000    Numeric_Adjustment
   641                    27.3020                    26.2129                    26.1746                    25.8983                    26.4106                     0.0000    Numeric_Adjustment
   642                    27.3542                    26.2129                    26.1746                    25.8983                    26.4824                     0.0000    Numeric_Adjustment
   643                    27.4062                    26.2812                    26.2427                    25.9764                    26.5538                     0.0000    Numeric_Adjustment
   644                    27.4269                    26.3098                    26.2427                    26.0094                    26.5833                     0.0000    Numeric_Adjustment
   645                    27.4918                    26.3942                    26.3271                    26.1056                    26.5833                     0.0000    Numeric_Adjustment
   646                    27.5565                    26.4783                    26.4112                    26.2014                    26.5833                     0.0000    Numeric_Adjustment
   647                    27.5768                    26.5062                    26.4392                    26.2336                    26.6127                     0.0000    Numeric_Adjustment
   648                    27.5971                    26.5062                    26.4671                    26.2336                    26.6127                     0.0000    Numeric_Adjustment
   649                    27.5971                    26.5897                    26.5503                    26.3287                    26.6127                     0.0000    Numeric_Adjustment
   650                    27.6482                    26.6564                    26.6168                    26.4047                    26.6834                     0.0000    Numeric_Adjustment
   651                    27.6683                    26.6838                    26.6442                    26.4362                    26.7124                     0.0000    Numeric_Adjustment
   652                    27.7321                    26.6838                    26.6442                    26.5301                    26.7124                     0.0000    Numeric_Adjustment
   653                    27.7520                    26.7111                    26.6714                    26.5301                    26.7413                     0.0000    Numeric_Adjustment
   654                    27.8252                    26.8057                    26.7658                    26.6374                    26.8416                     0.0000    Numeric_Adjustment
   655                    27.8449                    26.8057                    26.7658                    26.6682                    26.8701                     0.0000    Numeric_Adjustment
   656                    27.9081                    26.8057                    26.8476                    26.7609                    26.9568                     0.0000    Numeric_Adjustment
   657                    27.9275                    26.8327                    26.8742                    26.7913                    26.9849                     0.0000    Numeric_Adjustment
   658                    27.9275                    26.8327                    26.9777                    26.7913                    27.0946                     0.0000    Numeric_Adjustment
   659                    27.9839                    26.9063                    27.0505                    26.8741                    27.1717                     0.0000    Numeric_Adjustment
   660                    27.9535                    26.8699                    27.0141                    26.8333                    27.1328                     0.0000    Numeric_Adjustment
   661                    28.0160                    26.9513                    27.0141                    26.8333                    27.1328                     0.0000    Numeric_Adjustment
   662                    28.0352                    26.9777                    27.0402                    26.8633                    27.1603                     0.0000    Numeric_Adjustment
   663                    28.0543                    27.0040                    27.0663                    26.8932                    27.1603                     0.0000    Numeric_Adjustment
   664                    28.0734                    27.0302                    27.0922                    26.9229                    27.1876                     0.0000    Numeric_Adjustment
   665                    28.0318                    26.9799                    27.0420                    26.8665                    27.1340                     0.0000    Numeric_Adjustment
   666                    28.1113                    26.9799                    27.1437                    26.8665                    27.1340                     0.0000    Numeric_Adjustment
   667                    28.1302                    26.9799                    27.1693                    26.8962                    27.1340                     0.0000    Numeric_Adjustment
   668                    28.1490                    27.0060                    27.1948                    26.9257                    27.1614                     0.0000    Numeric_Adjustment
   669                    28.1677                    27.0321                    27.2202                    26.9551                    27.1886                     0.0000    Numeric_Adjustment
   670                    28.1864                    27.0580                    27.2455                    26.9843                    27.2156                     0.0000    Numeric_Adjustment
   671                    28.2050                    27.0838                    27.2708                    26.9843                    27.2156                     0.0000    Numeric_Adjustment
   672                    28.2236                    27.0838                    27.2959                    26.9843                    27.2156                     0.0000    Numeric_Adjustment
   673                    28.2421                    27.1096                    27.3209                    27.0134                    27.2426                     0.0000    Numeric_Adjustment
   674                    28.2104                    27.0716                    27.2829                    27.0134                    27.2021                     0.0000    Numeric_Adjustment
   675                    28.1724                    27.0258                    27.2373                    26.9621                    27.1534                     0.0000    Numeric_Adjustment
   676                    28.1346                    26.9802                    27.1918                    26.9109                    27.1048                     0.0000    Numeric_Adjustment
   677                    28.1031                    26.9427                    27.1543                    26.8689                    27.0649                     0.0000    Numeric_Adjustment
   678                    28.0702                    26.9034                    27.1150                    26.8248                    27.0230                     0.0000    Numeric_Adjustment
   679                    28.0358                    26.8622                    27.0739                    26.7788                    27.0230                     0.0000    Numeric_Adjustment
   680                    28.0078                    26.8291                    27.0408                    26.7417                    26.9875                     0.0000    Numeric_Adjustment
   681                    27.9736                    26.7882                    27.0000                    26.6960                    26.9439                     0.0000    Numeric_Adjustment
   682                    27.9442                    26.7882                    26.9652                    26.6571                    26.9066                     0.0000    Numeric_Adjustment
   683                    27.9149                    26.7534                    26.9305                    26.6184                    26.9066                     0.0000    Numeric_Adjustment
   684                    27.8856                    26.7188                    26.8960                    26.5799                    26.8696                     0.0000    Numeric_Adjustment
   685                    27.8580                    26.6862                    26.8635                    26.5437                    26.8347                     0.0000    Numeric_Adjustment
   686                    27.8290                    26.6518                    26.8292                    26.5054                    26.7979                     0.0000    Numeric_Adjustment
   687                    27.8477                    26.6777                    26.8544                    26.5348                    26.8251                     0.0000    Numeric_Adjustment
   688                    27.8080                    26.6298                    26.8069                    26.4816                    26.7741                     0.0000    Numeric_Adjustment
   689                    27.7730                    26.5880                    26.7653                    26.4351                    26.7295                     0.0000    Numeric_Adjustment
   690                    27.7443                    26.5880                    26.7653                    26.3974                    26.7295                     0.0000    Numeric_Adjustment
   691                    27.7049                    26.5405                    26.7181                    26.3448                    26.7295                     0.0000    Numeric_Adjustment
   692                    27.6763                    26.5067                    26.6844                    26.3075                    26.7295                     0.0000    Numeric_Adjustment
   693                    27.6479                    26.4731                    26.6509                    26.2704                    26.7295                     0.0000    Numeric_Adjustment
   694                    27.6195                    26.4395                    26.6174                    26.2704                    26.6933                     0.0000    Numeric_Adjustment
   695                    27.5912                    26.4395                    26.6174                    26.2704                    26.6571                     0.0000    Numeric_Adjustment
   696                    27.5524                    26.3927                    26.5709                    26.2184                    26.6069                     0.0000    Numeric_Adjustment
   697                    27.5242                    26.3595                    26.5377                    26.2184                    26.5711                     0.0000    Numeric_Adjustment
   698                    27.4977                    26.3282                    26.5066                    26.1838                    26.5375                     0.0000    Numeric_Adjustment
   699                    27.4592                    26.2819                    26.4605                    26.1322                    26.4879                     0.0000    Numeric_Adjustment
   700                    27.4314                    26.2490                    26.4278                    26.1322                    26.4525                     0.0000    Numeric_Adjustment
   701                    27.4036                    26.2163                    26.4278                    26.0957                    26.4173                     0.0000    Numeric_Adjustment
   702                    27.3759                    26.1837                    26.4278                    26.0957                    26.3823                     0.0000    Numeric_Adjustment
   703                    27.3468                    26.1837                    26.4278                    26.0957                    26.3823                     0.0000    Numeric_Adjustment
   704                    27.3088                    26.1380                    26.3820                    26.0446                    26.3333                     0.0000    Numeric_Adjustment
   705                    27.2829                    26.1075                    26.3514                    26.0106                    26.3006                     0.0000    Numeric_Adjustment
   706                    27.2571                    26.0772                    26.3209                    25.9767                    26.2680                     0.0000    Numeric_Adjustment
   707                    27.2194                    26.0320                    26.2756                    25.9262                    26.2680                     0.0000    Numeric_Adjustment
   708                    27.2194                    26.0320                    26.2756                    25.9262                    26.2680                     0.0000    Numeric_Adjustment
   709                    27.1937                    26.0019                    26.2454                    25.8926                    26.2355                     0.0000    Numeric_Adjustment
   710                    27.1682                    25.9719                    26.2152                    25.8926                    26.2032                     0.0000    Numeric_Adjustment
   711                    27.1426                    25.9421                    26.1852                    25.8592                    26.1710                     0.0000    Numeric_Adjustment
   712                    27.1469                    25.9421                    26.1922                    25.8592                    26.1786                     0.0000    Numeric_Adjustment
   713                    27.1469                    25.9421                    26.1922                    25.8847                    26.1786                     0.0000    Numeric_Adjustment
   714                    27.1511                    25.9496                    26.1993                    25.8933                    26.1861                     0.0000    Numeric_Adjustment
   715                    27.1553                    25.9572                    26.1993                    25.8933                    26.1937                     0.0000    Numeric_Adjustment
   716                    27.1433                    25.9442                    26.1860                    25.8789                    26.1937                     0.0000    Numeric_Adjustment
   717                    27.1431                    25.9442                    26.1860                    25.8813                    26.1937                     0.0000    Numeric_Adjustment
   718                    27.1473                    25.9518                    26.1930                    25.8898                    26.1937                     0.0000    Numeric_Adjustment
   719                    27.1471                    25.9518                    26.1945                    25.8921                    26.1953                     0.0000    Numeric_Adjustment
   720                    27.1468                    25.9537                    26.1960                    25.8921                    26.1969                     0.0000    Numeric_Adjustment
   721                    27.1349                    25.9409                    26.1828                    25.8778                    26.1969                     0.0000    Numeric_Adjustment
   722                    27.1347                    25.9428                    26.1843                    25.8802                    26.1984                     0.0000    Numeric_Adjustment
   723                    27.1345                    25.9428                    26.1843                    25.8802                    26.2000                     0.0000    Numeric_Adjustment
   724                    27.1226                    25.9428                    26.1843                    25.8802                    26.1859                     0.0000    Numeric_Adjustment
   725                    27.1108                    25.9428                    26.1843                    25.8660                    26.1859                     0.0000    Numeric_Adjustment
   726                    27.1310                    25.9705                    26.2113                    25.8971                    26.2148                     0.0000    Numeric_Adjustment
   727                    27.1352                    25.9779                    26.2113                    25.8971                    26.2222                     0.0000    Numeric_Adjustment
   728                    27.1350                    25.9798                    26.2127                    25.8971                    26.2237                     0.0000    Numeric_Adjustment
   729                    27.1348                    25.9817                    26.2142                    25.8994                    26.2252                     0.0000    Numeric_Adjustment
   730                    27.1505                    26.0037                    26.2355                    25.8994                    26.2481                     0.0000    Numeric_Adjustment
   731                    27.1387                    25.9909                    26.2224                    25.8852                    26.2340                     0.0000    Numeric_Adjustment
   732                    27.1270                    25.9909                    26.2094                    25.8712                    26.2201                     0.0000    Numeric_Adjustment
   733                    27.1268                    25.9909                    26.2094                    25.8735                    26.2201                     0.0000    Numeric_Adjustment
   734                    27.1151                    25.9909                    26.2094                    25.8595                    26.2201                     0.0000    Numeric_Adjustment
   735                    27.1034                    25.9909                    26.1964                    25.8595                    26.2062                     0.0000    Numeric_Adjustment
   736                    27.1191                    26.0128                    26.2176                    25.8841                    26.2288                     0.0000    Numeric_Adjustment
   737                    27.1074                    26.0000                    26.2047                    25.8702                    26.2288                     0.0000    Numeric_Adjustment
   738                    27.1074                    26.0000                    26.2047                    25.8702                    26.2150                     0.0000    Numeric_Adjustment
   739                    27.1230                    26.0000                    26.2258                    25.8947                    26.2375                     0.0000    Numeric_Adjustment
   740                    27.1229                    26.0000                    26.2272                    25.8947                    26.2390                     0.0000    Numeric_Adjustment
   741                    27.0927                    25.9637                    26.1911                    25.8545                    26.2390                     0.0000    Numeric_Adjustment
   742                    27.0812                    25.9511                    26.1783                    25.8407                    26.2390                     0.0000    Numeric_Adjustment
   743                    27.0853                    25.9511                    26.1783                    25.8491                    26.2462                     0.0000    Numeric_Adjustment
   744                    27.0853                    25.9511                    26.1783                    25.8353                    26.2324                     0.0000    Numeric_Adjustment
   745                    27.0853                    25.9511                    26.1851                    25.8353                    26.2395                     0.0000    Numeric_Adjustment
   746                    27.0739                    25.9511                    26.1851                    25.8353                    26.2258                     0.0000    Numeric_Adjustment
   747                    27.0738                    25.9530                    26.1865                    25.8353                    26.2273                     0.0000    Numeric_Adjustment
   748                    27.0737                    25.9549                    26.1865                    25.8353                    26.2287                     0.0000    Numeric_Adjustment
   749                    27.0778                    25.9622                    26.1933                    25.8353                    26.2287                     0.0000    Numeric_Adjustment
   750                    27.0777                    25.9640                    26.1947                    25.8377                    26.2302                     0.0000    Numeric_Adjustment
   751                    27.0818                    25.9713                    26.2014                    25.8460                    26.2373                     0.0000    Numeric_Adjustment
   752                    27.0818                    25.9713                    26.2187                    25.8460                    26.2373                     0.0000    Numeric_Adjustment
   753                    27.0859                    25.9785                    26.2254                    25.8543                    26.2444                     0.0000    Numeric_Adjustment
   754                    27.0900                    25.9857                    26.2320                    25.8625                    26.2514                     0.0000    Numeric_Adjustment
   755                    27.1208                    25.9857                    26.2320                    25.8625                    26.2940                     0.0000    Numeric_Adjustment
   756                    27.1248                    25.9857                    26.2320                    25.8625                    26.2940                     0.0000    Numeric_Adjustment
   757                    27.1289                    25.9857                    26.2386                    25.8708                    26.2940                     0.0000    Numeric_Adjustment
   758                    27.1287                    25.9875                    26.2386                    25.8708                    26.2940                     0.0000    Numeric_Adjustment
   759                    27.1173                    25.9875                    26.2386                    25.8708                    26.2804                     0.0000    Numeric_Adjustment
   760                    27.1060                    25.9875                    26.2259                    25.8571                    26.2668                     0.0000    Numeric_Adjustment
   761                    27.0947                    25.9875                    26.2259                    25.8571                    26.2533                     0.0000    Numeric_Adjustment
   762                    27.0946                    25.9893                    26.2273                    25.8594                    26.2533                     0.0000    Numeric_Adjustment
   763                    27.0944                    25.9911                    26.2286                    25.8617                    26.2546                     0.0000    Numeric_Adjustment
   764                    27.0985                    25.9911                    26.2286                    25.8698                    26.2616                     0.0000    Numeric_Adjustment
   765                    27.0983                    25.9929                    26.2300                    25.8720                    26.2630                     0.0000    Numeric_Adjustment
   766                    27.0871                    25.9805                    26.2300                    25.8720                    26.2495                     0.0000    Numeric_Adjustment
   767                    27.0871                    25.9805                    26.2365                    25.8720                    26.2495                     0.0000    Numeric_Adjustment
   768                    27.1022                    26.0018                    26.2365                    25.8720                    26.2712                     0.0000    Numeric_Adjustment
   769                    27.1062                    26.0088                    26.2365                    25.8720                    26.2781                     0.0000    Numeric_Adjustment
   770                    27.1062                    26.0088                    26.2365                    25.8720                    26.2849                     0.0000    Numeric_Adjustment
   771                    27.0923                    25.9929                    26.2205                    25.8546                    26.2679                     0.0000    Numeric_Adjustment
   772                    27.0812                    25.9929                    26.2080                    25.8412                    26.2679                     0.0000    Numeric_Adjustment
   773                    27.0701                    25.9806                    26.1955                    25.8412                    26.2546                     0.0000    Numeric_Adjustment
   774                    27.0741                    25.9877                    26.2021                    25.8412                    26.2614                     0.0000    Numeric_Adjustment
   775                    27.0740                    25.9895                    26.2034                    25.8434                    26.2614                     0.0000    Numeric_Adjustment
   776                    27.0629                    25.9895                    26.1910                    25.8434                    26.2482                     0.0000    Numeric_Adjustment
   777                    27.0779                    26.0105                    26.2113                    25.8672                    26.2696                     0.0000    Numeric_Adjustment
   778                    27.0819                    26.0175                    26.2178                    25.8752                    26.2764                     0.0000    Numeric_Adjustment
   779                    27.0858                    26.0244                    26.2243                    25.8833                    26.2831                     0.0000    Numeric_Adjustment
   780                    27.0748                    26.0244                    26.2120                    25.8833                    26.2831                     0.0000    Numeric_Adjustment
   781                    27.0639                    26.0122                    26.2120                    25.8699                    26.2831                     0.0000    Numeric_Adjustment
   782                    27.0787                    26.0330                    26.2120                    25.8934                    26.2831                     0.0000    Numeric_Adjustment
   783                    27.0787                    26.0330                    26.2120                    25.9168                    26.2831                     0.0000    Numeric_Adjustment
   784                    27.0827                    26.0399                    26.2120                    25.9168                    26.2899                     0.0000    Numeric_Adjustment
   785                    27.0827                    26.0416                    26.2120                    25.9168                    26.2899                     0.0000    Numeric_Adjustment
   786                    27.0866                    26.0484                    26.2184                    25.9168                    26.2966                     0.0000    Numeric_Adjustment
   787                    27.0865                    26.0484                    26.2198                    25.9189                    26.2978                     0.0000    Numeric_Adjustment
   788                    27.0864                    26.0501                    26.2198                    25.9189                    26.2991                     0.0000    Numeric_Adjustment
   789                    27.0903                    26.0569                    26.2262                    25.9268                    26.2991                     0.0000    Numeric_Adjustment
   790                    27.0902                    26.0585                    26.2275                    25.9288                    26.3004                     0.0000    Numeric_Adjustment
   791                    27.0901                    26.0585                    26.2288                    25.9288                    26.3016                     0.0000    Numeric_Adjustment
   792                    27.0901                    26.0464                    26.2288                    25.9155                    26.3016                     0.0000    Numeric_Adjustment
   793                    27.0617                    26.0120                    26.1946                    25.8774                    26.2652                     0.0000    Numeric_Adjustment
   794                    27.0657                    26.0188                    26.2010                    25.8853                    26.2652                     0.0000    Numeric_Adjustment
   795                    27.0549                    26.0188                    26.1889                    25.8721                    26.2522                     0.0000    Numeric_Adjustment
   796                    27.0267                    25.9846                    26.1549                    25.8343                    26.2161                     0.0000    Numeric_Adjustment
   797                    27.0267                    25.9846                    26.1549                    25.8365                    26.2175                     0.0000    Numeric_Adjustment
   798                    27.0307                    25.9915                    26.1613                    25.8444                    26.2175                     0.0000    Numeric_Adjustment
   799                    27.0453                    25.9915                    26.1812                    25.8444                    26.2175                     0.0000    Numeric_Adjustment
   800                    27.0598                    26.0119                    26.2010                    25.8674                    26.2175                     0.0000    Numeric_Adjustment
   801                    27.0637                    26.0119                    26.2010                    25.8674                    26.2175                     0.0000    Numeric_Adjustment
   802                    27.0676                    26.0119                    26.2010                    25.8674                    26.2175                     0.0000    Numeric_Adjustment
   803                    27.0715                    26.0119                    26.2010                    25.8752                    26.2175                     0.0000    Numeric_Adjustment
   804                    27.0437                    26.0119                    26.1672                    25.8377                    26.1815                     0.0000    Numeric_Adjustment
   805                    27.0476                    26.0119                    26.1736                    25.8456                    26.1815                     0.0000    Numeric_Adjustment
   806                    27.0515                    26.0187                    26.1800                    25.8534                    26.1815                     0.0000    Numeric_Adjustment
   807                    27.0659                    26.0390                    26.1997                    25.8762                    26.2025                     0.0000    Numeric_Adjustment
   808                    27.0697                    26.0458                    26.1997                    25.8839                    26.2092                     0.0000    Numeric_Adjustment
   809                    27.0591                    26.0338                    26.1877                    25.8710                    26.1965                     0.0000    Numeric_Adjustment
   810                    27.0591                    26.0355                    26.1891                    25.8731                    26.1979                     0.0000    Numeric_Adjustment
   811                    27.0485                    26.0236                    26.1891                    25.8731                    26.1979                     0.0000    Numeric_Adjustment
   812                    27.0380                    26.0118                    26.1891                    25.8731                    26.1979                     0.0000    Numeric_Adjustment
   813                    27.0418                    26.0185                    26.1954                    25.8808                    26.2046                     0.0000    Numeric_Adjustment
   814                    27.0457                    26.0252                    26.2017                    25.8885                    26.2046                     0.0000    Numeric_Adjustment
   815                    27.0495                    26.0318                    26.2017                    25.8961                    26.2046                     0.0000    Numeric_Adjustment
   816                    27.0391                    26.0201                    26.1898                    25.8961                    26.2046                     0.0000    Numeric_Adjustment
   817                    27.0390                    26.0217                    26.1911                    25.8981                    26.2060                     0.0000    Numeric_Adjustment
   818                    27.0286                    26.0100                    26.1793                    25.8854                    26.1933                     0.0000    Numeric_Adjustment
   819                    27.0324                    26.0166                    26.1856                    25.8930                    26.2000                     0.0000    Numeric_Adjustment
   820                    27.0220                    26.0050                    26.1738                    25.8803                    26.2000                     0.0000    Numeric_Adjustment
   821                    27.0259                    26.0050                    26.1738                    25.8879                    26.2067                     0.0000    Numeric_Adjustment
   822                    27.0258                    26.0066                    26.1751                    25.8899                    26.2080                     0.0000    Numeric_Adjustment
   823                    27.0026                    25.9785                    26.1471                    25.8899                    26.1780                     0.0000    Numeric_Adjustment
   824                    26.9794                    25.9785                    26.1471                    25.8899                    26.1780                     0.0000    Numeric_Adjustment
   825                    26.9562                    25.9504                    26.1191                    25.8590                    26.1481                     0.0000    Numeric_Adjustment
   826                    26.9562                    25.9208                    26.1191                    25.8590                    26.1165                     0.0000    Numeric_Adjustment
   827                    26.9319                    25.8913                    26.0896                    25.8263                    26.0851                     0.0000    Numeric_Adjustment
   828                    26.8999                    25.8520                    26.0504                    25.7828                    26.0433                     0.0000    Numeric_Adjustment
   829                    26.8782                    25.8259                    26.0244                    25.7541                    26.0156                     0.0000    Numeric_Adjustment
   830                    26.8566                    25.8000                    25.9984                    25.7255                    25.9879                     0.0000    Numeric_Adjustment
   831                    26.8325                    25.7709                    25.9984                    25.6933                    25.9879                     0.0000    Numeric_Adjustment
   832                    26.8110                    25.7451                    25.9725                    25.6649                    25.9603                     0.0000    Numeric_Adjustment
   833                    26.7895                    25.7194                    25.9467                    25.6365                    25.9329                     0.0000    Numeric_Adjustment
   834                    26.7656                    25.6906                    25.9177                    25.6365                    25.9021                     0.0000    Numeric_Adjustment
   835                    26.7443                    25.6650                    25.8921                    25.6083                    25.8748                     0.0000    Numeric_Adjustment
   836                    26.7230                    25.6396                    25.8921                    25.6083                    25.8748                     0.0000    Numeric_Adjustment
   837                    26.6992                    25.6110                    25.8633                    25.5766                    25.8748                     0.0000    Numeric_Adjustment
   838                    26.6755                    25.5825                    25.8347                    25.5450                    25.8442                     0.0000    Numeric_Adjustment
   839                    26.6532                    25.5557                    25.8077                    25.5153                    25.8154                     0.0000    Numeric_Adjustment
   840                    26.6271                    25.5242                    25.7760                    25.4803                    25.7816                     0.0000    Numeric_Adjustment
   841                    26.6061                    25.4992                    25.7508                    25.4803                    25.7547                     0.0000    Numeric_Adjustment
   842                    26.5826                    25.4992                    25.7508                    25.4803                    25.7245                     0.0000    Numeric_Adjustment
   843                    26.5826                    25.4711                    25.7225                    25.4803                    25.6944                     0.0000    Numeric_Adjustment
   844                    26.5592                    25.4711                    25.7225                    25.4803                    25.6644                     0.0000    Numeric_Adjustment
   845                    26.5358                    25.4430                    25.7225                    25.4490                    25.6644                     0.0000    Numeric_Adjustment
   846                    26.5138                    25.4167                    25.6959                    25.4196                    25.6362                     0.0000    Numeric_Adjustment
   847                    26.4906                    25.4167                    25.6959                    25.4196                    25.6362                     0.0000    Numeric_Adjustment
   848                    26.4599                    25.3792                    25.6582                    25.3779                    25.5963                     0.0000    Numeric_Adjustment
   849                    26.4368                    25.3792                    25.6302                    25.3470                    25.5963                     0.0000    Numeric_Adjustment
   850                    26.4537                    25.4026                    25.6529                    25.3730                    25.6206                     0.0000    Numeric_Adjustment
   851                    26.4307                    25.3748                    25.6250                    25.3422                    25.6206                     0.0000    Numeric_Adjustment
   852                    26.4090                    25.3487                    25.5987                    25.3133                    25.5926                     0.0000    Numeric_Adjustment
   853                    26.3885                    25.3243                    25.5987                    25.2862                    25.5664                     0.0000    Numeric_Adjustment
   854                    26.3682                    25.3000                    25.5987                    25.2593                    25.5664                     0.0000    Numeric_Adjustment
   855                    26.3379                    25.2631                    25.5615                    25.2183                    25.5268                     0.0000    Numeric_Adjustment
   856                    26.3151                    25.2358                    25.5615                    25.2183                    25.4975                     0.0000    Numeric_Adjustment
   857                    26.2949                    25.2117                    25.5370                    25.1916                    25.4716                     0.0000    Numeric_Adjustment
   858                    26.2723                    25.2117                    25.5094                    25.1916                    25.4716                     0.0000    Numeric_Adjustment
   859                    26.2522                    25.1877                    25.4851                    25.1649                    25.4457                     0.0000    Numeric_Adjustment
   860                    26.2522                    25.1877                    25.4577                    25.1649                    25.4167                     0.0000    Numeric_Adjustment
   861                    26.2522                    25.1606                    25.4304                    25.1649                    25.3877                     0.0000    Numeric_Adjustment
   862                    26.2309                    25.1352                    25.4047                    25.1366                    25.3877                     0.0000    Numeric_Adjustment
   863                    26.2084                    25.1083                    25.3775                    25.1066                    25.3588                     0.0000    Numeric_Adjustment
   864                    26.1872                    25.0831                    25.3520                    25.0785                    25.3588                     0.0000    Numeric_Adjustment
   865                    26.1648                    25.0563                    25.3250                    25.0488                    25.3588                     0.0000    Numeric_Adjustment
   866                    26.1425                    25.0297                    25.3250                    25.0191                    25.3300                     0.0000    Numeric_Adjustment
   867                    26.1202                    25.0031                    25.2981                    25.0191                    25.3013                     0.0000    Numeric_Adjustment
   868                    26.1091                    24.9907                    25.2853                    25.0191                    25.2876                     0.0000    Numeric_Adjustment
   869                    26.1091                    24.9907                    25.2853                    24.9896                    25.2876                     0.0000    Numeric_Adjustment
   870                    26.0881                    24.9658                    25.2601                    24.9619                    25.2607                     0.0000    Numeric_Adjustment
   871                    26.0660                    24.9394                    25.2334                    24.9619                    25.2323                     0.0000    Numeric_Adjustment
   872                    26.0366                    24.9039                    25.1975                    24.9221                    25.1941                     0.0000    Numeric_Adjustment
   873                    26.0171                    24.8808                    25.1741                    24.8964                    25.1691                     0.0000    Numeric_Adjustment
   874                    25.9878                    24.8454                    25.1385                    24.8569                    25.1311                     0.0000    Numeric_Adjustment
   875                    25.9586                    24.8102                    25.1029                    24.8176                    25.0933                     0.0000    Numeric_Adjustment
   876                    25.9295                    24.7750                    25.0675                    24.7784                    25.0556                     0.0000    Numeric_Adjustment
   877                    25.9102                    24.7750                    25.0444                    24.7530                    25.0556                     0.0000    Numeric_Adjustment
   878                    25.8909                    24.7523                    25.0214                    24.7277                    25.0310                     0.0000    Numeric_Adjustment
   879                    25.8717                    24.7296                    24.9985                    24.7026                    25.0065                     0.0000    Numeric_Adjustment
   880                    25.8428                    24.6948                    24.9634                    24.6638                    25.0065                     0.0000    Numeric_Adjustment
   881                    25.8599                    24.7182                    24.9863                    24.6899                    25.0309                     0.0000    Numeric_Adjustment
   882                    25.8311                    24.7182                    24.9863                    24.6514                    25.0309                     0.0000    Numeric_Adjustment
   883                    25.8024                    24.6835                    24.9514                    24.6514                    24.9935                     0.0000    Numeric_Adjustment
   884                    25.7738                    24.6835                    24.9165                    24.6129                    24.9562                     0.0000    Numeric_Adjustment
   885                    25.7738                    24.6835                    24.9165                    24.6129                    24.9191                     0.0000    Numeric_Adjustment
   886                    25.7738                    24.6489                    24.9165                    24.5746                    24.9191                     0.0000    Numeric_Adjustment
   887                    25.7452                    24.6143                    24.8818                    24.5364                    24.8821                     0.0000    Numeric_Adjustment
   888                    25.7167                    24.5799                    24.8472                    24.4983                    24.8821                     0.0000    Numeric_Adjustment
   889                    25.7167                    24.5799                    24.8472                    24.4983                    24.8452                     0.0000    Numeric_Adjustment
   890                    25.6882                    24.5456                    24.8127                    24.4604                    24.8084                     0.0000    Numeric_Adjustment
   891                    25.6671                    24.5205                    24.7873                    24.4604                    24.7814                     0.0000    Numeric_Adjustment
   892                    25.6435                    24.4924                    24.7590                    24.4293                    24.7512                     0.0000    Numeric_Adjustment
   893                    25.6225                    24.4675                    24.7590                    24.4017                    24.7244                     0.0000    Numeric_Adjustment
   894                    25.6014                    24.4675                    24.7338                    24.4017                    24.7244                     0.0000    Numeric_Adjustment
   895                    25.5805                    24.4426                    24.7087                    24.4017                    24.6976                     0.0000    Numeric_Adjustment
   896                    25.5595                    24.4426                    24.7087                    24.4017                    24.6976                     0.0000    Numeric_Adjustment
   897                    25.5386                    24.4426                    24.7087                    24.4017                    24.6709                     0.0000    Numeric_Adjustment
   898                    25.5178                    24.4426                    24.7087                    24.4017                    24.6443                     0.0000    Numeric_Adjustment
   899                    25.5136                    24.4426                    24.7087                    24.4017                    24.6443                     0.0000    Numeric_Adjustment
   900                    25.4870                    24.4103                    24.6762                    24.3658                    24.6099                     0.0000    Numeric_Adjustment
   901                    25.4639                    24.4103                    24.6482                    24.3658                    24.6099                     0.0000    Numeric_Adjustment
   902                    25.4639                    24.4103                    24.6233                    24.3658                    24.5835                     0.0000    Numeric_Adjustment
   903                    25.4433                    24.3855                    24.6233                    24.3658                    24.5835                     0.0000    Numeric_Adjustment
   904                    25.4203                    24.3579                    24.6233                    24.3658                    24.5835                     0.0000    Numeric_Adjustment
   905                    25.3998                    24.3579                    24.6233                    24.3658                    24.5571                     0.0000    Numeric_Adjustment
   906                    25.3828                    24.3378                    24.6233                    24.3658                    24.5571                     0.0000    Numeric_Adjustment
   907                    25.3624                    24.3378                    24.5985                    24.3658                    24.5571                     0.0000    Numeric_Adjustment
   908                    25.3455                    24.3178                    24.5985                    24.3658                    24.5571                     0.0000    Numeric_Adjustment
   909                    25.3228                    24.2904                    24.5985                    24.3658                    24.5571                     0.0000    Numeric_Adjustment
   910                    25.3025                    24.2661                    24.5738                    24.3658                    24.5309                     0.0000    Numeric_Adjustment
   911                    25.2822                    24.2418                    24.5491                    24.3658                    24.5309                     0.0000    Numeric_Adjustment
   912                    25.2620                    24.2176                    24.5491                    24.3384                    24.5309                     0.0000    Numeric_Adjustment
   913                    25.2395                    24.1905                    24.5215                    24.3384                    24.5309                     0.0000    Numeric_Adjustment
   914                    25.2170                    24.1634                    24.5215                    24.3384                    24.5309                     0.0000    Numeric_Adjustment
   915                    25.1970                    24.1395                    24.4970                    24.3110                    24.5047                     0.0000    Numeric_Adjustment
   916                    25.1769                    24.1156                    24.4726                    24.2838                    24.4787                     0.0000    Numeric_Adjustment
   917                    25.1570                    24.1156                    24.4726                    24.2838                    24.4527                     0.0000    Numeric_Adjustment
   918                    25.1370                    24.0917                    24.4482                    24.2838                    24.4527                     0.0000    Numeric_Adjustment
   919                    25.1172                    24.0917                    24.4482                    24.2838                    24.4527                     0.0000    Numeric_Adjustment
   920                    25.0950                    24.0917                    24.4482                    24.2838                    24.4527                     0.0000    Numeric_Adjustment
   921                    25.0729                    24.0917                    24.4210                    24.2838                    24.4527                     0.0000    Numeric_Adjustment
   922                    25.0532                    24.0679                    24.3968                    24.2838                    24.4268                     0.0000    Numeric_Adjustment
   923                    25.0532                    24.0442                    24.3968                    24.2838                    24.4009                     0.0000    Numeric_Adjustment
   924                    25.0335                    24.0442                    24.3968                    24.2838                    24.3752                     0.0000    Numeric_Adjustment
   925                    25.0138                    24.0206                    24.3726                    24.2567                    24.3752                     0.0000    Numeric_Adjustment
   926                    24.9942                    23.9971                    24.3485                    24.2567                    24.3752                     0.0000    Numeric_Adjustment
   927                    24.9724                    23.9971                    24.3216                    24.2567                    24.3752                     0.0000    Numeric_Adjustment
   928                    24.9529                    23.9736                    24.3216                    24.2567                    24.3752                     0.0000    Numeric_Adjustment
   929                    24.9529                    23.9736                    24.2977                    24.2567                    24.3495                     0.0000    Numeric_Adjustment
   930                    24.9311                    23.9472                    24.2709                    24.2567                    24.3495                     0.0000    Numeric_Adjustment
   931                    24.9117                    23.9472                    24.2471                    24.2567                    24.3495                     0.0000    Numeric_Adjustment
   932                    24.8923                    23.9239                    24.2471                    24.2567                    24.3495                     0.0000    Numeric_Adjustment
   933                    24.8730                    23.9239                    24.2234                    24.2567                    24.3495                     0.0000    Numeric_Adjustment
   934                    24.8537                    23.9239                    24.2234                    24.2567                    24.3495                     0.0000    Numeric_Adjustment
   935                    24.8322                    23.8977                    24.1968                    24.2567                    24.3495                     0.0000    Numeric_Adjustment
   936                    24.8130                    23.8977                    24.1732                    24.2296                    24.3495                     0.0000    Numeric_Adjustment
   937                    24.7938                    23.8745                    24.1497                    24.2296                    24.3495                     0.0000    Numeric_Adjustment
   938                    24.7938                    23.8513                    24.1497                    24.2027                    24.3495                     0.0000    Numeric_Adjustment
   939                    24.7747                    23.8282                    24.1263                    24.2027                    24.3239                     0.0000    Numeric_Adjustment
   940                    24.7557                    23.8282                    24.1029                    24.2027                    24.3239                     0.0000    Numeric_Adjustment
   941                    24.7367                    23.8052                    24.1029                    24.1758                    24.3239                     0.0000    Numeric_Adjustment
   942                    24.7177                    23.8052                    24.1029                    24.1758                    24.2984                     0.0000    Numeric_Adjustment
   943                    24.7055                    23.7910                    24.1029                    24.1589                    24.2984                     0.0000    Numeric_Adjustment
   944                    24.6867                    23.7681                    24.1029                    24.1589                    24.2984                     0.0000    Numeric_Adjustment
   945                    24.6678                    23.7453                    24.0796                    24.1322                    24.2730                     0.0000    Numeric_Adjustment
   946                    24.6490                    23.7225                    24.0564                    24.1322                    24.2730                     0.0000    Numeric_Adjustment
   947                    24.6302                    23.6999                    24.0332                    24.1322                    24.2477                     0.0000    Numeric_Adjustment
   948                    24.6115                    23.6999                    24.0101                    24.1322                    24.2224                     0.0000    Numeric_Adjustment
   949                    24.5928                    23.6999                    24.0101                    24.1322                    24.1972                     0.0000    Numeric_Adjustment
   950                    24.5928                    23.6999                    24.0101                    24.1056                    24.1972                     0.0000    Numeric_Adjustment
   951                    24.5719                    23.6744                    24.0101                    24.1056                    24.1972                     0.0000    Numeric_Adjustment
   952                    24.5533                    23.6518                    23.9871                    24.0791                    24.1721                     0.0000    Numeric_Adjustment
   953                    24.5348                    23.6293                    23.9871                    24.0791                    24.1471                     0.0000    Numeric_Adjustment
   954                    24.5162                    23.6293                    23.9871                    24.0791                    24.1471                     0.0000    Numeric_Adjustment
   955                    24.4978                    23.6069                    23.9871                    24.0526                    24.1471                     0.0000    Numeric_Adjustment
   956                    24.4793                    23.5845                    23.9871                    24.0526                    24.1471                     0.0000    Numeric_Adjustment
   957                    24.4609                    23.5622                    23.9871                    24.0263                    24.1471                     0.0000    Numeric_Adjustment
   958                    24.4426                    23.5622                    23.9871                    24.0263                    24.1471                     0.0000    Numeric_Adjustment
   959                    24.4426                    23.5622                    23.9871                    24.0263                    24.1471                     0.0000    Numeric_Adjustment
   960                    24.4243                    23.5400                    23.9641                    24.0000                    24.1471                     0.0000    Numeric_Adjustment
   961                    24.4060                    23.5400                    23.9412                    23.9738                    24.1471                     0.0000    Numeric_Adjustment
   962                    24.3878                    23.5400                    23.9183                    23.9738                    24.1471                     0.0000    Numeric_Adjustment
   963                    24.3696                    23.5400                    23.8956                    23.9738                    24.1221                     0.0000    Numeric_Adjustment
   964                    24.3514                    23.5178                    23.8729                    23.9477                    24.1221                     0.0000    Numeric_Adjustment
   965                    24.3333                    23.5178                    23.8502                    23.9477                    24.1221                     0.0000    Numeric_Adjustment
   966                    24.3153                    23.4957                    23.8502                    23.9217                    24.1221                     0.0000    Numeric_Adjustment
   967                    24.2972                    23.4957                    23.8502                    23.9217                    24.0972                     0.0000    Numeric_Adjustment
   968                    24.2837                    23.4794                    23.8333                    23.9023                    24.0786                     0.0000    Numeric_Adjustment
   969                    24.2657                    23.4794                    23.8333                    23.9023                    24.0786                     0.0000    Numeric_Adjustment
   970                    24.2478                    23.4794                    23.8333                    23.9023                    24.0786                     0.0000    Numeric_Adjustment
   971                    24.2299                    23.4794                    23.8333                    23.9023                    24.0786                     0.0000    Numeric_Adjustment
   972                    24.2099                    23.4545                    23.8080                    23.9023                    24.0786                     0.0000    Numeric_Adjustment
   973                    24.1921                    23.4545                    23.8080                    23.8764                    24.0786                     0.0000    Numeric_Adjustment
   974                    24.1743                    23.4545                    23.8080                    23.8506                    24.0786                     0.0000    Numeric_Adjustment
   975                    24.1566                    23.4545                    23.7855                    23.8506                    24.0786                     0.0000    Numeric_Adjustment
   976                    24.1368                    23.4298                    23.7855                    23.8506                    24.0786                     0.0000    Numeric_Adjustment
   977                    24.1368                    23.4298                    23.7603                    23.8217                    24.0786                     0.0000    Numeric_Adjustment
   978                    24.1191                    23.4298                    23.7603                    23.7961                    24.0786                     0.0000    Numeric_Adjustment
   979                    24.1015                    23.4298                    23.7380                    23.7961                    24.0786                     0.0000    Numeric_Adjustment
   980                    24.0840                    23.4079                    23.7157                    23.7961                    24.0538                     0.0000    Numeric_Adjustment
   981                    24.0664                    23.4079                    23.7157                    23.7961                    24.0292                     0.0000    Numeric_Adjustment
   982                    24.0490                    23.4079                    23.7157                    23.7961                    24.0046                     0.0000    Numeric_Adjustment
   983                    24.0315                    23.4079                    23.7157                    23.7706                    24.0046                     0.0000    Numeric_Adjustment
   984                    24.0119                    23.4079                    23.6907                    23.7706                    24.0046                     0.0000    Numeric_Adjustment
   985                    23.9946                    23.4079                    23.6685                    23.7706                    24.0046                     0.0000    Chunk_Overwrite
   986                    23.9772                    23.4079                    23.6465                    23.7706                    23.9801                     0.0000    Chunk_Overwrite
   987                    23.9578                    23.4079                    23.6217                    23.7706                    23.9801                     0.0000    Chunk_Overwrite
   988                    23.9405                    23.4079                    23.5997                    23.7452                    23.9801                     0.0000    Chunk_Overwrite
   989                    23.9212                    23.4079                    23.5750                    23.7452                    23.9526                     0.0000    Chunk_Overwrite
   990                    23.9212                    23.3861                    23.5532                    23.7198                    23.9526                     0.0000    Chunk_Overwrite
   991                    23.9040                    23.3644                    23.5315                    23.6945                    23.9282                     0.0000    Chunk_Overwrite
   992                    23.8847                    23.3399                    23.5070                    23.6945                    23.9282                     0.0000    Chunk_Overwrite
   993                    23.8676                    23.3183                    23.5070                    23.6945                    23.9282                     0.0000    Chunk_Overwrite
   994                    23.8676                    23.3183                    23.4854                    23.6945                    23.9282                     0.0000    Chunk_Overwrite
   995                    23.8430                    23.2869                    23.4540                    23.6581                    23.8933                     0.0000    Chunk_Overwrite
   996                    23.8260                    23.2869                    23.4325                    23.6581                    23.8691                     0.0000    Chunk_Overwrite
   997                    23.8090                    23.2869                    23.4325                    23.6330                    23.8691                     0.0000    Chunk_Overwrite
   998                    23.7921                    23.2869                    23.4325                    23.6080                    23.8691                     0.0000    Chunk_Overwrite
   999                    23.7752                    23.2654                    23.4325                    23.6080                    23.8450                     0.0000    Chunk_Overwrite
  1000                    23.7561                    23.2654                    23.4083                    23.6080                    23.8450                     0.0000    Chunk_Overwrite
  1001                    23.7561                    23.2654                    23.4083                    23.6080                    23.8209                     0.0000    Chunk_Overwrite
  1002                    23.7393                    23.2440                    23.3870                    23.5831                    23.7970                     0.0000    Chunk_Overwrite
  1003                    23.7225                    23.2227                    23.3870                    23.5831                    23.7970                     0.0000    Chunk_Overwrite
  1004                    23.7058                    23.2227                    23.3870                    23.5831                    23.7731                     0.0000    Chunk_Overwrite
  1005                    23.6890                    23.2014                    23.3657                    23.5582                    23.7731                     0.0000    Chunk_Overwrite
  1006                    23.6723                    23.1802                    23.3657                    23.5582                    23.7492                     0.0000    Chunk_Overwrite
  1007                    23.6557                    23.1802                    23.3657                    23.5582                    23.7492                     0.0000    Chunk_Overwrite
  1008                    23.6391                    23.1590                    23.3444                    23.5334                    23.7255                     0.0000    Chunk_Overwrite
  1009                    23.6225                    23.1379                    23.3232                    23.5334                    23.7018                     0.0000    Chunk_Overwrite
  1010                    23.6059                    23.1379                    23.3021                    23.5087                    23.7018                     0.0000    Chunk_Overwrite
  1011                    23.5894                    23.1379                    23.2810                    23.5087                    23.6782                     0.0000    Chunk_Overwrite
  1012                    23.5894                    23.1140                    23.2572                    23.5087                    23.6782                     0.0000    Chunk_Overwrite
  1013                    23.5729                    23.1140                    23.2572                    23.5087                    23.6782                     0.0000    Chunk_Overwrite
  1014                    23.5565                    23.0931                    23.2363                    23.5087                    23.6547                     0.0000    Chunk_Overwrite
  1015                    23.5401                    23.0721                    23.2363                    23.4841                    23.6312                     0.0000    Chunk_Overwrite
  1016                    23.5237                    23.0512                    23.2154                    23.4841                    23.6078                     0.0000    Chunk_Overwrite
  1017                    23.5053                    23.0277                    23.2154                    23.4841                    23.6078                     0.0000    Chunk_Overwrite
  1018                    23.4890                    23.0277                    23.2154                    23.4596                    23.5845                     0.0000    Chunk_Overwrite
  1019                    23.4727                    23.0069                    23.1945                    23.4351                    23.5612                     0.0000    Chunk_Overwrite
  1020                    23.4565                    22.9862                    23.1737                    23.4351                    23.5380                     0.0000    Chunk_Overwrite
  1021                    23.4403                    22.9862                    23.1530                    23.4351                    23.5149                     0.0000    Chunk_Overwrite
  1022                    23.4241                    22.9862                    23.1530                    23.4351                    23.4918                     0.0000    Chunk_Overwrite
  1023                    23.4079                    22.9862                    23.1530                    23.4351                    23.4688                     0.0000    Chunk_Overwrite
  1024                    23.3918                    22.9656                    23.1323                    23.4107                    23.4459                     0.0000    Chunk_Overwrite
  1025                    23.3758                    22.9450                    23.1117                    23.4107                    23.4231                     0.0000    Chunk_Overwrite
  1026                    23.3758                    22.9450                    23.0912                    23.4107                    23.4003                     0.0000    Local_Reuse
  1027                    23.3597                    22.9245                    23.0707                    23.3864                    23.3776                     0.0000    Local_Reuse
  1028                    23.3438                    22.9040                    23.0502                    23.3622                    23.3549                     0.0000    Local_Reuse
  1029                    23.3278                    22.8836                    23.0502                    23.3381                    23.3549                     0.0000    Chunk_Overwrite
  1030                    23.3119                    22.8632                    23.0298                    23.3381                    23.3549                     0.0000    Chunk_Overwrite
  1031                    23.2939                    22.8402                    23.0068                    23.3381                    23.3549                     0.0000    Chunk_Overwrite
  1032                    23.2780                    22.8402                    22.9865                    23.3381                    23.3549                     0.0000    Chunk_Overwrite
  1033                    23.2780                    22.8199                    22.9663                    23.3381                    23.3549                     0.0000    Chunk_Overwrite
  1034                    23.2622                    22.7997                    22.9663                    23.3381                    23.3324                     0.0000    Local_Reuse
  1035                    23.2578                    22.7946                    22.9609                    23.3381                    23.3324                     0.0000    Local_Reuse
  1036                    23.2534                    22.7946                    22.9556                    23.3312                    23.3260                     0.0000    Local_Reuse
  1037                    23.2376                    22.7745                    22.9355                    23.3312                    23.3035                     0.0000    Local_Reuse
  1038                    23.2219                    22.7745                    22.9154                    23.3312                    23.3035                     0.0000    Local_Reuse
  1039                    23.2062                    22.7544                    22.9154                    23.3072                    23.2811                     0.0000    Local_Reuse
  1040                    23.1905                    22.7344                    22.8954                    23.3072                    23.2588                     0.0000    Local_Reuse
  1041                    23.1749                    22.7344                    22.8954                    23.2833                    23.2588                     0.0000    Local_Reuse
  1042                    23.1593                    22.7344                    22.8954                    23.2594                    23.2365                     0.0000    Local_Reuse
  1043                    23.1437                    22.7145                    22.8755                    23.2594                    23.2365                     0.0000    Local_Reuse
  1044                    23.1221                    22.6865                    22.8476                    23.2262                    23.2055                     0.0000    Local_Reuse
  1045                    23.1221                    22.6865                    22.8476                    23.2025                    23.2055                     0.0000    Chunk_Overwrite
  1046                    23.1221                    22.6667                    22.8476                    23.1788                    23.2055                     0.0000    Chunk_Overwrite
  1047                    23.1066                    22.6469                    22.8278                    23.1788                    23.2055                     0.0000    Chunk_Overwrite
  1048                    23.0890                    22.6245                    22.8053                    23.1788                    23.2055                     0.0000    Chunk_Overwrite
  1049                    23.0798                    22.6129                    22.8053                    23.1788                    23.2055                     0.0000    Chunk_Overwrite
  1050                    23.0644                    22.6129                    22.7856                    23.1788                    23.1834                     0.0000    Chunk_Overwrite
  1051                    23.0490                    22.5933                    22.7856                    23.1788                    23.1834                     0.0000    Chunk_Overwrite
  1052                    23.0367                    22.5777                    22.7856                    23.1788                    23.1834                     0.0000    Chunk_Overwrite
  1053                    23.0367                    22.5777                    22.7856                    23.1553                    23.1834                     0.0000    Chunk_Overwrite
  1054                    23.0193                    22.5556                    22.7633                    23.1553                    23.1834                     0.0000    Chunk_Overwrite
  1055                    23.0041                    22.5556                    22.7437                    23.1318                    23.1834                     0.0000    Chunk_Overwrite
  1056                    22.9888                    22.5361                    22.7241                    23.1318                    23.1613                     0.0000    Chunk_Overwrite
  1057                    22.9736                    22.5167                    22.7046                    23.1084                    23.1393                     0.0000    Chunk_Overwrite
  1058                    22.9584                    22.5167                    22.7046                    23.1084                    23.1174                     0.0000    Chunk_Overwrite
  1059                    22.9584                    22.5173                    22.7050                    23.1084                    23.1174                     0.0000    Chunk_Overwrite
  1060                    22.9757                    22.5406                    22.7279                    23.1345                    23.1418                     0.0000    Chunk_Overwrite
  1061                    22.9929                    22.5406                    22.7507                    23.1345                    23.1662                     0.0000    Chunk_Overwrite
  1062                    22.9788                    22.5226                    22.7325                    23.1127                    23.1457                     0.0000    Chunk_Overwrite
  1063                    22.9960                    22.5226                    22.7553                    23.1387                    23.1457                     0.0000    Chunk_Overwrite
  1064                    23.0131                    22.5458                    22.7779                    23.1387                    23.1700                     0.0000    Chunk_Overwrite
  1065                    23.0575                    22.6048                    22.7779                    23.2062                    23.2331                     0.0000    Chunk_Overwrite
  1066                    23.0806                    22.6358                    22.8084                    23.2062                    23.2331                     0.0000    Chunk_Overwrite
  1067                    23.0976                    22.6587                    22.8309                    23.2320                    23.2572                     0.0000    Chunk_Overwrite
  1068                    23.1146                    22.6587                    22.8534                    23.2577                    23.2812                     0.0000    Chunk_Overwrite
  1069                    23.1586                    22.7173                    22.9111                    23.3247                    23.2812                     0.0000    Local_Reuse
  1070                    23.1414                    22.6953                    22.8890                    23.2982                    23.2564                     0.0000    Local_Reuse
  1071                    23.1283                    22.6785                    22.8722                    23.2779                    23.2375                     0.0000    Local_Reuse
  1072                    23.1451                    22.7013                    22.8945                    23.3034                    23.2614                     0.0000    Local_Reuse
  1073                    23.1620                    22.7240                    22.9168                    23.3288                    23.2853                     0.0000    Local_Reuse
  1074                    23.2058                    22.7822                    22.9740                    23.3951                    23.2853                     0.0000    Local_Reuse
  1075                    23.2058                    22.7822                    22.9740                    23.3951                    23.3091                     0.0000    Local_Reuse
  1076                    23.2226                    22.8047                    22.9740                    23.3951                    23.3329                     0.0000    Local_Reuse
  1077                    23.2393                    22.8047                    22.9740                    23.4203                    23.3329                     0.0000    Local_Reuse
  1078                    23.2560                    22.8047                    22.9740                    23.4203                    23.3565                     0.0000    Local_Reuse
  1079                    23.2428                    22.8047                    22.9572                    23.4000                    23.3376                     0.0000    Local_Reuse
  1080                    23.2863                    22.8047                    22.9572                    23.4660                    23.3376                     0.0000    Local_Reuse
  1081                    23.2731                    22.7880                    22.9404                    23.4660                    23.3187                     0.0000    Local_Reuse
  1082                    23.2897                    22.8105                    22.9625                    23.4909                    23.3187                     0.0000    Local_Reuse
  1083                    23.3062                    22.8105                    22.9845                    23.5158                    23.3187                     0.0000    Local_Reuse
  1084                    23.3062                    22.8105                    22.9845                    23.5813                    23.3187                     0.0000    Local_Reuse
  1085                    23.3228                    22.8329                    22.9845                    23.6060                    23.3423                     0.0000    Local_Reuse
  1086                    23.3096                    22.8162                    22.9677                    23.5856                    23.3423                     0.0000    Local_Reuse
  1087                    23.3261                    22.8385                    22.9897                    23.6102                    23.3423                     0.0000    Local_Reuse
  1088                    23.3261                    22.8609                    23.0116                    23.6347                    23.3423                     0.0000    Local_Reuse
  1089                    23.3425                    22.8831                    23.0334                    23.6592                    23.3658                     0.0000    Local_Reuse
  1090                    23.3590                    22.8831                    23.0334                    23.6592                    23.3658                     0.0000    Local_Reuse
  1091                    23.3754                    22.9053                    23.0552                    23.6836                    23.3658                     0.0000    Local_Reuse
  1092                    23.3917                    22.9275                    23.0769                    23.6836                    23.3893                     0.0000    Local_Reuse
  1093                    23.4081                    22.9495                    23.0986                    23.7079                    23.4127                     0.0000    Local_Reuse
  1094                    23.4430                    22.9961                    23.1445                    23.7604                    23.4127                     0.0000    Local_Reuse
  1095                    23.4298                    22.9794                    23.1277                    23.7400                    23.3938                     0.0000    Local_Reuse
  1096                    23.4461                    23.0013                    23.1492                    23.7641                    23.4171                     0.0000    Local_Reuse
  1097                    23.4329                    22.9846                    23.1325                    23.7437                    23.4171                     0.0000    Local_Reuse
  1098                    23.4188                    22.9846                    23.1145                    23.7437                    23.3969                     0.0000    Local_Reuse
  1099                    23.4047                    22.9846                    23.1145                    23.7437                    23.3768                     0.0000    Local_Reuse
  1100                    23.4047                    22.9846                    23.1145                    23.7678                    23.4000                     0.0000    Local_Reuse
  1101                    23.4209                    22.9846                    23.1360                    23.7917                    23.4232                     0.0000    Local_Reuse
  1102                    23.4429                    23.0141                    23.1650                    23.8245                    23.4547                     0.0000    Local_Reuse
  1103                    23.4854                    23.0706                    23.2205                    23.8881                    23.5153                     0.0000    Local_Reuse
  1104                    23.5015                    23.0923                    23.2418                    23.9118                    23.5382                     0.0000    Local_Reuse
  1105                    23.5438                    23.1485                    23.2971                    23.9118                    23.5986                     0.0000    Local_Reuse
  1106                    23.5306                    23.1485                    23.2803                    23.8913                    23.5798                     0.0000    Local_Reuse
  1107                    23.5573                    23.1841                    23.3153                    23.9311                    23.6177                     0.0000    Local_Reuse
  1108                    23.6052                    23.2478                    23.3778                    24.0029                    23.6860                     0.0000    Local_Reuse
  1109                    23.6211                    23.2691                    23.3778                    24.0263                    23.6860                     0.0000    Local_Reuse
  1110                    23.6370                    23.2904                    23.3987                    24.0263                    23.6860                     0.0000    Local_Reuse
  1111                    23.6789                    23.3461                    23.4535                    24.0263                    23.7459                     0.0000    Local_Reuse
  1112                    23.6947                    23.3672                    23.4743                    24.0496                    23.7683                     0.0000    Local_Reuse
  1113                    23.7471                    23.4365                    23.4743                    24.0496                    23.8430                     0.0000    Local_Reuse
  1114                    23.7811                    23.4365                    23.5188                    24.1006                    23.8430                     0.0000    Local_Reuse
  1115                    23.7669                    23.4183                    23.5006                    24.0786                    23.8226                     0.0000    Local_Reuse
  1116                    23.8008                    23.4183                    23.5450                    24.0786                    23.8709                     0.0000    Local_Reuse
  1117                    23.8452                    23.4772                    23.6030                    24.0786                    23.9342                     0.0000    Local_Reuse
  1118                    23.8790                    23.5221                    23.6471                    24.1294                    23.9342                     0.0000    Local_Reuse
  1119                    23.8944                    23.5429                    23.6675                    24.1294                    23.9342                     0.0000    Local_Reuse
  1120                    23.9099                    23.5637                    23.6878                    24.1524                    23.9342                     0.0000    Local_Reuse
  1121                    23.9310                    23.5919                    23.7155                    24.1841                    23.9342                     0.0000    Local_Reuse
  1122                    23.9464                    23.6126                    23.7155                    24.1841                    23.9562                     0.0000    Local_Reuse
  1123                    23.9464                    23.6126                    23.7357                    24.2069                    23.9562                     0.0000    Local_Reuse
  1124                    23.9618                    23.6332                    23.7559                    24.2298                    23.9781                     0.0000    Local_Reuse
  1125                    23.9933                    23.6750                    23.7970                    24.2771                    23.9781                     0.0000    Local_Reuse
  1126                    23.9790                    23.6566                    23.7787                    24.2550                    23.9577                     0.0000    Local_Reuse
  1127                    23.9943                    23.6771                    23.7988                    24.2777                    23.9795                     0.0000    Local_Reuse
  1128                    24.0095                    23.6975                    23.8187                    24.3003                    24.0014                     0.0000    Local_Reuse
  1129                    24.0504                    23.7516                    23.8719                    24.3003                    24.0599                     0.0000    Local_Reuse
  1130                    24.0504                    23.7516                    23.8719                    24.3003                    24.1182                     0.0000    Local_Reuse
  1131                    24.0837                    23.7955                    23.9151                    24.3501                    24.1182                     0.0000    Local_Reuse
  1132                    24.1168                    23.8394                    23.9582                    24.3997                    24.1655                     0.0000    Local_Reuse
  1133                    24.1499                    23.8394                    23.9582                    24.4492                    24.2127                     0.0000    Local_Reuse
  1134                    24.1905                    23.8930                    24.0110                    24.5100                    24.2127                     0.0000    Local_Reuse
  1135                    24.1905                    23.9130                    24.0110                    24.5321                    24.2127                     0.0000    Local_Reuse
  1136                    24.1905                    23.9566                    24.0110                    24.5321                    24.2127                     0.0000    Local_Reuse
  1137                    24.2055                    23.9765                    24.0306                    24.5321                    24.2341                     0.0000    Local_Reuse
  1138                    24.2384                    24.0198                    24.0734                    24.5812                    24.2811                     0.0000    Local_Reuse
  1139                    24.2713                    24.0630                    24.1161                    24.6302                    24.2811                     0.0000    Local_Reuse
  1140                    24.2861                    24.0827                    24.1161                    24.6302                    24.3023                     0.0000    Local_Reuse
  1141                    24.3264                    24.0827                    24.1161                    24.6302                    24.3598                     0.0000    Local_Reuse
  1142                    24.3412                    24.1023                    24.1355                    24.6520                    24.3809                     0.0000    Local_Reuse
  1143                    24.3412                    24.1219                    24.1355                    24.6520                    24.4019                     0.0000    Local_Reuse
  1144                    24.3738                    24.1648                    24.1355                    24.6520                    24.4483                     0.0000    Local_Reuse
  1145                    24.3885                    24.1648                    24.1549                    24.6738                    24.4692                     0.0000    Local_Reuse
  1146                    24.4032                    24.1843                    24.1742                    24.6738                    24.4900                     0.0000    Local_Reuse
  1147                    24.4178                    24.1843                    24.1742                    24.6738                    24.5107                     0.0000    Local_Reuse
  1148                    24.4043                    24.1669                    24.1569                    24.6530                    24.4913                     0.0000    Local_Reuse
  1149                    24.4442                    24.2194                    24.2090                    24.7129                    24.5480                     0.0000    Local_Reuse
  1150                    24.4766                    24.2619                    24.2512                    24.7613                    24.5480                     0.0000    Local_Reuse
  1151                    24.4911                    24.2812                    24.2703                    24.7828                    24.5686                     0.0000    Local_Reuse
  1152                    24.5234                    24.3236                    24.3123                    24.8310                    24.6144                     0.0000    Local_Reuse
  1153                    24.5378                    24.3236                    24.3313                    24.8523                    24.6348                     0.0000    Local_Reuse
  1154                    24.5522                    24.3427                    24.3502                    24.8523                    24.6552                     0.0000    Local_Reuse
  1155                    24.5918                    24.3946                    24.3502                    24.9115                    24.7113                     0.0000    Local_Reuse
  1156                    24.6313                    24.4465                    24.4017                    24.9705                    24.7672                     0.0000    Local_Reuse
  1157                    24.6456                    24.4465                    24.4017                    24.9916                    24.7672                     0.0000    Local_Reuse
  1158                    24.6599                    24.4654                    24.4205                    24.9916                    24.7873                     0.0000    Local_Reuse
  1159                    24.6453                    24.4654                    24.4019                    24.9916                    24.7665                     0.0000    Local_Reuse
  1160                    24.6596                    24.4654                    24.4019                    25.0126                    24.7665                     0.0000    Local_Reuse
  1161                    24.6596                    24.5073                    24.4019                    25.0601                    24.8116                     0.0000    Local_Reuse
  1162                    24.6738                    24.5261                    24.4207                    25.0809                    24.8316                     0.0000    Local_Reuse
  1163                    24.6602                    24.5085                    24.4034                    25.0599                    24.8121                     0.0000    Local_Reuse
  1164                    24.6744                    24.5272                    24.4221                    25.0599                    24.8320                     0.0000    Local_Reuse
  1165                    24.6608                    24.5097                    24.4048                    25.0389                    24.8126                     0.0000    Local_Reuse
  1166                    24.6750                    24.5283                    24.4234                    25.0389                    24.8325                     0.0000    Local_Reuse
  1167                    24.7066                    24.5699                    24.4648                    25.0861                    24.8771                     0.0000    Local_Reuse
  1168                    24.7207                    24.5699                    24.4833                    25.1068                    24.8969                     0.0000    Local_Reuse
  1169                    24.7652                    24.6282                    24.5411                    25.1731                    24.9596                     0.0000    Local_Reuse
  1170                    24.7792                    24.6466                    24.5411                    25.1731                    24.9596                     0.0000    Local_Reuse
  1171                    24.8107                    24.6879                    24.5821                    25.1731                    25.0039                     0.0000    Local_Reuse
  1172                    24.7961                    24.6691                    24.5636                    25.1508                    25.0039                     0.0000    Local_Reuse
  1173                    24.8349                    24.7198                    24.6140                    25.2086                    25.0585                     0.0000    Local_Reuse
  1174                    24.8735                    24.7198                    24.6140                    25.2086                    25.1130                     0.0000    Local_Reuse
  1175                    24.9048                    24.7198                    24.6548                    25.2552                    25.1130                     0.0000    Local_Reuse
  1176                    24.9186                    24.7380                    24.6548                    25.2552                    25.1323                     0.0000    Local_Reuse
  1177                    24.9497                    24.7380                    24.6955                    25.2552                    25.1762                     0.0000    Local_Reuse
  1178                    24.9361                    24.7204                    24.6781                    25.2342                    25.1565                     0.0000    Local_Reuse
  1179                    24.9498                    24.7387                    24.6962                    25.2545                    25.1757                     0.0000    Local_Reuse
  1180                    24.9635                    24.7569                    24.7143                    25.2747                    25.1757                     0.0000    Local_Reuse
  1181                    24.9426                    24.7569                    24.6875                    25.2428                    25.1458                     0.0000    Local_Reuse
  1182                    24.9281                    24.7569                    24.6690                    25.2428                    25.1250                     0.0000    Local_Reuse
  1183                    24.9281                    24.7569                    24.6690                    25.2630                    25.1441                     0.0000    Local_Reuse
  1184                    24.9591                    24.7976                    24.6690                    25.3092                    25.1441                     0.0000    Local_Reuse
  1185                    24.9728                    24.8157                    24.6871                    25.3292                    25.1632                     0.0000    Local_Reuse
  1186                    25.0036                    24.8563                    24.7274                    25.3292                    25.2067                     0.0000    Local_Reuse
  1187                    25.0036                    24.8387                    24.7101                    25.3083                    25.2067                     0.0000    Local_Reuse
  1188                    24.9828                    24.8387                    24.6835                    25.3083                    25.2067                     0.0000    Local_Reuse
  1189                    24.9620                    24.8387                    24.6569                    25.2766                    25.1769                     0.0000    Local_Reuse
  1190                    24.9448                    24.8164                    24.6569                    25.2766                    25.1769                     0.0000    Local_Reuse
  1191                    24.9241                    24.7893                    24.6304                    25.2449                    25.1769                     0.0000    Local_Reuse
  1192                    24.9033                    24.7624                    24.6040                    25.2133                    25.1472                     0.0000    Local_Reuse
  1193                    24.8827                    24.7624                    24.5776                    25.1818                    25.1472                     0.0000    Local_Reuse
  1194                    24.8620                    24.7355                    24.5513                    25.1818                    25.1472                     0.0000    Local_Reuse
  1195                    24.8414                    24.7355                    24.5513                    25.1818                    25.1472                     0.0000    Local_Reuse
  1196                    24.8414                    24.7355                    24.5513                    25.1504                    25.1472                     0.0000    Local_Reuse
  1197                    24.8299                    24.7355                    24.5513                    25.1504                    25.1472                     0.0000    Local_Reuse
  1198                    24.8299                    24.7355                    24.5513                    25.1504                    25.1472                     0.0000    Local_Reuse
  1199                    24.8094                    24.7087                    24.5513                    25.1504                    25.1472                     0.0000    Local_Reuse
  1200                    24.7889                    24.6820                    24.5250                    25.1191                    25.1176                     0.0000    Local_Reuse
  1201                    24.7684                    24.6553                    24.4988                    25.1191                    25.0881                     0.0000    Local_Reuse
  1202                    24.7552                    24.6381                    24.4820                    25.0986                    25.0881                     0.0000    Local_Reuse
  1203                    24.7419                    24.6209                    24.4652                    25.0783                    25.0689                     0.0000    Local_Reuse
  1204                    24.7287                    24.6038                    24.4484                    25.0580                    25.0497                     0.0000    Local_Reuse
  1205                    24.7111                    24.5808                    24.4259                    25.0580                    25.0242                     0.0000    Local_Reuse
  1206                    24.7111                    24.5808                    24.4259                    25.0377                    25.0242                     0.0000    Local_Reuse
  1207                    24.6979                    24.5808                    24.4259                    25.0175                    25.0242                     0.0000    Chunk_Overwrite
  1208                    24.6848                    24.5637                    24.4092                    24.9973                    25.0051                     0.0000    Chunk_Overwrite
  1209                    24.6646                    24.5374                    24.3834                    24.9665                    24.9759                     0.0000    Chunk_Overwrite
  1210                    24.6515                    24.5374                    24.3668                    24.9465                    24.9569                     0.0000    Chunk_Overwrite
  1211                    24.6652                    24.5554                    24.3848                    24.9465                    24.9759                     0.0000    Chunk_Overwrite
  1212                    24.6450                    24.5554                    24.3590                    24.9465                    24.9469                     0.0000    Chunk_Overwrite
  1213                    24.6320                    24.5385                    24.3425                    24.9265                    24.9280                     0.0000    Chunk_Overwrite
  1214                    24.6119                    24.5122                    24.3169                    24.9265                    24.9280                     0.0000    Chunk_Overwrite
  1215                    24.6256                    24.5302                    24.3349                    24.9466                    24.9470                     0.0000    Chunk_Overwrite
  1216                    24.6126                    24.5134                    24.3184                    24.9267                    24.9282                     0.0000    Chunk_Overwrite
  1217                    24.5996                    24.4965                    24.3021                    24.9068                    24.9094                     0.0000    Chunk_Overwrite
  1218                    24.5867                    24.4797                    24.2857                    24.8870                    24.8907                     0.0000    Chunk_Overwrite
  1219                    24.6172                    24.5197                    24.3253                    24.9323                    24.8907                     0.0000    Local_Reuse
  1220                    24.6042                    24.5029                    24.3090                    24.9125                    24.8720                     0.0000    Local_Reuse
  1221                    24.5914                    24.4861                    24.2927                    24.9125                    24.8534                     0.0000    Local_Reuse
  1222                    24.5785                    24.4694                    24.2765                    24.9125                    24.8348                     0.0000    Local_Reuse
  1223                    24.5785                    24.4694                    24.2765                    24.9125                    24.9150                     0.0000    Chunk_Overwrite
  1224                    24.6352                    24.5438                    24.2765                    24.9125                    24.9150                     0.0000    Chunk_Overwrite
  1225                    24.6352                    24.5438                    24.3500                    24.9125                    24.9950                     0.0000    Chunk_Overwrite
  1226                    24.6488                    24.5616                    24.3678                    24.9325                    25.0137                     0.0000    Chunk_Overwrite
  1227                    24.6359                    24.5448                    24.3515                    24.9127                    24.9950                     0.0000    Chunk_Overwrite
  1228                    24.6230                    24.5281                    24.3352                    24.8930                    24.9764                     0.0000    Chunk_Overwrite
  1229                    24.6102                    24.5115                    24.3190                    24.8734                    24.9578                     0.0000    Chunk_Overwrite
  1230                    24.6404                    24.5510                    24.3582                    24.9183                    25.0000                     0.0000    Chunk_Overwrite
  1231                    24.6635                    24.5812                    24.3883                    24.9526                    25.0322                     0.0000    Chunk_Overwrite
  1232                    24.7198                    24.5812                    24.4611                    24.9526                    25.0322                     0.0000    Chunk_Overwrite
  1233                    24.7428                    24.6114                    24.4910                    24.9869                    25.0644                     0.0000    Chunk_Overwrite
  1234                    24.7299                    24.5947                    24.4747                    24.9672                    25.0644                     0.0000    Chunk_Overwrite
  1235                    24.7790                    24.6591                    24.4747                    25.0406                    25.1335                     0.0000    Chunk_Overwrite
  1236                    24.7661                    24.6424                    24.4584                    25.0209                    25.1148                     0.0000    Chunk_Overwrite
  1237                    24.8221                    24.6424                    24.4584                    25.0209                    25.1936                     0.0000    Chunk_Overwrite
  1238                    24.8685                    24.7031                    24.5185                    25.0902                    25.2586                     0.0000    Chunk_Overwrite
  1239                    24.9173                    24.7031                    24.5185                    25.0902                    25.3272                     0.0000    Chunk_Overwrite
  1240                    24.9043                    24.6864                    24.5022                    25.0705                    25.3084                     0.0000    Chunk_Overwrite
  1241                    24.9531                    24.7503                    24.5655                    25.0705                    25.3767                     0.0000    Chunk_Overwrite
  1242                    24.9922                    24.8016                    24.6163                    25.0705                    25.4314                     0.0000    Chunk_Overwrite
  1243                    25.0052                    24.8188                    24.6335                    25.0900                    25.4314                     0.0000    Chunk_Overwrite
  1244                    24.9922                    24.8020                    24.6172                    25.0703                    25.4125                     0.0000    Chunk_Overwrite
  1245                    24.9922                    24.8746                    24.6890                    25.1534                    25.4902                     0.0000    Chunk_Overwrite
  1246                    25.0147                    24.9041                    24.7183                    25.1870                    25.5214                     0.0000    Chunk_Overwrite
  1247                    25.0009                    24.8861                    24.7008                    25.1660                    25.5214                     0.0000    Chunk_Overwrite
  1248                    24.9879                    24.8694                    24.6844                    25.1464                    25.5024                     0.0000    Chunk_Overwrite
  1249                    25.0009                    24.8864                    24.7014                    25.1656                    25.5201                     0.0000    Chunk_Overwrite
  1250                    25.0466                    24.9461                    24.7605                    25.2339                    25.5839                     0.0000    Chunk_Overwrite
  1251                    25.1017                    24.9461                    24.7605                    25.2339                    25.5839                     0.0000    Chunk_Overwrite
  1252                    25.0887                    24.9293                    24.7442                    25.2142                    25.5650                     0.0000    Chunk_Overwrite
  1253                    25.1015                    24.9462                    24.7611                    25.2332                    25.5825                     0.0000    Chunk_Overwrite
  1254                    25.0886                    24.9295                    24.7448                    25.2136                    25.5636                     0.0000    Chunk_Overwrite
  1255                    25.1014                    24.9463                    24.7616                    25.2326                    25.5811                     0.0000    Chunk_Overwrite
  1256                    25.0884                    24.9296                    24.7453                    25.2326                    25.5623                     0.0000    Chunk_Overwrite
  1257                    25.1012                    24.9464                    24.7621                    25.2516                    25.5797                     0.0000    Chunk_Overwrite
  1258                    25.1371                    24.9933                    24.8086                    25.3051                    25.6297                     0.0000    Chunk_Overwrite
  1259                    25.1918                    25.0646                    24.8086                    25.3867                    25.6297                     0.0000    Chunk_Overwrite
  1260                    25.1918                    25.0646                    24.8791                    25.3867                    25.6297                     0.0000    Chunk_Overwrite
  1261                    25.2233                    25.1057                    24.9199                    25.3867                    25.6735                     0.0000    Chunk_Overwrite
  1262                    25.2709                    25.1057                    24.9199                    25.3867                    25.6735                     0.0000    Chunk_Overwrite
  1263                    25.2835                    25.1222                    24.9364                    25.4054                    25.6907                     0.0000    Chunk_Overwrite
  1264                    25.2705                    25.1054                    24.9200                    25.3857                    25.6719                     0.0000    Chunk_Overwrite
  1265                    25.3248                    25.1054                    24.9902                    25.3857                    25.6719                     0.0000    Chunk_Overwrite
  1266                    25.3118                    25.0887                    24.9738                    25.3661                    25.6531                     0.0000    Chunk_Overwrite
  1267                    25.3660                    25.1595                    25.0437                    25.3661                    25.6531                     0.0000    Chunk_Overwrite
  1268                    25.4107                    25.1595                    25.0437                    25.3661                    25.7158                     0.0000    Chunk_Overwrite
  1269                    25.4325                    25.1881                    25.0720                    25.3987                    25.7461                     0.0000    Chunk_Overwrite
  1270                    25.4864                    25.1881                    25.0720                    25.3987                    25.8218                     0.0000    Chunk_Overwrite
  1271                    25.4733                    25.1713                    25.0556                    25.3791                    25.8218                     0.0000    Chunk_Overwrite
  1272                    25.4949                    25.1713                    25.0556                    25.4117                    25.8519                     0.0000    Chunk_Overwrite
  1273                    25.5233                    25.1713                    25.0925                    25.4543                    25.8519                     0.0000    Chunk_Overwrite
  1274                    25.5102                    25.1545                    25.0761                    25.4347                    25.8329                     0.0000    Chunk_Overwrite
  1275                    25.5638                    25.2249                    25.0761                    25.4347                    25.9082                     0.0000    Chunk_Overwrite
  1276                    25.5921                    25.2249                    25.1129                    25.4347                    25.9476                     0.0000    Chunk_Overwrite
  1277                    25.6203                    25.2249                    25.1129                    25.4772                    25.9476                     0.0000    Chunk_Overwrite
  1278                    25.6071                    25.2081                    25.0965                    25.4576                    25.9287                     0.0000    Chunk_Overwrite
  1279                    25.5939                    25.1914                    25.0802                    25.4381                    25.9097                     0.0000    Chunk_Overwrite
  1280                    25.5791                    25.1725                    25.0802                    25.4381                    25.9097                     0.0000    Chunk_Overwrite
  1281                    25.5643                    25.1537                    25.0617                    25.4381                    25.9097                     0.0000    Chunk_Overwrite
  1282                    25.5496                    25.1349                    25.0432                    25.4161                    25.8885                     0.0000    Chunk_Overwrite
  1283                    25.5348                    25.1349                    25.0432                    25.4161                    25.8885                     0.0000    Chunk_Overwrite
  1284                    25.5201                    25.1161                    25.0432                    25.4161                    25.8885                     0.0000    Chunk_Overwrite
  1285                    25.5201                    25.0952                    25.0432                    25.4161                    25.8885                     0.0000    Chunk_Overwrite
  1286                    25.5054                    25.0765                    25.0248                    25.3942                    25.8885                     0.0000    Chunk_Overwrite
  1287                    25.4958                    25.0765                    25.0129                    25.3799                    25.8744                     0.0000    Chunk_Overwrite
  1288                    25.4812                    25.0579                    24.9946                    25.3580                    25.8744                     0.0000    Chunk_Overwrite
  1289                    25.4666                    25.0579                    24.9946                    25.3580                    25.8744                     0.0000    Chunk_Overwrite
  1290                    25.4520                    25.0579                    24.9946                    25.3580                    25.8744                     0.0000    Chunk_Overwrite
  1291                    25.4374                    25.0579                    24.9763                    25.3580                    25.8744                     0.0000    Chunk_Overwrite
  1292                    25.4229                    25.0579                    24.9763                    25.3580                    25.8533                     0.0000    Chunk_Overwrite
  1293                    25.4133                    25.0458                    24.9645                    25.3580                    25.8533                     0.0000    Chunk_Overwrite
  1294                    25.3988                    25.0458                    24.9463                    25.3580                    25.8533                     0.0000    Chunk_Overwrite
  1295                    25.3988                    25.0458                    24.9571                    25.3701                    25.8533                     0.0000    Chunk_Overwrite
  1296                    25.3827                    25.0251                    24.9368                    25.3701                    25.8533                     0.0000    Chunk_Overwrite
  1297                    25.3724                    25.0120                    24.9240                    25.3546                    25.8381                     0.0000    Chunk_Overwrite
  1298                    25.3779                    25.0196                    24.9316                    25.3630                    25.8453                     0.0000    Chunk_Overwrite
  1299                    25.3859                    25.0196                    24.9423                    25.3750                    25.8453                     0.0000    Chunk_Overwrite
  1300                    25.3939                    25.0196                    24.9423                    25.3870                    25.8453                     0.0000    Chunk_Overwrite
  1301                    25.3836                    25.0065                    24.9296                    25.3716                    25.8453                     0.0000    Chunk_Overwrite
  1302                    25.3916                    25.0174                    24.9296                    25.3716                    25.8561                     0.0000    Chunk_Overwrite
  1303                    25.3739                    24.9946                    24.9072                    25.3716                    25.8561                     0.0000    Chunk_Overwrite
  1304                    25.3702                    24.9903                    24.9031                    25.3716                    25.8504                     0.0000    Chunk_Overwrite
  1305                    25.3509                    24.9654                    24.8787                    25.3425                    25.8224                     0.0000    Chunk_Overwrite
  1306                    25.3509                    24.9654                    24.8787                    25.3425                    25.8224                     0.0000    Chunk_Overwrite
  1307                    25.3474                    24.9654                    24.8787                    25.3425                    25.8224                     0.0000    Chunk_Overwrite
  1308                    25.3438                    24.9611                    24.8746                    25.3425                    25.8167                     0.0000    Chunk_Overwrite
  1309                    25.3402                    24.9611                    24.8746                    25.3371                    25.8167                     0.0000    Chunk_Overwrite
  1310                    25.3366                    24.9611                    24.8746                    25.3371                    25.8167                     0.0000    Chunk_Overwrite
  1311                    25.3265                    24.9482                    24.8620                    25.3217                    25.8016                     0.0000    Chunk_Overwrite
  1312                    25.3328                    24.9569                    24.8620                    25.3217                    25.8016                     0.0000    Chunk_Overwrite
  1313                    25.3342                    24.9591                    24.8643                    25.3238                    25.8030                     0.0000    Chunk_Overwrite
  1314                    25.3342                    24.9591                    24.8729                    25.3238                    25.8030                     0.0000    Chunk_Overwrite
  1315                    25.3306                    24.9548                    24.8729                    25.3185                    25.7974                     0.0000    Chunk_Overwrite
  1316                    25.3270                    24.9506                    24.8729                    25.3131                    25.7918                     0.0000    Chunk_Overwrite
  1317                    25.3170                    24.9378                    24.8603                    25.3131                    25.7769                     0.0000    Chunk_Overwrite
  1318                    25.3118                    24.9314                    24.8541                    25.3053                    25.7769                     0.0000    Chunk_Overwrite
  1319                    25.3017                    24.9186                    24.8541                    25.2901                    25.7769                     0.0000    Chunk_Overwrite
  1320                    25.2982                    24.9186                    24.8501                    25.2901                    25.7769                     0.0000    Chunk_Overwrite
  1321                    25.2947                    24.9144                    24.8460                    25.2848                    25.7713                     0.0000    Chunk_Overwrite
  1322                    25.2912                    24.9103                    24.8419                    25.2796                    25.7713                     0.0000    Chunk_Overwrite
  1323                    25.2877                    24.9061                    24.8379                    25.2743                    25.7657                     0.0000    Chunk_Overwrite
  1324                    25.2842                    24.9019                    24.8339                    25.2690                    25.7602                     0.0000    Chunk_Overwrite
  1325                    25.2807                    24.8978                    24.8298                    25.2690                    25.7602                     0.0000    Chunk_Overwrite
  1326                    25.2772                    24.8936                    24.8258                    25.2638                    25.7602                     0.0000    Chunk_Overwrite
  1327                    25.2738                    24.8895                    24.8218                    25.2586                    25.7602                     0.0000    Chunk_Overwrite
  1328                    25.2703                    24.8895                    24.8218                    25.2586                    25.7547                     0.0000    Chunk_Overwrite
  1329                    25.2668                    24.8854                    24.8218                    25.2534                    25.7491                     0.0000    Chunk_Overwrite
  1330                    25.2634                    24.8812                    24.8178                    25.2482                    25.7491                     0.0000    Chunk_Overwrite
  1331                    25.2599                    24.8771                    24.8138                    25.2430                    25.7436                     0.0000    Chunk_Overwrite
  1332                    25.2565                    24.8771                    24.8138                    25.2378                    25.7436                     0.0000    Chunk_Overwrite
  1333                    25.2579                    24.8794                    24.8161                    25.2400                    25.7451                     0.0000    Chunk_Overwrite
  1334                    25.2528                    24.8732                    24.8100                    25.2400                    25.7373                     0.0000    Chunk_Overwrite
  1335                    25.2494                    24.8691                    24.8060                    25.2400                    25.7318                     0.0000    Chunk_Overwrite
  1336                    25.2460                    24.8650                    24.8021                    25.2400                    25.7263                     0.0000    Chunk_Overwrite
  1337                    25.2460                    24.8650                    24.7981                    25.2348                    25.7263                     0.0000    Chunk_Overwrite
  1338                    25.2305                    24.8451                    24.7786                    25.2348                    25.7263                     0.0000    Chunk_Overwrite
  1339                    25.2150                    24.8253                    24.7591                    25.2348                    25.7263                     0.0000    Chunk_Overwrite
  1340                    25.1995                    24.8055                    24.7591                    25.2348                    25.7263                     0.0000    Chunk_Overwrite
  1341                    25.1889                    24.7920                    24.7591                    25.2348                    25.7263                     0.0000    Chunk_Overwrite
  1342                    25.1783                    24.7920                    24.7459                    25.2348                    25.7263                     0.0000    Chunk_Overwrite
  1343                    25.1734                    24.7859                    24.7399                    25.2348                    25.7186                     0.0000    Chunk_Overwrite
  1344                    25.1700                    24.7820                    24.7360                    25.2296                    25.7131                     0.0000    Chunk_Overwrite
  1345                    25.1700                    24.7820                    24.7301                    25.2296                    25.7054                     0.0000    Chunk_Overwrite
  1346                    25.1651                    24.7759                    24.7242                    25.2221                    25.7054                     0.0000    Chunk_Overwrite
  1347                    25.1649                    24.7759                    24.7242                    25.2221                    25.7046                     0.0000    Chunk_Overwrite
  1348                    25.1552                    24.7636                    24.7242                    25.2221                    25.6900                     0.0000    Chunk_Overwrite
  1349                    25.1439                    24.7492                    24.7100                    25.2048                    25.6732                     0.0000    Chunk_Overwrite
  1350                    25.1326                    24.7349                    24.6959                    25.1877                    25.6564                     0.0000    Chunk_Overwrite
  1351                    25.1173                    24.7153                    24.6959                    25.1877                    25.6339                     0.0000    Chunk_Overwrite
  1352                    25.1124                    24.7153                    24.6900                    25.1802                    25.6263                     0.0000    Chunk_Overwrite
  1353                    25.1124                    24.7156                    24.6903                    25.1800                    25.6256                     0.0000    Chunk_Overwrite
  1354                    25.1075                    24.7097                    24.6845                    25.1800                    25.6180                     0.0000    Chunk_Overwrite
  1355                    25.1074                    24.7097                    24.6845                    25.1800                    25.6173                     0.0000    Chunk_Overwrite
  1356                    25.1025                    24.7097                    24.6786                    25.1800                    25.6098                     0.0000    Chunk_Overwrite
  1357                    25.1025                    24.7037                    24.6786                    25.1800                    25.6098                     0.0000    Chunk_Overwrite
  1358                    25.1001                    24.7009                    24.6759                    25.1761                    25.6057                     0.0000    Chunk_Overwrite
  1359                    25.0952                    24.6950                    24.6759                    25.1761                    25.6057                     0.0000    Chunk_Overwrite
  1360                    25.0904                    24.6891                    24.6701                    25.1687                    25.5982                     0.0000    Chunk_Overwrite
  1361                    25.0808                    24.6770                    24.6581                    25.1540                    25.5982                     0.0000    Chunk_Overwrite
  1362                    25.0744                    24.6691                    24.6503                    25.1540                    25.5982                     0.0000    Chunk_Overwrite
  1363                    25.0696                    24.6632                    24.6445                    25.1466                    25.5907                     0.0000    Chunk_Overwrite
  1364                    25.0545                    24.6440                    24.6255                    25.1466                    25.5907                     0.0000    Chunk_Overwrite
  1365                    25.0363                    24.6206                    24.6024                    25.1188                    25.5640                     0.0000    Chunk_Overwrite
  1366                    25.0182                    24.5973                    24.5794                    25.1188                    25.5640                     0.0000    Chunk_Overwrite
  1367                    25.0000                    24.5741                    24.5565                    25.0911                    25.5373                     0.0000    Chunk_Overwrite
  1368                    24.9819                    24.5509                    24.5335                    25.0911                    25.5373                     0.0000    Chunk_Overwrite
  1369                    24.9638                    24.5277                    24.5335                    25.0911                    25.5373                     0.0000    Chunk_Overwrite
  1370                    24.9457                    24.5046                    24.5107                    25.0635                    25.5107                     0.0000    Chunk_Overwrite
  1371                    24.9277                    24.5046                    24.5107                    25.0359                    25.4842                     0.0000    Chunk_Overwrite
  1372                    24.9097                    24.4816                    24.5107                    25.0359                    25.4577                     0.0000    Chunk_Overwrite
  1373                    24.8917                    24.4585                    24.4878                    25.0084                    25.4313                     0.0000    Chunk_Overwrite
  1374                    24.8769                    24.4397                    24.4691                    24.9857                    25.4094                     0.0000    Chunk_Overwrite
  1375                    24.8589                    24.4397                    24.4691                    24.9857                    25.3831                     0.0000    Chunk_Overwrite
  1376                    24.8410                    24.4168                    24.4691                    24.9583                    25.3831                     0.0000    Chunk_Overwrite
  1377                    24.8232                    24.3939                    24.4464                    24.9310                    25.3831                     0.0000    Chunk_Overwrite
  1378                    24.8100                    24.3772                    24.4297                    24.9108                    25.3636                     0.0000    Chunk_Overwrite
  1379                    24.8100                    24.3772                    24.4111                    24.9108                    25.3636                     0.0000    Chunk_Overwrite
  1380                    24.7922                    24.3772                    24.3885                    24.9108                    25.3636                     0.0000    Chunk_Overwrite
  1381                    24.7744                    24.3544                    24.3885                    24.8836                    25.3636                     0.0000    Chunk_Overwrite
  1382                    24.7566                    24.3316                    24.3659                    24.8836                    25.3374                     0.0000    Chunk_Overwrite
  1383                    24.7389                    24.3089                    24.3434                    24.8836                    25.3113                     0.0000    Chunk_Overwrite
  1384                    24.7212                    24.3089                    24.3434                    24.8836                    25.3113                     0.0000    Chunk_Overwrite
  1385                    24.7121                    24.3089                    24.3434                    24.8836                    25.3113                     0.0000    Chunk_Overwrite
  1386                    24.6944                    24.3089                    24.3434                    24.8565                    25.2852                     0.0000    Chunk_Overwrite
  1387                    24.6768                    24.2863                    24.3209                    24.8294                    25.2592                     0.0000    Chunk_Overwrite
  1388                    24.6592                    24.2863                    24.3209                    24.8024                    25.2592                     0.0000    Chunk_Overwrite
  1389                    24.6416                    24.2863                    24.2985                    24.7754                    25.2333                     0.0000    Chunk_Overwrite
  1390                    24.6240                    24.2637                    24.2761                    24.7754                    25.2074                     0.0000    Chunk_Overwrite
  1391                    24.6096                    24.2637                    24.2578                    24.7754                    25.2074                     0.0000    Chunk_Overwrite
  1392                    24.5967                    24.2472                    24.2415                    24.7556                    25.1882                     0.0000    Chunk_Overwrite
  1393                    24.5793                    24.2472                    24.2192                    24.7556                    25.1624                     0.0000    Chunk_Overwrite
  1394                    24.5618                    24.2247                    24.2192                    24.7556                    25.1624                     0.0000    Chunk_Overwrite
  1395                    24.5514                    24.2247                    24.2060                    24.7394                    25.1467                     0.0000    Chunk_Overwrite
  1396                    24.5409                    24.2247                    24.2060                    24.7394                    25.1467                     0.0000    Chunk_Overwrite
  1397                    24.5266                    24.2247                    24.1878                    24.7173                    25.1254                     0.0000    Chunk_Overwrite
  1398                    24.5123                    24.2247                    24.1697                    24.6953                    25.1042                     0.0000    Chunk_Overwrite
  1399                    24.5019                    24.2247                    24.1697                    24.6953                    25.1042                     0.0000    Chunk_Overwrite
  1400                    24.4915                    24.2113                    24.1565                    24.6792                    25.0886                     0.0000    Chunk_Overwrite
  1401                    24.4773                    24.2113                    24.1384                    24.6792                    25.0886                     0.0000    Chunk_Overwrite
  1402                    24.4631                    24.2113                    24.1204                    24.6792                    25.0886                     0.0000    Chunk_Overwrite
  1403                    24.4490                    24.2113                    24.1024                    24.6792                    25.0886                     0.0000    Chunk_Overwrite
  1404                    24.4348                    24.1929                    24.0844                    24.6792                    25.0886                     0.0000    Chunk_Overwrite
  1405                    24.4192                    24.1726                    24.0645                    24.6549                    25.0653                     0.0000    Chunk_Overwrite
  1406                    24.4051                    24.1726                    24.0645                    24.6549                    25.0653                     0.0000    Chunk_Overwrite
  1407                    24.3933                    24.1573                    24.0496                    24.6366                    25.0475                     0.0000    Chunk_Overwrite
  1408                    24.3823                    24.1430                    24.0356                    24.6366                    25.0475                     0.0000    Chunk_Overwrite
  1409                    24.3652                    24.1207                    24.0138                    24.6101                    25.0221                     0.0000    Chunk_Overwrite
  1410                    24.3542                    24.1065                    24.0138                    24.5930                    25.0221                     0.0000    Chunk_Overwrite
  1411                    24.3432                    24.1065                    24.0138                    24.5759                    25.0221                     0.0000    Chunk_Overwrite
  1412                    24.3323                    24.1065                    24.0000                    24.5759                    25.0221                     0.0000    Chunk_Overwrite
  1413                    24.3214                    24.0924                    23.9862                    24.5589                    25.0221                     0.0000    Chunk_Overwrite
  1414                    24.3097                    24.0772                    23.9714                    24.5408                    25.0044                     0.0000    Chunk_Overwrite
  1415                    24.2989                    24.0772                    23.9714                    24.5239                    25.0044                     0.0000    Chunk_Overwrite
  1416                    24.2880                    24.0631                    23.9576                    24.5070                    25.0044                     0.0000    Chunk_Overwrite
  1417                    24.2771                    24.0631                    23.9439                    24.4901                    25.0044                     0.0000    Chunk_Overwrite
  1418                    24.2771                    24.0631                    23.9439                    24.4901                    24.9879                     0.0000    Chunk_Overwrite
  1419                    24.2663                    24.0490                    23.9302                    24.4901                    24.9714                     0.0000    Chunk_Overwrite
  1420                    24.2555                    24.0350                    23.9165                    24.4733                    24.9549                     0.0000    Chunk_Overwrite
  1421                    24.2555                    24.0350                    23.9028                    24.4565                    24.9549                     0.0000    Chunk_Overwrite
  1422                    24.2447                    24.0210                    23.8892                    24.4565                    24.9385                     0.0000    Chunk_Overwrite
  1423                    24.2339                    24.0070                    23.8756                    24.4398                    24.9385                     0.0000    Chunk_Overwrite
  1424                    24.2231                    23.9930                    23.8756                    24.4231                    24.9385                     0.0000    Chunk_Overwrite
  1425                    24.2124                    23.9791                    23.8620                    24.4065                    24.9221                     0.0000    Chunk_Overwrite
  1426                    24.2017                    23.9652                    23.8485                    24.3899                    24.9221                     0.0000    Chunk_Overwrite
  1427                    24.1909                    23.9652                    23.8485                    24.3733                    24.9058                     0.0000    Chunk_Overwrite
  1428                    24.1802                    23.9652                    23.8485                    24.3733                    24.9058                     0.0000    Chunk_Overwrite
  1429                    24.1802                    23.9652                    23.8485                    24.3733                    24.8895                     0.0000    Chunk_Overwrite
  1430                    24.1635                    23.9433                    23.8485                    24.3475                    24.8645                     0.0000    Chunk_Overwrite
  1431                    24.1635                    23.9295                    23.8485                    24.3310                    24.8645                     0.0000    Chunk_Overwrite
  1432                    24.1529                    23.9157                    23.8350                    24.3310                    24.8483                     0.0000    Chunk_Overwrite
  1433                    24.1422                    23.9019                    23.8350                    24.3146                    24.8321                     0.0000    Chunk_Overwrite
  1434                    24.1308                    23.8871                    23.8205                    24.2970                    24.8148                     0.0000    Chunk_Overwrite
  1435                    24.1202                    23.8734                    23.8070                    24.2806                    24.7987                     0.0000    Chunk_Overwrite
  1436                    24.1202                    23.8734                    23.8070                    24.2597                    24.7987                     0.0000    Chunk_Overwrite
  1437                    24.1066                    23.8557                    23.7897                    24.2389                    24.7783                     0.0000    Chunk_Overwrite
  1438                    24.1066                    23.8557                    23.7724                    24.2180                    24.7783                     0.0000    Chunk_Overwrite
  1439                    24.1066                    23.8557                    23.7551                    24.1973                    24.7783                     0.0000    Chunk_Overwrite
  1440                    24.1066                    23.8557                    23.7551                    24.1765                    24.7783                     0.0000    Chunk_Overwrite
  1441                    24.0960                    23.8421                    23.7417                    24.1604                    24.7622                     0.0000    Chunk_Overwrite
  1442                    24.0825                    23.8421                    23.7245                    24.1398                    24.7622                     0.0000    Chunk_Overwrite
  1443                    24.0825                    23.8421                    23.7245                    24.1398                    24.7419                     0.0000    Chunk_Overwrite
  1444                    24.0719                    23.8284                    23.7112                    24.1237                    24.7259                     0.0000    Chunk_Overwrite
  1445                    24.0584                    23.8108                    23.7112                    24.1237                    24.7259                     0.0000    Chunk_Overwrite
  1446                    24.0516                    23.8108                    23.7028                    24.1237                    24.7259                     0.0000    Chunk_Overwrite
  1447                    24.0381                    23.8108                    23.6857                    24.1032                    24.7259                     0.0000    Chunk_Overwrite
  1448                    24.0246                    23.8108                    23.6857                    24.0827                    24.7259                     0.0000    Chunk_Overwrite
  1449                    24.0112                    23.8108                    23.6686                    24.0827                    24.7259                     0.0000    Chunk_Overwrite
  1450                    24.0112                    23.8108                    23.6686                    24.0622                    24.7259                     0.0000    Chunk_Overwrite
  1451                    23.9978                    23.8108                    23.6515                    24.0622                    24.7056                     0.0000    Chunk_Overwrite
  1452                    23.9873                    23.7972                    23.6384                    24.0463                    24.6897                     0.0000    Chunk_Overwrite
  1453                    23.9762                    23.7827                    23.6243                    24.0293                    24.6728                     0.0000    Chunk_Overwrite
  1454                    23.9762                    23.7827                    23.6243                    24.0293                    24.6613                     0.0000    Chunk_Overwrite
  1455                    23.9628                    23.7652                    23.6073                    24.0090                    24.6412                     0.0000    Chunk_Overwrite
  1456                    23.9524                    23.7517                    23.5942                    23.9932                    24.6254                     0.0000    Chunk_Overwrite
  1457                    23.9361                    23.7304                    23.5735                    23.9685                    24.6011                     0.0000    Chunk_Overwrite
  1458                    23.9295                    23.7218                    23.5735                    23.9685                    24.6011                     0.0000    Chunk_Overwrite
  1459                    23.9184                    23.7074                    23.5595                    23.9517                    24.5843                     0.0000    Chunk_Overwrite
  1460                    23.9081                    23.6940                    23.5465                    23.9517                    24.5687                     0.0000    Chunk_Overwrite
  1461                    23.8948                    23.6940                    23.5465                    23.9315                    24.5687                     0.0000    Chunk_Overwrite
  1462                    23.8816                    23.6768                    23.5465                    23.9114                    24.5687                     0.0000    Chunk_Overwrite
  1463                    23.8683                    23.6768                    23.5465                    23.8914                    24.5687                     0.0000    Chunk_Overwrite
  1464                    23.8551                    23.6768                    23.5297                    23.8914                    24.5488                     0.0000    Chunk_Overwrite
  1465                    23.8434                    23.6615                    23.5148                    23.8736                    24.5310                     0.0000    Chunk_Overwrite
  1466                    23.8332                    23.6481                    23.5019                    23.8581                    24.5155                     0.0000    Chunk_Overwrite
  1467                    23.8223                    23.6339                    23.4881                    23.8415                    24.4989                     0.0000    Chunk_Overwrite
  1468                    23.8113                    23.6196                    23.4742                    23.8250                    24.4989                     0.0000    Chunk_Overwrite
  1469                    23.7982                    23.6025                    23.4742                    23.8250                    24.4989                     0.0000    Chunk_Overwrite
  1470                    23.7910                    23.5932                    23.4652                    23.8140                    24.4989                     0.0000    Chunk_Overwrite
  1471                    23.7910                    23.5932                    23.4652                    23.7987                    24.4989                     0.0000    Chunk_Overwrite
  1472                    23.7779                    23.5761                    23.4486                    23.7987                    24.4792                     0.0000    Chunk_Overwrite
  1473                    23.7686                    23.5640                    23.4367                    23.7844                    24.4792                     0.0000    Chunk_Overwrite
  1474                    23.7555                    23.5640                    23.4202                    23.7844                    24.4595                     0.0000    Chunk_Overwrite
  1475                    23.7447                    23.5499                    23.4065                    23.7680                    24.4430                     0.0000    Chunk_Overwrite
  1476                    23.7309                    23.5319                    23.4065                    23.7472                    24.4430                     0.0000    Chunk_Overwrite
  1477                    23.7179                    23.5150                    23.3899                    23.7276                    24.4234                     0.0000    Chunk_Overwrite
  1478                    23.7020                    23.5150                    23.3697                    23.7035                    24.3996                     0.0000    Chunk_Overwrite
  1479                    23.6928                    23.5150                    23.3580                    23.6895                    24.3854                     0.0000    Chunk_Overwrite
  1480                    23.6798                    23.5150                    23.3580                    23.6895                    24.3854                     0.0000    Chunk_Overwrite
  1481                    23.6728                    23.5058                    23.3491                    23.6788                    24.3743                     0.0000    Chunk_Overwrite
  1482                    23.6613                    23.4908                    23.3346                    23.6615                    24.3570                     0.0000    Chunk_Overwrite
  1483                    23.6484                    23.4740                    23.3182                    23.6421                    24.3570                     0.0000    Chunk_Overwrite
  1484                    23.6378                    23.4601                    23.3047                    23.6260                    24.3407                     0.0000    Chunk_Overwrite
  1485                    23.6315                    23.4519                    23.3047                    23.6165                    24.3407                     0.0000    Chunk_Overwrite
  1486                    23.6208                    23.4380                    23.2912                    23.6004                    24.3245                     0.0000    Chunk_Overwrite
  1487                    23.6604                    23.4904                    23.3427                    23.6601                    24.3812                     0.0000    Chunk_Overwrite
  1488                    23.6497                    23.4765                    23.3427                    23.6601                    24.3812                     0.0000    Chunk_Overwrite
  1489                    23.6398                    23.4636                    23.3302                    23.6451                    24.3660                     0.0000    Chunk_Overwrite
  1490                    23.6734                    23.4636                    23.3741                    23.6958                    24.3660                     0.0000    Chunk_Overwrite
  1491                    23.6635                    23.4507                    23.3615                    23.6809                    24.3660                     0.0000    Chunk_Overwrite
  1492                    23.6754                    23.4665                    23.3771                    23.6987                    24.3825                     0.0000    Chunk_Overwrite
  1493                    23.7183                    23.5234                    23.4330                    23.6987                    24.4442                     0.0000    Chunk_Overwrite
  1494                    23.7576                    23.5754                    23.4841                    23.7579                    24.5005                     0.0000    Chunk_Overwrite
  1495                    23.7477                    23.5624                    23.4715                    23.7429                    24.4853                     0.0000    Chunk_Overwrite
  1496                    23.7905                    23.6190                    23.5271                    23.8074                    24.4853                     0.0000    Chunk_Overwrite
  1497                    23.8296                    23.6708                    23.5780                    23.8663                    24.5414                     0.0000    Chunk_Overwrite
  1498                    23.8296                    23.7224                    23.5780                    23.9251                    24.5975                     0.0000    Chunk_Overwrite
  1499                    23.8196                    23.7094                    23.5780                    23.9251                    24.5822                     0.0000    Chunk_Overwrite
  1500                    23.8623                    23.7657                    23.6334                    23.9892                    24.6433                     0.0000    Chunk_Overwrite
  1501                    23.8739                    23.7810                    23.6486                    23.9892                    24.6594                     0.0000    Chunk_Overwrite
  1502                    23.9028                    23.8191                    23.6862                    24.0325                    24.7004                     0.0000    Chunk_Overwrite
  1503                    23.9453                    23.8191                    23.7414                    24.0963                    24.7612                     0.0000    Chunk_Overwrite
  1504                    23.9878                    23.8751                    23.7965                    24.1600                    24.7612                     0.0000    Chunk_Overwrite
  1505                    23.9770                    23.8611                    23.7827                    24.1436                    24.7448                     0.0000    Chunk_Overwrite
  1506                    24.0158                    23.8611                    23.7827                    24.2017                    24.7448                     0.0000    Chunk_Overwrite
  1507                    24.0581                    23.8611                    23.7827                    24.2651                    24.8054                     0.0000    Chunk_Overwrite
  1508                    24.1004                    23.8611                    23.8377                    24.2651                    24.8659                     0.0000    Chunk_Overwrite
  1509                    24.0903                    23.8611                    23.8377                    24.2651                    24.8659                     0.0000    Chunk_Overwrite
  1510                    24.0802                    23.8480                    23.8248                    24.2497                    24.8505                     0.0000    Chunk_Overwrite
  1511                    24.1187                    23.8991                    23.8750                    24.3075                    24.9056                     0.0000    Chunk_Overwrite
  1512                    24.1086                    23.8860                    23.8622                    24.2922                    24.8902                     0.0000    Chunk_Overwrite
  1513                    24.1471                    23.9369                    23.8622                    24.3498                    24.8902                     0.0000    Chunk_Overwrite
  1514                    24.1370                    23.9238                    23.8494                    24.3344                    24.8902                     0.0000    Chunk_Overwrite
  1515                    24.1755                    23.9746                    23.8994                    24.3919                    24.9451                     0.0000    Chunk_Overwrite
  1516                    24.1654                    23.9615                    23.8865                    24.3765                    24.9297                     0.0000    Chunk_Overwrite
  1517                    24.2037                    24.0122                    23.9364                    24.3765                    24.9845                     0.0000    Chunk_Overwrite
  1518                    24.1929                    23.9981                    23.9227                    24.3600                    24.9680                     0.0000    Chunk_Overwrite
  1519                    24.2312                    24.0487                    23.9227                    24.3600                    24.9680                     0.0000    Chunk_Overwrite
  1520                    24.2729                    24.1038                    23.9770                    24.3600                    25.0278                     0.0000    Chunk_Overwrite
  1521                    24.3146                    24.1038                    24.0312                    24.3600                    25.0875                     0.0000    Chunk_Overwrite
  1522                    24.3527                    24.1542                    24.0312                    24.3600                    25.1420                     0.0000    Chunk_Overwrite
  1523                    24.3908                    24.2045                    24.0808                    24.4173                    25.1420                     0.0000    Chunk_Overwrite
  1524                    24.4323                    24.2593                    24.1349                    24.4797                    25.2014                     0.0000    Chunk_Overwrite
  1525                    24.4703                    24.3094                    24.1842                    24.5367                    25.2014                     0.0000    Chunk_Overwrite
  1526                    24.4947                    24.3417                    24.2161                    24.5734                    25.2361                     0.0000    Chunk_Overwrite
  1527                    24.4851                    24.3293                    24.2161                    24.5734                    25.2361                     0.0000    Chunk_Overwrite
  1528                    24.4756                    24.3169                    24.2161                    24.5734                    25.2361                     0.0000    Chunk_Overwrite
  1529                    24.4626                    24.3169                    24.1995                    24.5734                    25.2361                     0.0000    Chunk_Overwrite
  1530                    24.4626                    24.2999                    24.1828                    24.5734                    25.2361                     0.0000    Chunk_Overwrite
  1531                    24.4531                    24.2876                    24.1828                    24.5734                    25.2361                     0.0000    Chunk_Overwrite
  1532                    24.4379                    24.2678                    24.1828                    24.5734                    25.2361                     0.0000    Chunk_Overwrite
  1533                    24.4242                    24.2500                    24.1653                    24.5526                    25.2154                     0.0000    Chunk_Overwrite
  1534                    24.4242                    24.2500                    24.1478                    24.5526                    25.2154                     0.0000    Chunk_Overwrite
  1535                    24.4148                    24.2377                    24.1358                    24.5526                    25.2154                     0.0000    Chunk_Overwrite
  1536                    24.4089                    24.2301                    24.1284                    24.5526                    25.2059                     0.0000    Chunk_Overwrite
  1537                    24.3952                    24.2124                    24.1110                    24.5526                    25.2059                     0.0000    Chunk_Overwrite
  1538                    24.3816                    24.1946                    24.0936                    24.5526                    25.1853                     0.0000    Chunk_Overwrite
  1539                    24.3687                    24.1779                    24.0772                    24.5526                    25.1853                     0.0000    Chunk_Overwrite
  1540                    24.3687                    24.1657                    24.0772                    24.5526                    25.1853                     0.0000    Chunk_Overwrite
  1541                    24.3551                    24.1481                    24.0599                    24.5318                    25.1646                     0.0000    Chunk_Overwrite
  1542                    24.3457                    24.1360                    24.0599                    24.5318                    25.1646                     0.0000    Chunk_Overwrite
  1543                    24.3322                    24.1360                    24.0426                    24.5318                    25.1646                     0.0000    Chunk_Overwrite
  1544                    24.3228                    24.1240                    24.0308                    24.5318                    25.1646                     0.0000    Chunk_Overwrite
  1545                    24.3135                    24.1119                    24.0190                    24.5318                    25.1502                     0.0000    Chunk_Overwrite
  1546                    24.3042                    24.0999                    24.0190                    24.5318                    25.1502                     0.0000    Chunk_Overwrite
  1547                    24.2949                    24.0879                    24.0190                    24.5318                    25.1502                     0.0000    Chunk_Overwrite
  1548                    24.2856                    24.0879                    24.0190                    24.5318                    25.1502                     0.0000    Chunk_Overwrite
  1549                    24.2856                    24.0714                    24.0190                    24.5318                    25.1502                     0.0000    Chunk_Overwrite
  1550                    24.2729                    24.0548                    24.0027                    24.5318                    25.1502                     0.0000    Chunk_Overwrite
  1551                    24.2636                    24.0548                    24.0027                    24.5318                    25.1502                     0.0000    Chunk_Overwrite
  1552                    24.2509                    24.0384                    23.9864                    24.5318                    25.1502                     0.0000    Chunk_Overwrite
  1553                    24.2437                    24.0384                    23.9774                    24.5318                    25.1502                     0.0000    Chunk_Overwrite
  1554                    24.2303                    24.0210                    23.9774                    24.5318                    25.1502                     0.0000    Chunk_Overwrite
  1555                    24.2170                    24.0036                    23.9603                    24.5318                    25.1502                     0.0000    Chunk_Overwrite
  1556                    24.2036                    23.9863                    23.9432                    24.5318                    25.1502                     0.0000    Chunk_Overwrite
  1557                    24.1903                    23.9691                    23.9262                    24.5111                    25.1502                     0.0000    Chunk_Overwrite
  1558                    24.1777                    23.9527                    23.9101                    24.5111                    25.1502                     0.0000    Chunk_Overwrite
  1559                    24.1685                    23.9410                    23.8985                    24.5111                    25.1502                     0.0000    Chunk_Overwrite
  1560                    24.1594                    23.9292                    23.8869                    24.5111                    25.1502                     0.0000    Chunk_Overwrite
  1561                    24.1594                    23.9121                    23.8869                    24.5111                    25.1296                     0.0000    Chunk_Overwrite
  1562                    24.1468                    23.8958                    23.8709                    24.4915                    25.1296                     0.0000    Chunk_Overwrite
  1563                    24.1322                    23.8769                    23.8522                    24.4688                    25.1070                     0.0000    Chunk_Overwrite
  1564                    24.1196                    23.8769                    23.8362                    24.4688                    25.1070                     0.0000    Chunk_Overwrite
  1565                    24.1092                    23.8635                    23.8229                    24.4524                    25.0906                     0.0000    Chunk_Overwrite
  1566                    24.0994                    23.8635                    23.8229                    24.4524                    25.0906                     0.0000    Chunk_Overwrite
  1567                    24.0994                    23.8635                    23.8034                    24.4524                    25.0906                     0.0000    Chunk_Overwrite
  1568                    24.0897                    23.8635                    23.8034                    24.4372                    25.0906                     0.0000    Chunk_Overwrite
  1569                    24.1138                    23.8952                    23.8348                    24.4736                    25.1251                     0.0000    Chunk_Overwrite
