
 block         Numeric_Adjustment         Noise_Perturbation    Structural_Modification                Local_Reuse            Chunk_Overwrite    chosen
---------------------------------------------------------------------------------------------------------------------------------------------------------
     1                        inf                        inf                        inf                     2.0000                        inf    Numeric_Adjustment
     2                     3.3386                     3.3386                     3.3386                     2.9465                     3.3386    Numeric_Adjustment
     3                     3.0950                     3.0950                     3.0950                     2.8940                     3.0950    Numeric_Adjustment
     4                     2.9614                     2.9614                     2.9614                     2.8326                     2.9614    Numeric_Adjustment
     5                     4.8724                     4.8724                     4.8724                     4.3803                     4.8724    Numeric_Adjustment
     6                     5.9919                     4.8854                     4.8854                     5.3896                     4.8854    Numeric_Adjustment
     7                    12.7452                    13.2164                    13.2164                    11.2614                    13.2164    Noise_Perturbation
     8                    12.4210                    12.7634                    12.7634                    11.1611                    12.7634    Noise_Perturbation
     9                    12.1718                    12.4325                    12.4325                    11.0779                    12.7758    Chunk_Overwrite
    10                    11.0847                    11.1791                    11.1791                    11.0847                    12.7841    Chunk_Overwrite
    11                    10.2152                    10.2040                    10.2040                    10.2152                    12.7942    Chunk_Overwrite
    12                    10.2312                    10.2238                    10.2238                    10.2312                    12.4599    Chunk_Overwrite
    13                     9.5766                     9.5113                     9.5113                     9.5766                    11.2061    Chunk_Overwrite
    14                     9.0216                     8.9163                     8.9163                     9.0216                    10.2287    Chunk_Overwrite
    15                     9.0239                     9.0239                     8.9186                     9.1133                    10.2314    Chunk_Overwrite
    16                     9.1154                     9.0261                     8.9209                     9.1154                    10.2437    Chunk_Overwrite
    17                     9.1961                     9.1195                     9.0303                     9.1195                    10.2546    Chunk_Overwrite
    18                     8.7670                     8.6673                     8.5527                     8.6673                     9.5970    Chunk_Overwrite
    19                     8.8577                     8.7703                     8.6707                     8.7703                     9.6007    Chunk_Overwrite
    20                     8.4941                     8.3908                     8.2741                     8.3908                     9.0429    Chunk_Overwrite
    21                    11.1671                    11.2184                     8.2762                     8.3929                    12.6340    Chunk_Overwrite
    22                    10.7225                    11.2203                     7.9243                     8.0537                    12.6362    Chunk_Overwrite
    23                    10.3212                    10.7510                     7.6123                     7.7510                    11.9490    Chunk_Overwrite
    24                     9.9560                    10.3283                     7.3328                     7.4783                    11.3472    Chunk_Overwrite
    25                     9.9702                    10.3264                     7.4809                     7.6122                    11.2863    Chunk_Overwrite
    26                     9.6496                     9.9609                     7.2336                     7.3700                    10.7873    Chunk_Overwrite
    27                    10.9932                     9.9618                     8.8709                     7.3709                    10.7883    Numeric_Adjustment
    28                    11.7345                    10.8451                     9.8016                     8.3668                    11.8151    Chunk_Overwrite
    29                    12.4207                    11.6546                    10.6546                     9.2796                    12.7388    Chunk_Overwrite
    30                    12.1281                    11.6554                    10.3980                     9.2804                    12.7397    Chunk_Overwrite
    31                    11.8556                    11.6561                    10.1610                     9.2811                    12.7405    Chunk_Overwrite
    32                    11.6012                    11.3595                    10.1617                     9.2819                    12.7413    Chunk_Overwrite
    33                    11.2985                    11.0086                    10.1624                     9.2826                    12.7421    Chunk_Overwrite
    34                    11.2656                    10.9808                    10.1660                     9.3219                    12.6251    Chunk_Overwrite
    35                    10.9919                    10.6689                     9.8832                     9.3233                    12.1544    Chunk_Overwrite
    36                    10.7345                    10.3786                     9.6200                     9.0517                    11.7247    Chunk_Overwrite
    37                    10.7202                    10.3742                     9.6409                     9.0963                    11.6640    Chunk_Overwrite
    38                    10.7067                    10.3700                     9.6604                     9.1376                    11.6080    Chunk_Overwrite
    39                    10.4775                    10.1160                     9.4285                     8.9001                    11.2484    Chunk_Overwrite
    40                    10.4707                    10.1194                     9.4295                     8.9446                    11.2113    Chunk_Overwrite
    41                    11.2336                    11.0052                    10.3630                     9.9542                    12.2485    Chunk_Overwrite
    42                    11.2083                    10.9831                    10.3592                     9.9631                    12.1794    Chunk_Overwrite
    43                    10.9887                    10.7395                    10.3599                     9.9638                    11.8478    Chunk_Overwrite
    44                    10.7798                    10.5094                    10.1276                     9.7296                    11.5379    Chunk_Overwrite
    45                    10.7665                    10.5016                    10.1302                     9.7304                    11.4970    Chunk_Overwrite
    46                    10.5719                    10.2891                     9.9164                     9.7313                    11.2161    Chunk_Overwrite
    47                    10.5194                    10.2374                     9.8718                     9.6872                    11.1283    Chunk_Overwrite
    48                    10.3387                    10.0417                     9.6756                     9.4740                    10.8740    Chunk_Overwrite
    49                    10.1657                     9.8553                     9.4891                     9.2727                    10.6338    Chunk_Overwrite
    50                     9.9995                     9.8558                     9.4896                     9.0818                    10.4061    Chunk_Overwrite
    51                     9.8404                     9.6781                     9.3122                     8.9013                    10.1907    Chunk_Overwrite
    52                     9.8276                     9.6674                     9.3098                     8.9094                    10.1658    Chunk_Overwrite
    53                     9.8347                     9.6792                     9.3306                     8.9419                    10.1664    Chunk_Overwrite
    54                     9.8417                     9.6907                     9.3506                     8.9729                    10.1677    Chunk_Overwrite
    55                     9.6973                     9.5312                     9.1917                     8.9735                     9.9735    Chunk_Overwrite
    56                     9.5581                     9.3783                     9.0395                     8.9739                     9.9739    Chunk_Overwrite
    57                     9.4239                     9.2315                     8.8937                     8.9744                     9.9744    Chunk_Overwrite
    58                     9.4375                     9.2507                     8.9209                     9.0037                     9.9750    Chunk_Overwrite
    59                     9.3103                     9.1124                     8.7837                     8.8457                     9.7901    Chunk_Overwrite
    60                     9.3254                     9.1332                     8.8119                     8.8766                     9.7998    Chunk_Overwrite
    61                     9.2040                     9.1333                     8.8121                     8.8767                     9.7999    Chunk_Overwrite
    62                     9.0868                     9.0021                     8.8124                     8.8771                     9.6271    Chunk_Overwrite
    63                     8.9734                     8.8758                     8.8128                     8.8775                     9.4619    Chunk_Overwrite
    64                     8.8638                     8.7541                     8.6829                     8.8780                     9.3040    Chunk_Overwrite
    65                     8.7574                     8.7543                     8.6831                     8.8782                     9.1525    Chunk_Overwrite
    66                     8.7640                     8.7621                     8.6930                     8.8855                     9.1534    Chunk_Overwrite
    67                     8.6624                     8.7623                     8.6932                     8.7398                     9.1537    Chunk_Overwrite
    68                     8.5641                     8.6468                     8.5704                     8.6006                     9.1541    Chunk_Overwrite
    69                     8.5642                     8.6469                     8.4518                     8.6007                     9.1542    Chunk_Overwrite
    70                     8.4687                     8.6473                     8.3379                     8.4672                     9.0121    Chunk_Overwrite
    71                     8.3761                     8.5358                     8.2279                     8.3391                     9.0126    Chunk_Overwrite
    72                     8.4022                     8.5638                     8.2623                     8.3762                     9.0362    Chunk_Overwrite
    73                     8.3129                     8.5640                     8.2625                     8.3764                     8.9017    Chunk_Overwrite
    74                     8.2263                     8.5642                     8.1575                     8.2550                     8.9021    Chunk_Overwrite
    75                     8.1420                     8.5645                     8.0560                     8.2553                     8.7728    Chunk_Overwrite
    76                     8.0601                     8.4581                     7.9581                     8.2557                     8.6485    Chunk_Overwrite
    77                     7.9803                     8.4582                     7.9582                     8.2559                     8.5286    Chunk_Overwrite
    78                     7.9026                     8.3551                     7.9585                     8.2562                     8.4131    Chunk_Overwrite
    79                     8.3664                     8.9166                     7.9587                     8.2564                     8.4133    Noise_Perturbation
    80                     8.2859                     8.8096                     7.8640                     8.1397                     8.3021    Noise_Perturbation
    81                     8.3099                     8.8309                     7.8643                     8.1783                     8.3351    Noise_Perturbation
    82                     8.2319                     8.7283                     7.8646                     8.1786                     8.2288    Noise_Perturbation
    83                     8.2436                     8.7351                     7.8857                     8.1973                     8.2450    Noise_Perturbation
    84                     8.2179                     8.6969                     7.8586                     8.1607                     8.2106    Noise_Perturbation
    85                     8.1441                     8.6009                     7.7698                     8.0540                     8.1117    Noise_Perturbation
    86                     8.0719                     8.5077                     7.6837                     8.0544                     8.0159    Noise_Perturbation
    87                     8.0968                     8.5314                     7.7214                     8.0917                     8.0502    Noise_Perturbation
    88                     8.0269                     8.4418                     7.6386                     7.9898                     7.9584    Noise_Perturbation
    89                     7.9585                     8.4420                     7.6388                     7.9900                     7.8692    Noise_Perturbation
    90                     7.8917                     8.3547                     7.6390                     7.9902                     7.7828    Noise_Perturbation
    91                     7.9174                     8.3795                     7.6762                     8.0273                     7.8184    Noise_Perturbation
    92                     7.8525                     8.3796                     7.5962                     8.0275                     7.8186    Noise_Perturbation
    93                     7.7890                     8.3798                     7.5964                     7.9298                     7.8187    Noise_Perturbation
    94                     7.7270                     8.2957                     7.5188                     7.9301                     7.7356    Noise_Perturbation
    95                     7.7316                     8.2960                     7.5278                     7.9341                     7.7418    Noise_Perturbation
    96                     7.6715                     8.2961                     7.5280                     7.9342                     7.6620    Noise_Perturbation
    97                     7.6126                     8.2963                     7.5282                     7.8412                     7.5845    Noise_Perturbation
    98                     7.5551                     8.2145                     7.4536                     7.7512                     7.5848    Noise_Perturbation
    99                     7.4986                     8.2146                     7.4537                     7.7513                     7.5848    Noise_Perturbation
   100                     7.4986                     8.2146                     7.4538                     7.7514                     7.5093    Noise_Perturbation
   101                     7.4433                     8.2148                     7.3811                     7.7515                     7.5095    Noise_Perturbation
   102                     7.3892                     8.2149                     7.3105                     7.7517                     7.4361    Noise_Perturbation
   103                     7.3361                     8.2151                     7.2417                     7.7518                     7.4363    Noise_Perturbation
   104                     7.2842                     8.1354                     7.1749                     7.7521                     7.3650    Noise_Perturbation
   105                     7.2332                     8.1355                     7.1750                     7.6648                     7.3651    Noise_Perturbation
   106                     7.1832                     8.0578                     7.1752                     7.6650                     7.2956    Noise_Perturbation
   107                     7.1343                     7.9822                     7.1101                     7.5805                     7.2281    Noise_Perturbation
   108                     7.0863                     7.9085                     7.0466                     7.4985                     7.2283    Noise_Perturbation
   109                     7.0392                     7.8365                     6.9846                     7.4986                     7.2285    Noise_Perturbation
   110                     7.0683                     7.8650                     6.9847                     7.4988                     7.2286    Noise_Perturbation
   111                     7.0971                     7.8930                     7.0244                     7.5386                     7.2667    Noise_Perturbation
   112                     7.1253                     7.9203                     7.0631                     7.5773                     7.3038    Noise_Perturbation
   113                     7.1529                     7.9468                     7.1008                     7.6148                     7.3040    Noise_Perturbation
   114                     7.4527                     7.9470                     7.1009                     8.0798                     7.7198    Local_Reuse
   115                     7.4769                     7.9729                     7.1377                     8.1091                     7.7200    Local_Reuse
   116                     7.5006                     7.9731                     7.1735                     8.1093                     7.7504    Local_Reuse
   117                     7.5240                     7.9984                     7.2086                     8.1378                     7.7801    Local_Reuse
   118                     7.8101                     8.3681                     7.5917                     8.5765                     8.1750    Local_Reuse
   119                     7.8302                     8.3681                     7.5918                     8.5978                     8.1751    Local_Reuse
   120                     8.1087                     8.7292                     7.5920                     8.5980                     8.5603    Noise_Perturbation
   121                     8.3824                     9.0823                     7.9662                     9.0188                     8.5605    Noise_Perturbation
   122                     8.3824                     9.0823                     7.9662                     9.0188                     8.5605    Noise_Perturbation
   123                     8.3972                     9.0824                     7.9909                     9.0189                     8.5794    Noise_Perturbation
   124                     8.4118                     9.0943                     8.0152                     9.0340                     8.5979    Noise_Perturbation
   125                     8.4261                     9.1058                     8.0154                     9.0485                     8.5981    Noise_Perturbation
   126                     8.3741                     9.0302                     7.9502                     8.9602                     8.5232    Noise_Perturbation
   127                     8.3230                     8.9562                     7.8865                     8.8741                     8.4499    Noise_Perturbation
   128                     8.3377                     8.9689                     7.9110                     8.8743                     8.4692    Noise_Perturbation
   129                     8.3522                     8.9812                     7.9351                     8.8745                     8.4881    Noise_Perturbation
   130                     8.6063                     8.9813                     7.9352                     9.2654                     8.4882    Local_Reuse
   131                     8.6184                     8.9935                     7.9587                     9.2764                     8.5067    Local_Reuse
   132                     8.5674                     8.9229                     7.8975                     9.1896                     8.4368    Local_Reuse
   133                     8.8140                     9.2415                     8.2334                     9.1898                     8.7815    Noise_Perturbation
   134                     8.8140                     9.2415                     8.2335                     9.1898                     8.7100    Noise_Perturbation
   135                     8.7622                     9.1698                     8.1707                     9.1050                     8.6402    Noise_Perturbation
   136                     8.7727                     9.1795                     8.1709                     9.1175                     8.6560    Noise_Perturbation
   137                     9.0121                     9.4861                     8.4972                     9.4826                     8.9840    Noise_Perturbation
   138                     9.0206                     9.4926                     8.5138                     9.4904                     8.9960    Noise_Perturbation
   139                     9.2544                     9.4927                     8.8300                     9.4906                     9.3138    Noise_Perturbation
   140                     9.2012                     9.4213                     8.7638                     9.4062                     9.3140    Noise_Perturbation
   141                     9.4303                     9.7167                     9.0714                     9.7555                     9.6254    Local_Reuse
   142                     9.3766                     9.6445                     9.0041                     9.6701                     9.6255    Local_Reuse
   143                     9.3748                     9.6397                     9.0055                     9.6643                     9.6207    Local_Reuse
   144                     9.3223                     9.5697                     8.9401                     9.5817                     9.5467    Local_Reuse
   145                     9.5439                     9.8527                     9.2344                     9.9139                     9.8467    Local_Reuse
   146                     9.4909                     9.8528                     9.1681                     9.9141                     9.7718    Local_Reuse
   147                     9.4670                     9.8188                     9.1400                     9.8736                     9.7369    Local_Reuse
   148                     9.4716                     9.8216                     9.1492                     9.8764                     9.7370    Local_Reuse
   149                     9.7629                    10.1939                     9.5309                    10.3109                    10.1313    Local_Reuse
   150                     9.9738                    10.4612                     9.8066                    10.3110                    10.4144    Noise_Perturbation
   151                     9.9196                    10.3875                     9.7381                    10.2260                    10.3371    Noise_Perturbation
   152                    10.1265                    10.6485                    10.0071                    10.5344                    10.6130    Noise_Perturbation
   153                    10.1266                    10.6485                    10.2713                    10.8364                    10.6131    Local_Reuse
   154                    10.1266                    10.6441                    10.2702                    10.8294                    10.6087    Local_Reuse
   155                    10.3292                    10.8983                    10.5276                    11.1226                    10.8772    Local_Reuse
   156                    10.5292                    11.1482                    10.7807                    11.4099                    11.1408    Local_Reuse
   157                    10.7265                    11.3938                    11.0294                    11.6916                    11.1409    Local_Reuse
   158                    10.7225                    11.3832                    11.0219                    11.6765                    11.1320    Local_Reuse
   159                    10.9159                    11.3833                    11.2644                    11.9502                    11.1321    Local_Reuse
   160                    10.9107                    11.3729                    11.2551                    11.9329                    11.1233    Local_Reuse
   161                    10.9055                    11.3730                    11.2458                    11.9159                    11.1233    Local_Reuse
   162                    10.8488                    11.2966                    11.1717                    11.8246                    11.0445    Local_Reuse
   163                    10.8442                    11.2871                    11.1633                    11.8090                    11.0366    Local_Reuse
   164                    11.0306                    11.2872                    11.3950                    12.0688                    11.0367    Local_Reuse
   165                    11.2147                    11.5216                    11.3951                    12.3239                    11.0368    Local_Reuse
   166                    11.2077                    11.5217                    11.3952                    12.3041                    11.0368    Local_Reuse
   167                    11.2009                    11.5105                    11.3851                    12.2848                    11.0291    Local_Reuse
   168                    11.1445                    11.4354                    11.3122                    12.2849                    10.9530    Local_Reuse
   169                    11.1320                    11.4171                    11.2952                    12.2570                    10.9376    Local_Reuse
   170                    11.0766                    11.4172                    11.2952                    12.1682                    10.9376    Local_Reuse
   171                    11.0219                    11.4172                    11.2953                    12.0808                    10.9377    Local_Reuse
   172                    11.0164                    11.4071                    11.2862                    12.0640                    10.9378    Local_Reuse
   173                    11.0109                    11.3970                    11.2863                    12.0641                    10.9379    Local_Reuse
   174                    10.9577                    11.3251                    11.2158                    12.0642                    10.8639    Local_Reuse
   175                    10.9526                    11.3159                    11.2075                    12.0643                    10.8577    Local_Reuse
   176                    10.9527                    11.2457                    11.2075                    12.0643                    10.8578    Local_Reuse
   177                    10.9477                    11.2457                    11.2076                    12.0477                    10.8578    Local_Reuse
   178                    10.9428                    11.2372                    11.1994                    12.0479                    10.8518    Local_Reuse
   179                    10.9428                    11.2372                    11.1994                    12.0479                    10.8518    Local_Reuse
   180                    10.9379                    11.2289                    11.1913                    12.0480                    10.8459    Local_Reuse
   181                    10.9331                    11.2206                    11.1913                    12.0317                    10.8459    Local_Reuse
   182                    10.9284                    11.2125                    11.1834                    12.0157                    10.8401    Local_Reuse
   183                    10.8777                    11.1457                    11.1163                    11.9334                    10.7699    Local_Reuse
   184                    10.8276                    11.0798                    11.0502                    11.8524                    10.7008    Local_Reuse
   185                    10.7781                    11.0150                    10.9851                    11.7727                    10.6328    Local_Reuse
   186                    10.7291                    11.0150                    10.9208                    11.7728                    10.5658    Local_Reuse
   187                    10.6920                    10.9654                    10.9209                    11.7106                    10.5154    Local_Reuse
   188                    10.6552                    10.9165                    10.8720                    11.7107                    10.5155    Local_Reuse
   189                    10.7633                    10.9166                    11.0095                    11.8592                    10.6675    Local_Reuse
   190                    10.8702                    11.0528                    11.0096                    12.0053                    10.8172    Local_Reuse
   191                    10.9759                    11.1871                    11.1451                    12.1492                    10.9646    Local_Reuse
   192                    11.0805                    11.3195                    11.2788                    12.2908                    11.1098    Local_Reuse
   193                    11.0805                    11.2695                    11.2788                    12.2908                    11.1098    Local_Reuse
   194                    11.1839                    11.3995                    11.4106                    12.2909                    11.2528    Local_Reuse
   195                    11.1564                    11.3995                    11.4106                    12.2909                    11.2528    Local_Reuse
   196                    11.1400                    11.3770                    11.3877                    12.2584                    11.2529    Local_Reuse
   197                    11.1345                    11.3685                    11.3790                    12.2419                    11.2445    Local_Reuse
   198                    11.1291                    11.3601                    11.3704                    12.2419                    11.2362    Local_Reuse
   199                    11.1236                    11.3601                    11.3619                    12.2420                    11.2280    Local_Reuse
   200                    11.1077                    11.3602                    11.3619                    12.2421                    11.2052    Local_Reuse
   201                    11.1077                    11.3602                    11.3619                    12.2421                    11.2052    Local_Reuse
   202                    11.0815                    11.3602                    11.3264                    12.2421                    11.2053    Local_Reuse
   203                    11.0973                    11.3787                    11.3452                    12.2566                    11.2264    Local_Reuse
   204                    11.1595                    11.4570                    11.4237                    12.3396                    11.3120    Local_Reuse
   205                    11.1541                    11.4481                    11.4237                    12.3396                    11.3121    Local_Reuse
   206                    11.1282                    11.4131                    11.3886                    12.2926                    11.2750    Local_Reuse
   207                    11.1995                    11.5026                    11.4789                    12.3891                    11.3732    Local_Reuse
   208                    11.1737                    11.5027                    11.4439                    12.3891                    11.3733    Local_Reuse
   209                    11.1632                    11.4872                    11.4288                    12.3648                    11.3574    Local_Reuse
   210                    11.1529                    11.4719                    11.4139                    12.3408                    11.3418    Local_Reuse
   211                    11.1427                    11.4568                    11.3991                    12.3409                    11.3264    Local_Reuse
   212                    11.1325                    11.4419                    11.3992                    12.3409                    11.3264    Local_Reuse
   213                    11.1225                    11.4272                    11.3846                    12.3172                    11.3112    Local_Reuse
   214                    11.1125                    11.4126                    11.3703                    12.2939                    11.2962    Local_Reuse
   215                    11.0684                    11.3546                    11.3121                    12.2203                    11.2338    Local_Reuse
   216                    11.0588                    11.3407                    11.2984                    12.1980                    11.2195    Local_Reuse
   217                    11.0589                    11.3407                    11.2984                    12.1759                    11.2196    Local_Reuse
   218                    11.0493                    11.3407                    11.2985                    12.1760                    11.2054    Local_Reuse
   219                    11.0400                    11.3270                    11.2849                    12.1543                    11.1915    Local_Reuse
   220                    11.0355                    11.3196                    11.2777                    12.1400                    11.1844    Local_Reuse
   221                    10.9927                    11.2634                    11.2215                    12.0700                    11.1248    Local_Reuse
   222                    10.9504                    11.2080                    11.1660                    12.0009                    11.0659    Local_Reuse
   223                    11.0886                    11.2080                    11.1660                    12.0009                    11.2545    Local_Reuse
   224                    11.0792                    11.1954                    11.1536                    11.9811                    11.2407    Local_Reuse
   225                    11.0559                    11.1650                    11.1232                    11.9409                    11.2079    Local_Reuse
   226                    11.0140                    11.1111                    11.0693                    11.8741                    11.1500    Local_Reuse
   227                    11.0140                    11.1112                    11.0693                    11.8741                    11.1371    Local_Reuse
   228                    11.0051                    11.0993                    11.0694                    11.8742                    11.1243    Local_Reuse
   229                    11.0010                    11.0935                    11.0637                    11.8624                    11.1180    Local_Reuse
   230                    10.9922                    11.0819                    11.0637                    11.8439                    11.1181    Local_Reuse
   231                    11.2128                    11.0819                    11.0637                    11.8439                    11.1181    Local_Reuse
   232                    11.4315                    11.0820                    11.0638                    12.1591                    11.1181    Local_Reuse
   233                    11.6481                    11.3612                    11.0638                    12.1591                    11.4162    Local_Reuse
   234                    11.6366                    11.3482                    11.0523                    12.1592                    11.4020    Local_Reuse
   235                    11.6252                    11.3353                    11.0409                    12.1390                    11.3880    Local_Reuse
   236                    11.8381                    11.3354                    11.3220                    12.4481                    11.3880    Local_Reuse
   237                    11.7946                    11.2827                    11.3220                    12.3806                    11.3315    Local_Reuse
   238                    12.0048                    11.2827                    11.3221                    12.3806                    11.6210    Local_Reuse
   239                    11.9920                    11.2704                    11.3092                    12.3594                    11.6059    Local_Reuse
   240                    11.9793                    11.2582                    11.2965                    12.3385                    11.5910    Local_Reuse
   241                    11.9666                    11.2461                    11.2840                    12.3178                    11.5911    Local_Reuse
   242                    12.1113                    11.4353                    11.2840                    12.5267                    11.5911    Local_Reuse
   243                    12.1026                    11.4279                    11.2773                    12.5115                    11.5824    Local_Reuse
   244                    12.3060                    11.6913                    11.5491                    12.5115                    11.8636    Local_Reuse
   245                    12.2620                    11.6387                    11.4958                    12.4462                    11.8062    Local_Reuse
   246                    12.2484                    11.6249                    11.4824                    12.4462                    11.7905    Local_Reuse
   247                    12.4486                    11.6249                    11.4824                    12.4463                    12.0656    Numeric_Adjustment
   248                    12.6472                    11.8830                    11.7485                    12.7380                    12.3375    Local_Reuse
   249                    12.6321                    11.8680                    11.7338                    12.7154                    12.3376    Local_Reuse
   250                    12.6130                    11.8478                    11.7138                    12.6871                    12.3133    Local_Reuse
   251                    12.5982                    11.8331                    11.6995                    12.6871                    12.2950    Local_Reuse
   252                    12.5835                    11.8331                    11.6995                    12.6871                    12.2950    Local_Reuse
   253                    12.5399                    11.7814                    11.6471                    12.6223                    12.2371    Local_Reuse
   254                    12.5399                    11.7814                    11.6471                    12.6223                    12.2194    Local_Reuse
   255                    12.6750                    11.9577                    11.8290                    12.8204                    12.4042    Local_Reuse
   256                    12.6602                    11.9427                    11.8143                    12.8205                    12.3858    Local_Reuse
   257                    12.8513                    12.1897                    12.0686                    13.1011                    12.6454    Local_Reuse
   258                    12.8072                    12.1372                    12.0153                    13.0349                    12.5872    Local_Reuse
   259                    12.9962                    12.3805                    12.2658                    13.3108                    12.8428    Local_Reuse
   260                    12.9519                    12.3276                    12.2659                    13.2441                    12.7842    Local_Reuse
   261                    12.9362                    12.3276                    12.2491                    13.2442                    12.7642    Local_Reuse
   262                    13.1224                    12.3277                    12.4957                    13.5156                    13.0147    Local_Reuse
   263                    13.3070                    12.5676                    12.7398                    13.5156                    13.0147    Local_Reuse
   264                    13.4902                    12.8050                    12.9813                    13.7838                    13.2625    Local_Reuse
   265                    13.4766                    12.7913                    12.9664                    13.7839                    13.2456    Local_Reuse
   266                    13.4315                    12.7373                    12.9104                    13.7157                    13.1864    Local_Reuse
   267                    13.4143                    12.7191                    12.8909                    13.6889                    13.1865    Local_Reuse
   268                    13.5942                    12.9510                    12.8909                    13.9514                    13.1865    Local_Reuse
   269                    13.5765                    12.9510                    12.8909                    13.9514                    13.1649    Local_Reuse
   270                    13.7543                    13.1806                    13.1267                    14.2110                    13.4067    Local_Reuse
   271                    13.7090                    13.1258                    13.0708                    14.1418                    13.3475    Local_Reuse
   272                    13.6911                    13.1060                    13.0508                    14.1133                    13.3255    Local_Reuse
   273                    13.6617                    13.0717                    13.0159                    14.1133                    13.2880    Local_Reuse
   274                    13.6403                    13.0474                    12.9913                    14.0794                    13.2613    Local_Reuse
   275                    13.7417                    13.0475                    13.1262                    14.0794                    13.2614    Local_Reuse
   276                    13.7239                    13.0283                    13.1063                    14.0795                    13.2401    Local_Reuse
   277                    13.7101                    13.0142                    13.0915                    14.0572                    13.2241    Local_Reuse
   278                    13.6926                    13.0142                    13.0719                    14.0572                    13.2031    Local_Reuse
   279                    13.6753                    12.9954                    13.0720                    14.0296                    13.2032    Local_Reuse
   280                    13.6317                    12.9433                    13.0185                    13.9634                    13.1471    Local_Reuse
   281                    13.6147                    12.9250                    13.0185                    13.9365                    13.1268    Local_Reuse
   282                    13.7135                    13.0538                    13.1500                    14.0803                    13.2617    Local_Reuse
   283                    13.6964                    13.0352                    13.1304                    14.0532                    13.2618    Local_Reuse
   284                    13.7941                    13.1623                    13.2601                    14.1948                    13.3953    Local_Reuse
   285                    13.7768                    13.1433                    13.2402                    14.1948                    13.3954    Local_Reuse
   286                    13.7595                    13.1245                    13.2403                    14.1673                    13.3954    Local_Reuse
   287                    13.7168                    13.0734                    13.1872                    14.1025                    13.3395    Local_Reuse
   288                    13.8131                    13.0735                    13.3148                    14.1025                    13.4713    Local_Reuse
   289                    13.7958                    13.0735                    13.3148                    14.1025                    13.4713    Local_Reuse
   290                    13.7535                    13.0229                    13.2619                    14.0384                    13.4156    Local_Reuse
   291                    13.7402                    13.0095                    13.2471                    14.0175                    13.4157    Local_Reuse
   292                    13.7271                    12.9962                    13.2471                    13.9968                    13.3995    Local_Reuse
   293                    13.6997                    12.9649                    13.2137                    13.9553                    13.3641    Local_Reuse
   294                    13.6868                    12.9649                    13.1992                    13.9351                    13.3641    Local_Reuse
   295                    13.6741                    12.9520                    13.1849                    13.9151                    13.3484    Local_Reuse
   296                    13.6330                    12.9031                    13.1338                    13.8540                    13.2943    Local_Reuse
   297                    13.5922                    12.8546                    13.0832                    13.7934                    13.2408    Local_Reuse
   298                    13.5799                    12.8547                    13.0696                    13.7935                    13.2258    Local_Reuse
   299                    13.5676                    12.8424                    13.0561                    13.7935                    13.2110    Local_Reuse
   300                    13.5676                    12.8424                    13.0381                    13.7935                    13.2110    Local_Reuse
   301                    13.5555                    12.8302                    13.0249                    13.7746                    13.1964    Local_Reuse
   302                    13.5434                    12.8181                    13.0118                    13.7559                    13.1818    Local_Reuse
   303                    13.5037                    12.7709                    12.9631                    13.6968                    13.1301    Local_Reuse
   304                    13.4642                    12.7241                    12.9148                    13.6382                    13.0788    Local_Reuse
   305                    13.4250                    12.6777                    12.8670                    13.5803                    13.0280    Local_Reuse
   306                    13.3860                    12.6317                    12.8195                    13.5229                    13.0280    Local_Reuse
   307                    13.3747                    12.6208                    12.8076                    13.5059                    13.0145    Local_Reuse
   308                    13.3635                    12.6099                    12.7958                    13.4890                    13.0012    Local_Reuse
   309                    13.3252                    12.5648                    12.7493                    13.4330                    12.9514    Local_Reuse
   310                    13.3142                    12.5542                    12.7493                    13.4166                    12.9384    Local_Reuse
   311                    13.2763                    12.5097                    12.7032                    13.3615                    12.8894    Local_Reuse
   312                    13.2656                    12.4995                    12.6920                    13.3456                    12.8768    Local_Reuse
   313                    13.2281                    12.4556                    12.6465                    13.2913                    12.8285    Local_Reuse
   314                    13.2142                    12.4415                    12.6466                    13.2712                    12.8285    Local_Reuse
   315                    13.1771                    12.3982                    12.6015                    13.2177                    12.7807    Local_Reuse
   316                    13.1403                    12.3553                    12.5568                    13.1648                    12.7332    Local_Reuse
   317                    13.1269                    12.3418                    12.5421                    13.1456                    12.7171    Local_Reuse
   318                    13.0904                    12.2995                    12.4981                    13.0935                    12.7172    Local_Reuse
   319                    13.0806                    12.2904                    12.4880                    13.0794                    12.7056    Numeric_Adjustment
   320                    13.0675                    12.2773                    12.4738                    13.0608                    12.6898    Numeric_Adjustment
   321                    13.0545                    12.2643                    12.4597                    13.0424                    12.6741    Numeric_Adjustment
   322                    13.0188                    12.2230                    12.4167                    12.9918                    12.6742    Numeric_Adjustment
   323                    12.9833                    12.1820                    12.3741                    12.9416                    12.6282    Numeric_Adjustment
   324                    12.9707                    12.1696                    12.3606                    12.9240                    12.6129    Numeric_Adjustment
   325                    12.9356                    12.1291                    12.3185                    12.8746                    12.5676    Numeric_Adjustment
   326                    13.0422                    12.2650                    12.4564                    13.0256                    12.7115    Numeric_Adjustment
   327                    13.0327                    12.2563                    12.4468                    13.0123                    12.7115    Numeric_Adjustment
   328                    12.9977                    12.2160                    12.4049                    12.9632                    12.6662    Numeric_Adjustment
   329                    12.9853                    12.2037                    12.3916                    12.9459                    12.6510    Numeric_Adjustment
   330                    12.9507                    12.1639                    12.3502                    12.8974                    12.6063    Numeric_Adjustment
   331                    12.9416                    12.1558                    12.3412                    12.8975                    12.5957    Numeric_Adjustment
   332                    12.9074                    12.1558                    12.3004                    12.8495                    12.5516    Numeric_Adjustment
   333                    12.8954                    12.1558                    12.2876                    12.8495                    12.5371    Numeric_Adjustment
   334                    12.8954                    12.1558                    12.2876                    12.8329                    12.5371    Numeric_Adjustment
   335                    13.0402                    12.3392                    12.2877                    13.0367                    12.7311    Numeric_Adjustment
   336                    13.2090                    12.3392                    12.5043                    13.0367                    12.7311    Numeric_Adjustment
   337                    13.2928                    12.4472                    12.6129                    13.1554                    12.8447    Numeric_Adjustment
   338                    13.3760                    12.5543                    12.6129                    13.2731                    12.9573    Numeric_Adjustment
   339                    13.3627                    12.5544                    12.6130                    13.2731                    12.9414    Numeric_Adjustment
   340                    13.4451                    12.6607                    12.7207                    13.2731                    13.0527    Numeric_Adjustment
   341                    13.4348                    12.6508                    12.7105                    13.2593                    13.0406    Numeric_Adjustment
   342                    13.4245                    12.6410                    12.7003                    13.2594                    13.0286    Numeric_Adjustment
   343                    13.5642                    12.6410                    12.8801                    13.2594                    13.0286    Numeric_Adjustment
   344                    13.6450                    12.6410                    12.8801                    13.2594                    13.0287    Numeric_Adjustment
   345                    13.7254                    12.7458                    12.9852                    13.3756                    13.1382    Numeric_Adjustment
   346                    13.8870                    12.7458                    12.9852                    13.6071                    13.1383    Numeric_Adjustment
   347                    13.9662                    12.8498                    13.0894                    13.6072                    13.2470    Numeric_Adjustment
   348                    14.1262                    13.0553                    13.2963                    13.6072                    13.4632    Numeric_Adjustment
   349                    14.1140                    13.0441                    13.2841                    13.5921                    13.4497    Numeric_Adjustment
   350                    14.2726                    13.2473                    13.4887                    13.8208                    13.4498    Numeric_Adjustment
   351                    14.4303                    13.4490                    13.6918                    13.8208                    13.6635    Numeric_Adjustment
   352                    14.5066                    13.4490                    13.6918                    13.8208                    13.6635    Numeric_Adjustment
   353                    14.5066                    13.4490                    13.6918                    13.8208                    13.7684    Numeric_Adjustment
   354                    14.4935                    13.4365                    13.6782                    13.8050                    13.7538    Numeric_Adjustment
   355                    14.5692                    13.5355                    13.7775                    13.9164                    13.7539    Numeric_Adjustment
   356                    14.5560                    13.5228                    13.7637                    13.9164                    13.7395    Numeric_Adjustment
   357                    14.5428                    13.5101                    13.7500                    13.9003                    13.7395    Numeric_Adjustment
   358                    14.5063                    13.5101                    13.7066                    13.8507                    13.6938    Numeric_Adjustment
   359                    14.6366                    13.6777                    13.8747                    14.0400                    13.8712    Numeric_Adjustment
   360                    14.6204                    13.6609                    13.8571                    14.0194                    13.8526    Numeric_Adjustment
   361                    14.6072                    13.6479                    13.8433                    14.0032                    13.8380    Numeric_Adjustment
   362                    14.7362                    13.8132                    14.0090                    14.1895                    14.0128    Numeric_Adjustment
   363                    14.8961                    14.0171                    14.2137                    14.4196                    14.2285    Numeric_Adjustment
   364                    15.0235                    14.1798                    14.3769                    14.4196                    14.2285    Numeric_Adjustment
   365                    15.0955                    14.1798                    14.4700                    14.4196                    14.2285    Numeric_Adjustment
   366                    15.1670                    14.1798                    14.4700                    14.5248                    14.2285    Numeric_Adjustment
   367                    15.1525                    14.1651                    14.4542                    14.5067                    14.2127    Numeric_Adjustment
   368                    15.2235                    14.2580                    14.5464                    14.6108                    14.3115    Numeric_Adjustment
   369                    15.2942                    14.3503                    14.6380                    14.7139                    14.4095    Numeric_Adjustment
   370                    15.3644                    14.4419                    14.7289                    14.8163                    14.5068    Numeric_Adjustment
   371                    15.4879                    14.4419                    14.8868                    14.9941                    14.5068    Numeric_Adjustment
   372                    15.6811                    14.6889                    15.1322                    14.9941                    14.7694    Numeric_Adjustment
   373                    15.8030                    14.6889                    15.1322                    14.9942                    14.9360    Numeric_Adjustment
   374                    15.9242                    14.8458                    15.1322                    14.9942                    14.9360    Numeric_Adjustment
   375                    15.9079                    14.8291                    15.1144                    14.9746                    14.9179    Numeric_Adjustment
   376                    15.9752                    14.8291                    15.1144                    14.9746                    14.9179    Numeric_Adjustment
   377                    15.9561                    14.8291                    15.1144                    14.9746                    14.8961    Numeric_Adjustment
   378                    15.9561                    14.9177                    15.1144                    14.9746                    14.9898    Numeric_Adjustment
   379                    15.9561                    14.9177                    15.2023                    14.9746                    15.0827    Numeric_Adjustment
   380                    15.9561                    15.0721                    15.3563                    14.9747                    15.2451    Numeric_Adjustment
   381                    15.9398                    15.0548                    15.3379                    14.9552                    15.2261    Numeric_Adjustment
   382                    16.0065                    15.1417                    15.4242                    15.0550                    15.3172    Numeric_Adjustment
   383                    16.0729                    15.2280                    15.5098                    15.1539                    15.4076    Numeric_Adjustment
   384                    16.1910                    15.2281                    15.5098                    15.1540                    15.5665    Numeric_Adjustment
   385                    16.2564                    15.3138                    15.5949                    15.2521                    15.5665    Numeric_Adjustment
   386                    16.2396                    15.2958                    15.5759                    15.2319                    15.5467    Numeric_Adjustment
   387                    16.2396                    15.2958                    15.6601                    15.2319                    15.5467    Numeric_Adjustment
   388                    16.3209                    15.4013                    15.7643                    15.3525                    15.6570    Numeric_Adjustment
   389                    16.4588                    15.5777                    15.7643                    15.3525                    15.8420    Numeric_Adjustment
   390                    16.5228                    15.6610                    15.7643                    15.3525                    15.9289    Numeric_Adjustment
   391                    16.6378                    15.6611                    15.9122                    15.5227                    16.0830    Numeric_Adjustment
   392                    16.7010                    15.6611                    15.9122                    15.5227                    16.1684    Numeric_Adjustment
   393                    16.6832                    15.6422                    15.8924                    15.5017                    16.1684    Numeric_Adjustment
   394                    16.7459                    15.7248                    15.9744                    15.5017                    16.2533    Numeric_Adjustment
   395                    16.8591                    15.8708                    16.1201                    15.5018                    16.4046    Numeric_Adjustment
   396                    16.8411                    15.8514                    16.0998                    15.4809                    16.4047    Numeric_Adjustment
   397                    16.8231                    15.8321                    16.0796                    15.4602                    16.3824    Numeric_Adjustment
   398                    16.9564                    15.8321                    16.0796                    15.4602                    16.3824    Numeric_Adjustment
   399                    16.9382                    15.8130                    16.0596                    15.4396                    16.3604    Numeric_Adjustment
   400                    16.9095                    15.7807                    16.0263                    15.4039                    16.3244    Numeric_Adjustment
   401                    16.9705                    15.8611                    16.1063                    15.4978                    16.4073    Numeric_Adjustment
   402                    16.9498                    15.8388                    16.0830                    15.4735                    16.3818    Numeric_Adjustment
   403                    17.0103                    15.8388                    16.0830                    15.5664                    16.3819    Numeric_Adjustment
   404                    16.9922                    15.8199                    16.0633                    15.5458                    16.3601    Numeric_Adjustment
   405                    17.0524                    15.8995                    16.1423                    15.6378                    16.4419    Numeric_Adjustment
   406                    17.0343                    15.8805                    16.1224                    15.6171                    16.4201    Numeric_Adjustment
   407                    17.0940                    15.9593                    16.2008                    15.7081                    16.4201    Numeric_Adjustment
   408                    17.1534                    16.0376                    16.2008                    15.7984                    16.5012    Numeric_Adjustment
   409                    17.1351                    16.0184                    16.1809                    15.7773                    16.4793    Numeric_Adjustment
   410                    17.1351                    16.0184                    16.1809                    15.8667                    16.4793    Numeric_Adjustment
   411                    17.2430                    16.1573                    16.3202                    16.0250                    16.6242    Numeric_Adjustment
   412                    17.3502                    16.2953                    16.3202                    16.0250                    16.7682    Numeric_Adjustment
   413                    17.3316                    16.2954                    16.3000                    16.0251                    16.7456    Numeric_Adjustment
   414                    17.4585                    16.4582                    16.4638                    16.0251                    16.9151    Numeric_Adjustment
   415                    17.5848                    16.6199                    16.4639                    16.2114                    16.9151    Numeric_Adjustment
   416                    17.6901                    16.7551                    16.6009                    16.3674                    17.0566    Numeric_Adjustment
   417                    17.8303                    16.9340                    16.7819                    16.3674                    17.0566    Numeric_Adjustment
   418                    17.8865                    17.0072                    16.8564                    16.4533                    17.0567    Numeric_Adjustment
   419                    17.8668                    16.9854                    16.8564                    16.4534                    17.0333    Numeric_Adjustment
   420                    17.9226                    16.9854                    16.9304                    16.4534                    17.1102    Numeric_Adjustment
   421                    18.0358                    17.1304                    17.0769                    16.4534                    17.2629    Numeric_Adjustment
   422                    18.0159                    17.1083                    17.0548                    16.4534                    17.2392    Numeric_Adjustment
   423                    18.1382                    17.2644                    17.0548                    16.4535                    17.4037    Numeric_Adjustment
   424                    18.1928                    17.2645                    17.0548                    16.5388                    17.4037    Numeric_Adjustment
   425                    18.1726                    17.2421                    17.0328                    16.5388                    17.3796    Numeric_Adjustment
   426                    18.2269                    17.3130                    17.1053                    16.6235                    17.4541    Numeric_Adjustment
   427                    18.2808                    17.3130                    17.1053                    16.6235                    17.4541    Numeric_Adjustment
   428                    18.2409                    17.2659                    17.0582                    16.5714                    17.4039    Numeric_Adjustment
   429                    18.3412                    17.3950                    17.1896                    16.5715                    17.4039    Numeric_Adjustment
   430                    18.3945                    17.4648                    17.1896                    16.6555                    17.4778    Numeric_Adjustment
   431                    18.5135                    17.6170                    17.1896                    16.8349                    17.4778    Numeric_Adjustment
   432                    18.6124                    17.6170                    17.1896                    16.8349                    17.6129    Numeric_Adjustment
   433                    18.7304                    17.6170                    17.3451                    16.8350                    17.7730    Numeric_Adjustment
   434                    18.7822                    17.6170                    17.4157                    16.8350                    17.8449    Numeric_Adjustment
   435                    18.7822                    17.6170                    17.4157                    16.9174                    17.8449    Numeric_Adjustment
   436                    18.8991                    17.7683                    17.5694                    17.0947                    17.8450    Numeric_Adjustment
   437                    19.0155                    17.9186                    17.7223                    17.2707                    18.0033    Numeric_Adjustment
   438                    19.1313                    18.0681                    17.8742                    17.4455                    18.0033    Numeric_Adjustment
   439                    19.1313                    18.0681                    18.0251                    17.6191                    18.0033    Numeric_Adjustment
   440                    19.1095                    18.0439                    18.0008                    17.5929                    18.0033    Numeric_Adjustment
   441                    19.2246                    18.1921                    18.1504                    17.7647                    18.0034    Numeric_Adjustment
   442                    19.3390                    18.1921                    18.1505                    17.7647                    18.1607    Numeric_Adjustment
   443                    19.4339                    18.3152                    18.2749                    17.7648                    18.2914    Numeric_Adjustment
   444                    19.5473                    18.4617                    18.4228                    17.9354                    18.4468    Numeric_Adjustment
   445                    19.6602                    18.6073                    18.5698                    18.1049                    18.6012    Numeric_Adjustment
   446                    19.7086                    18.6073                    18.6346                    18.1049                    18.6692    Numeric_Adjustment
   447                    19.7567                    18.6714                    18.6990                    18.1050                    18.7368    Numeric_Adjustment
   448                    19.8494                    18.6714                    18.6990                    18.2458                    18.7368    Numeric_Adjustment
   449                    19.8970                    18.7351                    18.7630                    18.3206                    18.7368    Numeric_Adjustment
   450                    19.9585                    18.8163                    18.8446                    18.4154                    18.8228    Numeric_Adjustment
   451                    20.0501                    18.8163                    18.9643                    18.5537                    18.8228    Numeric_Adjustment
   452                    20.0969                    18.8792                    18.9644                    18.6267                    18.8895    Numeric_Adjustment
   453                    20.1877                    18.9978                    19.0834                    18.7634                    19.0151    Numeric_Adjustment
   454                    20.2782                    19.1157                    19.2017                    18.8992                    19.0151    Numeric_Adjustment
   455                    20.2545                    19.0892                    19.1749                    18.8696                    18.9873    Numeric_Adjustment
   456                    20.3004                    19.1506                    19.2363                    18.9406                    19.0528    Numeric_Adjustment
   457                    20.3460                    19.2116                    19.2975                    18.9406                    19.0528    Numeric_Adjustment
   458                    20.4353                    19.3275                    19.4138                    19.0744                    19.1768    Numeric_Adjustment
   459                    20.5563                    19.4833                    19.5703                    19.2538                    19.3432    Numeric_Adjustment
   460                    20.6630                    19.6209                    19.7084                    19.4122                    19.4901    Numeric_Adjustment
   461                    20.7074                    19.6799                    19.7675                    19.4805                    19.5532    Numeric_Adjustment
   462                    20.7074                    19.7385                    19.7675                    19.4805                    19.5532    Numeric_Adjustment
   463                    20.7950                    19.8512                    19.8811                    19.6108                    19.6741    Numeric_Adjustment
   464                    20.8389                    19.9090                    19.9393                    19.6779                    19.6742    Numeric_Adjustment
   465                    20.9440                    20.0434                    20.0748                    19.8328                    19.8187    Numeric_Adjustment
   466                    21.0305                    20.1543                    20.0748                    19.8328                    19.9380    Numeric_Adjustment
   467                    21.0034                    20.1543                    20.0433                    19.8329                    19.9380    Numeric_Adjustment
   468                    21.0893                    20.2646                    20.0433                    19.8329                    19.9381    Numeric_Adjustment
   469                    21.1321                    20.3206                    20.1005                    19.8988                    19.9381    Numeric_Adjustment
   470                    21.2174                    20.3206                    20.1006                    19.8988                    20.0567    Numeric_Adjustment
   471                    21.2731                    20.3931                    20.1746                    19.8989                    20.1353    Numeric_Adjustment
   472                    21.3711                    20.5187                    20.3021                    20.0456                    20.2707    Numeric_Adjustment
   473                    21.3711                    20.6491                    20.3022                    20.1978                    20.4113    Numeric_Adjustment
   474                    21.3459                    20.6196                    20.2732                    20.1652                    20.3804    Numeric_Adjustment
   475                    21.3208                    20.5902                    20.2444                    20.1328                    20.3496    Numeric_Adjustment
   476                    21.3625                    20.5902                    20.3003                    20.1967                    20.4084    Numeric_Adjustment
   477                    21.4461                    20.6972                    20.4092                    20.3210                    20.5231    Numeric_Adjustment
   478                    21.4873                    20.7509                    20.4643                    20.3839                    20.5810    Numeric_Adjustment
   479                    21.5283                    20.8043                    20.5191                    20.4465                    20.6385    Numeric_Adjustment
   480                    21.5692                    20.8574                    20.5736                    20.5086                    20.6957    Numeric_Adjustment
   481                    21.6692                    20.8574                    20.7028                    20.6556                    20.8317    Numeric_Adjustment
   482                    21.6416                    20.8250                    20.6706                    20.6192                    20.7974    Numeric_Adjustment
   483                    21.6819                    20.8778                    20.7242                    20.6802                    20.8536    Numeric_Adjustment
   484                    21.6391                    20.8264                    20.6729                    20.6221                    20.8536    Numeric_Adjustment
   485                    21.6139                    20.8264                    20.6438                    20.5892                    20.8537    Numeric_Adjustment
   486                    21.6540                    20.8789                    20.6970                    20.6498                    20.9096    Numeric_Adjustment
   487                    21.7525                    20.8789                    20.6970                    20.6498                    20.9096    Numeric_Adjustment
   488                    21.7922                    20.8789                    20.6970                    20.7099                    20.9096    Numeric_Adjustment
   489                    21.8727                    20.9827                    20.8019                    20.8284                    20.9096    Numeric_Adjustment
   490                    21.9119                    20.9827                    20.8544                    20.8284                    20.9652    Numeric_Adjustment
   491                    21.9509                    20.9828                    20.9067                    20.8284                    20.9652    Numeric_Adjustment
   492                    21.9898                    20.9828                    20.9067                    20.8284                    21.0204    Numeric_Adjustment
   493                    21.9622                    20.9505                    20.8746                    20.7923                    20.9860    Numeric_Adjustment
   494                    22.0415                    21.0536                    20.8746                    20.7923                    21.0955    Numeric_Adjustment
   495                    22.1375                    21.0536                    20.8747                    20.9343                    21.0955    Numeric_Adjustment
   496                    22.1756                    21.0536                    20.9265                    20.9343                    21.0955    Numeric_Adjustment
   497                    22.2709                    21.0536                    20.9266                    20.9343                    21.2272    Numeric_Adjustment
   498                    22.3086                    21.1049                    20.9782                    20.9343                    21.2811    Numeric_Adjustment
   499                    22.3462                    21.1559                    21.0295                    20.9929                    21.3347    Numeric_Adjustment
   500                    22.4405                    21.2790                    21.0295                    20.9929                    21.3347    Numeric_Adjustment
   501                    22.5303                    21.3961                    21.1476                    21.1273                    21.3347    Numeric_Adjustment
   502                    22.6470                    21.5472                    21.1477                    21.3004                    21.4959    Numeric_Adjustment
   503                    22.7527                    21.6843                    21.2865                    21.4574                    21.6420    Numeric_Adjustment
   504                    22.7262                    21.6535                    21.2566                    21.4230                    21.6094    Numeric_Adjustment
   505                    22.6997                    21.6229                    21.2269                    21.3889                    21.5769    Numeric_Adjustment
   506                    22.7359                    21.6716                    21.2769                    21.4450                    21.5769    Numeric_Adjustment
   507                    22.7720                    21.7200                    21.3267                    21.5008                    21.6289    Numeric_Adjustment
   508                    22.8079                    21.7682                    21.3761                    21.5563                    21.6806    Numeric_Adjustment
   509                    22.8830                    21.8659                    21.4754                    21.6680                    21.7851    Numeric_Adjustment
   510                    22.9742                    21.9839                    21.5950                    21.6680                    21.7851    Numeric_Adjustment
   511                    22.9476                    21.9529                    21.5649                    21.6336                    21.7525    Numeric_Adjustment
   512                    22.9829                    22.0000                    21.6132                    21.6882                    21.8034    Numeric_Adjustment
   513                    22.9829                    21.9665                    21.6132                    21.6882                    21.7682    Numeric_Adjustment
   514                    23.0180                    22.0133                    21.6613                    21.6882                    21.8187    Numeric_Adjustment
   515                    23.0529                    22.0599                    21.7092                    21.7425                    21.8188    Numeric_Adjustment
   516                    23.0529                    22.0599                    21.7092                    21.7425                    21.8690    Numeric_Adjustment
   517                    23.0264                    22.0291                    21.6790                    21.7082                    21.8367    Numeric_Adjustment
   518                    23.0612                    22.0754                    21.7266                    21.7621                    21.8866    Numeric_Adjustment
   519                    23.0347                    22.0447                    21.6966                    21.7279                    21.8544    Numeric_Adjustment
   520                    23.1080                    22.1392                    21.7927                    21.8368                    21.8544    Numeric_Adjustment
   521                    23.1971                    22.2535                    21.9088                    21.9683                    21.9776    Numeric_Adjustment
   522                    23.1971                    22.2535                    22.0038                    21.9684                    22.0784    Numeric_Adjustment
   523                    23.2313                    22.2988                    22.0499                    22.0209                    22.1272    Numeric_Adjustment
   524                    23.2653                    22.3438                    22.0499                    22.0731                    22.1272    Numeric_Adjustment
   525                    23.3375                    22.4365                    22.1442                    22.1797                    22.2271    Numeric_Adjustment
   526                    23.4255                    22.5490                    22.2582                    22.3087                    22.3480    Numeric_Adjustment
   527                    23.4589                    22.5930                    22.3033                    22.3088                    22.3957    Numeric_Adjustment
   528                    23.4321                    22.5616                    22.3033                    22.2737                    22.3957    Numeric_Adjustment
   529                    23.4034                    22.5616                    22.3033                    22.2737                    22.3957    Numeric_Adjustment
   530                    23.4905                    22.6729                    22.3034                    22.4017                    22.5155    Numeric_Adjustment
   531                    23.5235                    22.7163                    22.3482                    22.4521                    22.5625    Numeric_Adjustment
   532                    23.6320                    22.8540                    22.4886                    22.4521                    22.7105    Numeric_Adjustment
   533                    23.7023                    22.9439                    22.5806                    22.5562                    22.8072    Numeric_Adjustment
   534                    23.6753                    22.9121                    22.5492                    22.5209                    22.7735    Numeric_Adjustment
   535                    23.7077                    22.9545                    22.5930                    22.5209                    22.8192    Numeric_Adjustment
   536                    23.7400                    22.9545                    22.6366                    22.5705                    22.8193    Numeric_Adjustment
   537                    23.7111                    22.9203                    22.6029                    22.5325                    22.8193    Numeric_Adjustment
   538                    23.7432                    22.9203                    22.6463                    22.5818                    22.8193    Numeric_Adjustment
   539                    23.8125                    23.0091                    22.6463                    22.6840                    22.9150    Numeric_Adjustment
   540                    23.8443                    23.0510                    22.6894                    22.7326                    22.9601    Numeric_Adjustment
   541                    23.9287                    23.0510                    22.6894                    22.7326                    22.9601    Numeric_Adjustment
   542                    23.9972                    23.0510                    22.6894                    22.7326                    22.9601    Numeric_Adjustment
   543                    24.0654                    23.0510                    22.6894                    22.8338                    23.0549    Numeric_Adjustment
   544                    24.0965                    23.0926                    22.7324                    22.8817                    23.0995    Numeric_Adjustment
   545                    24.0693                    23.0609                    22.7012                    22.8463                    23.0655    Numeric_Adjustment
   546                    24.1003                    23.1023                    22.7439                    22.8939                    23.0655    Numeric_Adjustment
   547                    24.1311                    23.1435                    22.7439                    22.8939                    23.0655    Numeric_Adjustment
   548                    24.1618                    23.1435                    22.7864                    22.9412                    23.0655    Numeric_Adjustment
   549                    24.2443                    23.2499                    22.8947                    22.9413                    23.1802    Numeric_Adjustment
   550                    24.3112                    23.3364                    22.9829                    23.0405                    23.2734    Numeric_Adjustment
   551                    24.2820                    23.3364                    22.9491                    23.0406                    23.2366    Numeric_Adjustment
   552                    24.3638                    23.4418                    23.0562                    23.1612                    23.3499    Numeric_Adjustment
   553                    24.3937                    23.4818                    23.0974                    23.1612                    23.3499    Numeric_Adjustment
   554                    24.4350                    23.5360                    23.1529                    23.1612                    23.3499    Numeric_Adjustment
   555                    24.4077                    23.5038                    23.1214                    23.1255                    23.3157    Numeric_Adjustment
   556                    24.4735                    23.5887                    23.2078                    23.1255                    23.4077    Numeric_Adjustment
   557                    24.4735                    23.5887                    23.2078                    23.1255                    23.3735    Numeric_Adjustment
   558                    24.5030                    23.5887                    23.2078                    23.1717                    23.3735    Numeric_Adjustment
   559                    24.5324                    23.6279                    23.2483                    23.1717                    23.4162    Numeric_Adjustment
   560                    24.5618                    23.6670                    23.2885                    23.2177                    23.4587    Numeric_Adjustment
   561                    24.6682                    23.8030                    23.4264                    23.2177                    23.4587    Numeric_Adjustment
   562                    24.6971                    23.8030                    23.4661                    23.2177                    23.5010    Numeric_Adjustment
   563                    24.6678                    23.7682                    23.4319                    23.1794                    23.4644    Numeric_Adjustment
   564                    24.6678                    23.7682                    23.4713                    23.1794                    23.5064    Numeric_Adjustment
   565                    24.7584                    23.8845                    23.5886                    23.3143                    23.6316    Numeric_Adjustment
   566                    24.7871                    23.9226                    23.6275                    23.3143                    23.6730    Numeric_Adjustment
   567                    24.8622                    24.0192                    23.7250                    23.4269                    23.7771    Numeric_Adjustment
   568                    24.8622                    24.0192                    23.8080                    23.5227                    23.7771    Numeric_Adjustment
   569                    24.9017                    24.0709                    23.8601                    23.5832                    23.8330    Numeric_Adjustment
   570                    24.9299                    24.0709                    23.8980                    23.6273                    23.8736    Numeric_Adjustment
   571                    24.9580                    24.1083                    23.9357                    23.6273                    23.9140    Numeric_Adjustment
   572                    24.9304                    24.0756                    23.9357                    23.6273                    23.8796    Numeric_Adjustment
   573                    25.0083                    24.1756                    24.0360                    23.7432                    23.8796    Numeric_Adjustment
   574                    24.9899                    24.1544                    24.0152                    23.7432                    23.8577    Numeric_Adjustment
   575                    25.0527                    24.2353                    24.0152                    23.7432                    23.9449    Numeric_Adjustment
   576                    25.1152                    24.3157                    24.0964                    23.7432                    24.0316    Numeric_Adjustment
   577                    25.1537                    24.3659                    24.1472                    23.8026                    24.0859    Numeric_Adjustment
   578                    25.2304                    24.4640                    24.2461                    23.8026                    24.1916    Numeric_Adjustment
   579                    25.3270                    24.5870                    24.3698                    23.9466                    24.3236    Numeric_Adjustment
   580                    25.3886                    24.6659                    24.4494                    24.0395                    24.4086    Numeric_Adjustment
   581                    25.4645                    24.7627                    24.5469                    24.1531                    24.5127    Numeric_Adjustment
   582                    25.5256                    24.8409                    24.6258                    24.1531                    24.5968    Numeric_Adjustment
   583                    25.5974                    24.9323                    24.7179                    24.1531                    24.6950    Numeric_Adjustment
   584                    25.6725                    25.0279                    24.7179                    24.2661                    24.7976    Numeric_Adjustment
   585                    25.7329                    25.1049                    24.7960                    24.2661                    24.7976    Numeric_Adjustment
   586                    25.7046                    25.0710                    24.7626                    24.2289                    24.7621    Numeric_Adjustment
   587                    25.7791                    25.1656                    24.8583                    24.2289                    24.8640    Numeric_Adjustment
   588                    25.8390                    25.2418                    24.9356                    24.3201                    24.9463    Numeric_Adjustment
   589                    25.8107                    25.2078                    24.9021                    24.2829                    24.9106    Numeric_Adjustment
   590                    25.8363                    25.2410                    24.9362                    24.3241                    24.9106    Numeric_Adjustment
   591                    25.8617                    25.2741                    24.9701                    24.3650                    24.9469    Numeric_Adjustment
   592                    25.8335                    25.2403                    24.9368                    24.3280                    24.9114    Numeric_Adjustment
   593                    25.9070                    25.3333                    25.0309                    24.4384                    25.0118    Numeric_Adjustment
   594                    25.9070                    25.3333                    25.0644                    24.4385                    25.0476    Numeric_Adjustment
   595                    25.9322                    25.3659                    25.0977                    24.4788                    25.0832    Numeric_Adjustment
   596                    25.9573                    25.3659                    25.0977                    24.5189                    25.0832    Numeric_Adjustment
   597                    26.0160                    25.3660                    25.1731                    24.6075                    25.0832    Numeric_Adjustment
   598                    25.9878                    25.3321                    25.1397                    24.5703                    25.0477    Numeric_Adjustment
   599                    25.9455                    25.3321                    25.0887                    24.5129                    24.9936    Numeric_Adjustment
   600                    26.0180                    25.4243                    25.1812                    24.6212                    25.0926    Numeric_Adjustment
   601                    26.0762                    25.4243                    25.1812                    24.7087                    25.0926    Numeric_Adjustment
   602                    26.1342                    25.4984                    25.2557                    24.7957                    25.1724    Numeric_Adjustment
   603                    26.1587                    25.5304                    25.2882                    24.8343                    25.2073    Numeric_Adjustment
   604                    26.1830                    25.5623                    25.3206                    24.8727                    25.2420    Numeric_Adjustment
   605                    26.2073                    25.5941                    25.3206                    24.9109                    25.2420    Numeric_Adjustment
   606                    26.2786                    25.6847                    25.4117                    25.0165                    25.3395    Numeric_Adjustment
   607                    26.3496                    25.6847                    25.4117                    25.0166                    25.4366    Numeric_Adjustment
   608                    26.4204                    25.6847                    25.4117                    25.1217                    25.5332    Numeric_Adjustment
   609                    26.4205                    25.6847                    25.4851                    25.2064                    25.5332    Numeric_Adjustment
   610                    26.4910                    25.7748                    25.5755                    25.3105                    25.6293    Numeric_Adjustment
   611                    26.5613                    25.8646                    25.5755                    25.4142                    25.7251    Numeric_Adjustment
   612                    26.6314                    25.8646                    25.6655                    25.5173                    25.8203    Numeric_Adjustment
   613                    26.6546                    25.8955                    25.6655                    25.5532                    25.8531    Numeric_Adjustment
   614                    26.6777                    25.8955                    25.6967                    25.5890                    25.8531    Numeric_Adjustment
   615                    26.7008                    25.9261                    25.7277                    25.6246                    25.8531    Numeric_Adjustment
   616                    26.7890                    25.9262                    25.8406                    25.6246                    25.9729    Numeric_Adjustment
   617                    26.7603                    25.8919                    25.8066                    25.5865                    25.9365    Numeric_Adjustment
   618                    26.8157                    25.9634                    25.8780                    25.5865                    26.0122    Numeric_Adjustment
   619                    26.8383                    25.9938                    25.8780                    25.5865                    26.0122    Numeric_Adjustment
   620                    26.9121                    25.9938                    25.9727                    25.5865                    26.1125    Numeric_Adjustment
   621                    26.9345                    25.9938                    26.0028                    25.6219                    26.1125    Numeric_Adjustment
   622                    27.0027                    26.0819                    26.0903                    25.7230                    26.2056    Numeric_Adjustment
   623                    27.0707                    26.1697                    26.0904                    25.8237                    26.2056    Numeric_Adjustment
   624                    27.1250                    26.1697                    26.1605                    25.8237                    26.2802    Numeric_Adjustment
   625                    27.0961                    26.1353                    26.1264                    25.7854                    26.2802    Numeric_Adjustment
   626                    27.1180                    26.1650                    26.1559                    25.8200                    26.3114    Numeric_Adjustment
   627                    27.0892                    26.1308                    26.1219                    25.7820                    26.2747    Numeric_Adjustment
   628                    27.1111                    26.1604                    26.1219                    25.8165                    26.2747    Numeric_Adjustment
   629                    27.1329                    26.1604                    26.1219                    25.8507                    26.3058    Numeric_Adjustment
   630                    27.1546                    26.1604                    26.1514                    25.8848                    26.3368    Numeric_Adjustment
   631                    27.1546                    26.1899                    26.1807                    25.8848                    26.3676    Numeric_Adjustment
   632                    27.1125                    26.1389                    26.1300                    25.8279                    26.3132    Numeric_Adjustment
   633                    27.0840                    26.1050                    26.0963                    25.8279                    26.2769    Numeric_Adjustment
   634                    27.1057                    26.1344                    26.0964                    25.8619                    26.3077    Numeric_Adjustment
   635                    27.1723                    26.1344                    26.1821                    25.8619                    26.3077    Numeric_Adjustment
   636                    27.2387                    26.2204                    26.1821                    25.8619                    26.3983    Numeric_Adjustment
   637                    27.2600                    26.2204                    26.1821                    25.8957                    26.3983    Numeric_Adjustment
   638                    27.3127                    26.2893                    26.2507                    25.9746                    26.3983    Numeric_Adjustment
   639                    27.2842                    26.2553                    26.2170                    25.9369                    26.3621    Numeric_Adjustment
   640                    27.3499                    26.2553                    26.2170                    25.9369                    26.4521    Numeric_Adjustment
   641                    27.4154                    26.3406                    26.3020                    26.0341                    26.5418    Numeric_Adjustment
   642                    27.4676                    26.3406                    26.3020                    26.0342                    26.6135    Numeric_Adjustment
   643                    27.5195                    26.4088                    26.3700                    26.1121                    26.6848    Numeric_Adjustment
   644                    27.5401                    26.4372                    26.3700                    26.1449                    26.7142    Numeric_Adjustment
   645                    27.6049                    26.5215                    26.4543                    26.2410                    26.7142    Numeric_Adjustment
   646                    27.6695                    26.6054                    26.5382                    26.3366                    26.7142    Numeric_Adjustment
   647                    27.6898                    26.6332                    26.5661                    26.3687                    26.7434    Numeric_Adjustment
   648                    27.7099                    26.6332                    26.5939                    26.3687                    26.7434    Numeric_Adjustment
   649                    27.7100                    26.7166                    26.6770                    26.4636                    26.7434    Numeric_Adjustment
   650                    27.7610                    26.7832                    26.7433                    26.5395                    26.8140    Numeric_Adjustment
   651                    27.7810                    26.8105                    26.7706                    26.5709                    26.8429    Numeric_Adjustment
   652                    27.8448                    26.8105                    26.7706                    26.6646                    26.8429    Numeric_Adjustment
   653                    27.8646                    26.8376                    26.7977                    26.6646                    26.8717    Numeric_Adjustment
   654                    27.9377                    26.9322                    26.8920                    26.7718                    26.9719    Numeric_Adjustment
   655                    27.9573                    26.9322                    26.8920                    26.8025                    27.0002    Numeric_Adjustment
   656                    28.0204                    26.9322                    26.9737                    26.8950                    27.0868    Numeric_Adjustment
   657                    28.0398                    26.9590                    27.0002                    26.9253                    27.1148    Numeric_Adjustment
   658                    28.0398                    26.9590                    27.1036                    26.9253                    27.2244    Numeric_Adjustment
   659                    28.0961                    27.0326                    27.1763                    27.0080                    27.3013    Numeric_Adjustment
   660                    28.0656                    26.9961                    27.1398                    26.9670                    27.2623    Numeric_Adjustment
   661                    28.1281                    27.0774                    27.1398                    26.9670                    27.2623    Numeric_Adjustment
   662                    28.1472                    27.1037                    27.1658                    26.9969                    27.2896    Numeric_Adjustment
   663                    28.1662                    27.1298                    27.1917                    27.0266                    27.2896    Numeric_Adjustment
   664                    28.1852                    27.1559                    27.2175                    27.0562                    27.3169    Numeric_Adjustment
   665                    28.1436                    27.1055                    27.1672                    26.9997                    27.2632    Numeric_Adjustment
   666                    28.2229                    27.1055                    27.2688                    26.9997                    27.2632    Numeric_Adjustment
   667                    28.2417                    27.1055                    27.2943                    27.0292                    27.2632    Numeric_Adjustment
   668                    28.2605                    27.1315                    27.3197                    27.0586                    27.2904    Numeric_Adjustment
   669                    28.2791                    27.1574                    27.3450                    27.0878                    27.3175    Numeric_Adjustment
   670                    28.2978                    27.1833                    27.3702                    27.1169                    27.3444    Numeric_Adjustment
   671                    28.3163                    27.2090                    27.3953                    27.1170                    27.3445    Numeric_Adjustment
   672                    28.3348                    27.2090                    27.4203                    27.1170                    27.3445    Numeric_Adjustment
   673                    28.3532                    27.2346                    27.4452                    27.1459                    27.3713    Numeric_Adjustment
   674                    28.3214                    27.1965                    27.4071                    27.1460                    27.3307    Numeric_Adjustment
   675                    28.2834                    27.1506                    27.3614                    27.0945                    27.2818    Numeric_Adjustment
   676                    28.2455                    27.1049                    27.3158                    27.0432                    27.2332    Numeric_Adjustment
   677                    28.2139                    27.0673                    27.2782                    27.0010                    27.1931    Numeric_Adjustment
   678                    28.1809                    27.0279                    27.2388                    26.9568                    27.1511    Numeric_Adjustment
   679                    28.1465                    26.9866                    27.1976                    26.9106                    27.1511    Numeric_Adjustment
   680                    28.1184                    26.9534                    27.1643                    26.8735                    27.1155    Numeric_Adjustment
   681                    28.0841                    26.9124                    27.1235                    26.8277                    27.0717    Numeric_Adjustment
   682                    28.0546                    26.9124                    27.0885                    26.7886                    27.0344    Numeric_Adjustment
   683                    28.0252                    26.8775                    27.0537                    26.7498                    27.0344    Numeric_Adjustment
   684                    27.9959                    26.8427                    27.0191                    26.7111                    26.9972    Numeric_Adjustment
   685                    27.9682                    26.8100                    26.9865                    26.6748                    26.9622    Numeric_Adjustment
   686                    27.9391                    26.7755                    26.9521                    26.6364                    26.9254    Numeric_Adjustment
   687                    27.9578                    26.8013                    26.9772                    26.6656                    26.9524    Numeric_Adjustment
   688                    27.9180                    26.7534                    26.9296                    26.6123                    26.9013    Numeric_Adjustment
   689                    27.8829                    26.7115                    26.8879                    26.5657                    26.8566    Numeric_Adjustment
   690                    27.8541                    26.7115                    26.8879                    26.5279                    26.8566    Numeric_Adjustment
   691                    27.8147                    26.6639                    26.8406                    26.4752                    26.8566    Numeric_Adjustment
   692                    27.7860                    26.6300                    26.8068                    26.4377                    26.8566    Numeric_Adjustment
   693                    27.7575                    26.5962                    26.7732                    26.4005                    26.8566    Numeric_Adjustment
   694                    27.7290                    26.5626                    26.7396                    26.4005                    26.8202    Numeric_Adjustment
   695                    27.7007                    26.5626                    26.7396                    26.4005                    26.7840    Numeric_Adjustment
   696                    27.6618                    26.5157                    26.6930                    26.3484                    26.7337    Numeric_Adjustment
   697                    27.6336                    26.4823                    26.6598                    26.3484                    26.6978    Numeric_Adjustment
   698                    27.6070                    26.4510                    26.6285                    26.3136                    26.6641    Numeric_Adjustment
   699                    27.5684                    26.4045                    26.5823                    26.2619                    26.6143    Numeric_Adjustment
   700                    27.5405                    26.3716                    26.5495                    26.2619                    26.5788    Numeric_Adjustment
   701                    27.5127                    26.3387                    26.5495                    26.2254                    26.5435    Numeric_Adjustment
   702                    27.4849                    26.3060                    26.5495                    26.2254                    26.5084    Numeric_Adjustment
   703                    27.4558                    26.3060                    26.5495                    26.2254                    26.5084    Numeric_Adjustment
   704                    27.4177                    26.2602                    26.5037                    26.1741                    26.4593    Numeric_Adjustment
   705                    27.3917                    26.2297                    26.4729                    26.1400                    26.4264    Numeric_Adjustment
   706                    27.3658                    26.1992                    26.4423                    26.1060                    26.3937    Numeric_Adjustment
   707                    27.3280                    26.1539                    26.3969                    26.0553                    26.3937    Numeric_Adjustment
   708                    27.3280                    26.1539                    26.3969                    26.0553                    26.3937    Numeric_Adjustment
   709                    27.3023                    26.1237                    26.3666                    26.0217                    26.3612    Numeric_Adjustment
   710                    27.2766                    26.0936                    26.3363                    26.0217                    26.3287    Numeric_Adjustment
   711                    27.2511                    26.0637                    26.3062                    25.9882                    26.2964    Numeric_Adjustment
   712                    27.2552                    26.0637                    26.3132                    25.9882                    26.3039    Numeric_Adjustment
   713                    27.2552                    26.0637                    26.3132                    26.0135                    26.3039    Numeric_Adjustment
   714                    27.2594                    26.0711                    26.3201                    26.0220                    26.3113    Numeric_Adjustment
   715                    27.2635                    26.0786                    26.3201                    26.0220                    26.3187    Numeric_Adjustment
   716                    27.2514                    26.0655                    26.3068                    26.0075                    26.3188    Numeric_Adjustment
   717                    27.2511                    26.0655                    26.3068                    26.0097                    26.3188    Numeric_Adjustment
   718                    27.2553                    26.0730                    26.3137                    26.0181                    26.3188    Numeric_Adjustment
   719                    27.2550                    26.0730                    26.3150                    26.0203                    26.3203    Numeric_Adjustment
   720                    27.2547                    26.0748                    26.3164                    26.0203                    26.3217    Numeric_Adjustment
   721                    27.2427                    26.0619                    26.3032                    26.0059                    26.3217    Numeric_Adjustment
   722                    27.2424                    26.0637                    26.3046                    26.0081                    26.3232    Numeric_Adjustment
   723                    27.2421                    26.0637                    26.3046                    26.0081                    26.3247    Numeric_Adjustment
   724                    27.2302                    26.0637                    26.3046                    26.0081                    26.3105    Numeric_Adjustment
   725                    27.2183                    26.0637                    26.3046                    25.9938                    26.3105    Numeric_Adjustment
   726                    27.2384                    26.0914                    26.3315                    26.0248                    26.3393    Numeric_Adjustment
   727                    27.2425                    26.0987                    26.3315                    26.0249                    26.3466    Numeric_Adjustment
   728                    27.2423                    26.1005                    26.3328                    26.0249                    26.3480    Numeric_Adjustment
   729                    27.2420                    26.1022                    26.3341                    26.0270                    26.3494    Numeric_Adjustment
   730                    27.2577                    26.1241                    26.3554                    26.0270                    26.3721    Numeric_Adjustment
   731                    27.2458                    26.1112                    26.3422                    26.0128                    26.3579    Numeric_Adjustment
   732                    27.2340                    26.1112                    26.3291                    25.9986                    26.3439    Numeric_Adjustment
   733                    27.2338                    26.1112                    26.3291                    26.0008                    26.3439    Numeric_Adjustment
   734                    27.2220                    26.1112                    26.3291                    25.9866                    26.3439    Numeric_Adjustment
   735                    27.2103                    26.1113                    26.3160                    25.9866                    26.3299    Numeric_Adjustment
   736                    27.2258                    26.1330                    26.3371                    26.0112                    26.3524    Numeric_Adjustment
   737                    27.2141                    26.1202                    26.3241                    25.9971                    26.3524    Numeric_Adjustment
   738                    27.2141                    26.1202                    26.3241                    25.9971                    26.3385    Numeric_Adjustment
   739                    27.2296                    26.1202                    26.3451                    26.0216                    26.3609    Numeric_Adjustment
   740                    27.2294                    26.1202                    26.3464                    26.0216                    26.3623    Numeric_Adjustment
   741                    27.1992                    26.0838                    26.3102                    25.9813                    26.3623    Numeric_Adjustment
   742                    27.1876                    26.0711                    26.2973                    25.9673                    26.3623    Numeric_Adjustment
   743                    27.1917                    26.0711                    26.2973                    25.9756                    26.3694    Numeric_Adjustment
   744                    27.1917                    26.0711                    26.2973                    25.9617                    26.3554    Numeric_Adjustment
   745                    27.1917                    26.0711                    26.3040                    25.9617                    26.3625    Numeric_Adjustment
   746                    27.1801                    26.0711                    26.3040                    25.9617                    26.3486    Numeric_Adjustment
   747                    27.1800                    26.0729                    26.3054                    25.9617                    26.3500    Numeric_Adjustment
   748                    27.1798                    26.0747                    26.3054                    25.9617                    26.3514    Numeric_Adjustment
   749                    27.1839                    26.0819                    26.3120                    25.9617                    26.3514    Numeric_Adjustment
   750                    27.1837                    26.0837                    26.3134                    25.9640                    26.3527    Numeric_Adjustment
   751                    27.1878                    26.0908                    26.3200                    25.9722                    26.3597    Numeric_Adjustment
   752                    27.1878                    26.0908                    26.3372                    25.9722                    26.3597    Numeric_Adjustment
   753                    27.1918                    26.0979                    26.3437                    25.9804                    26.3667    Numeric_Adjustment
   754                    27.1958                    26.1050                    26.3503                    25.9885                    26.3736    Numeric_Adjustment
   755                    27.2265                    26.1051                    26.3503                    25.9885                    26.4161    Numeric_Adjustment
   756                    27.2305                    26.1051                    26.3503                    25.9885                    26.4161    Numeric_Adjustment
   757                    27.2345                    26.1051                    26.3568                    25.9966                    26.4161    Numeric_Adjustment
   758                    27.2342                    26.1068                    26.3568                    25.9966                    26.4161    Numeric_Adjustment
   759                    27.2228                    26.1068                    26.3568                    25.9966                    26.4024    Numeric_Adjustment
   760                    27.2114                    26.1068                    26.3441                    25.9829                    26.3887    Numeric_Adjustment
   761                    27.2001                    26.1068                    26.3441                    25.9829                    26.3751    Numeric_Adjustment
   762                    27.1999                    26.1085                    26.3453                    25.9850                    26.3751    Numeric_Adjustment
   763                    27.1997                    26.1102                    26.3466                    25.9872                    26.3764    Numeric_Adjustment
   764                    27.2036                    26.1102                    26.3466                    25.9952                    26.3832    Numeric_Adjustment
   765                    27.2034                    26.1119                    26.3478                    25.9973                    26.3845    Numeric_Adjustment
   766                    27.1922                    26.0994                    26.3478                    25.9973                    26.3710    Numeric_Adjustment
   767                    27.1922                    26.0994                    26.3543                    25.9974                    26.3710    Numeric_Adjustment
   768                    27.2072                    26.1206                    26.3543                    25.9974                    26.3925    Numeric_Adjustment
   769                    27.2111                    26.1276                    26.3543                    25.9974                    26.3993    Numeric_Adjustment
   770                    27.2111                    26.1276                    26.3543                    25.9974                    26.4060    Numeric_Adjustment
   771                    27.1971                    26.1116                    26.3382                    25.9798                    26.3889    Numeric_Adjustment
   772                    27.1859                    26.1116                    26.3256                    25.9663                    26.3889    Numeric_Adjustment
   773                    27.1748                    26.0992                    26.3130                    25.9663                    26.3755    Numeric_Adjustment
   774                    27.1787                    26.1062                    26.3195                    25.9663                    26.3822    Numeric_Adjustment
   775                    27.1786                    26.1078                    26.3208                    25.9685                    26.3823    Numeric_Adjustment
   776                    27.1675                    26.1078                    26.3083                    25.9685                    26.3689    Numeric_Adjustment
   777                    27.1823                    26.1288                    26.3285                    25.9921                    26.3902    Numeric_Adjustment
   778                    27.1863                    26.1357                    26.3349                    26.0000                    26.3969    Numeric_Adjustment
   779                    27.1902                    26.1425                    26.3413                    26.0080                    26.4036    Numeric_Adjustment
   780                    27.1791                    26.1425                    26.3289                    26.0080                    26.4036    Numeric_Adjustment
   781                    27.1681                    26.1302                    26.3289                    25.9945                    26.4036    Numeric_Adjustment
   782                    27.1828                    26.1510                    26.3289                    26.0179                    26.4036    Numeric_Adjustment
   783                    27.1828                    26.1510                    26.3289                    26.0412                    26.4036    Numeric_Adjustment
   784                    27.1867                    26.1577                    26.3289                    26.0412                    26.4102    Numeric_Adjustment
   785                    27.1867                    26.1593                    26.3289                    26.0412                    26.4102    Numeric_Adjustment
   786                    27.1906                    26.1661                    26.3353                    26.0412                    26.4168    Numeric_Adjustment
   787                    27.1905                    26.1661                    26.3365                    26.0432                    26.4180    Numeric_Adjustment
   788                    27.1903                    26.1676                    26.3365                    26.0432                    26.4192    Numeric_Adjustment
   789                    27.1941                    26.1743                    26.3428                    26.0509                    26.4192    Numeric_Adjustment
   790                    27.1940                    26.1759                    26.3441                    26.0529                    26.4203    Numeric_Adjustment
   791                    27.1938                    26.1759                    26.3453                    26.0529                    26.4215    Numeric_Adjustment
   792                    27.1938                    26.1637                    26.3453                    26.0395                    26.4215    Numeric_Adjustment
   793                    27.1654                    26.1292                    26.3110                    26.0012                    26.3850    Numeric_Adjustment
   794                    27.1693                    26.1359                    26.3173                    26.0090                    26.3850    Numeric_Adjustment
   795                    27.1584                    26.1359                    26.3051                    25.9958                    26.3719    Numeric_Adjustment
   796                    27.1302                    26.1016                    26.2710                    25.9578                    26.3357    Numeric_Adjustment
   797                    27.1301                    26.1016                    26.2710                    25.9599                    26.3370    Numeric_Adjustment
   798                    27.1340                    26.1084                    26.2774                    25.9677                    26.3370    Numeric_Adjustment
   799                    27.1486                    26.1084                    26.2972                    25.9677                    26.3370    Numeric_Adjustment
   800                    27.1631                    26.1288                    26.3169                    25.9906                    26.3370    Numeric_Adjustment
   801                    27.1669                    26.1288                    26.3169                    25.9906                    26.3370    Numeric_Adjustment
   802                    27.1707                    26.1288                    26.3169                    25.9906                    26.3370    Numeric_Adjustment
   803                    27.1746                    26.1288                    26.3169                    25.9983                    26.3370    Numeric_Adjustment
   804                    27.1466                    26.1288                    26.2830                    25.9607                    26.3009    Numeric_Adjustment
   805                    27.1505                    26.1288                    26.2893                    25.9685                    26.3009    Numeric_Adjustment
   806                    27.1543                    26.1355                    26.2956                    25.9762                    26.3010    Numeric_Adjustment
   807                    27.1687                    26.1557                    26.3152                    25.9988                    26.3218    Numeric_Adjustment
   808                    27.1725                    26.1624                    26.3152                    26.0065                    26.3285    Numeric_Adjustment
   809                    27.1618                    26.1504                    26.3032                    25.9935                    26.3156    Numeric_Adjustment
   810                    27.1617                    26.1519                    26.3044                    25.9955                    26.3170    Numeric_Adjustment
   811                    27.1511                    26.1400                    26.3044                    25.9955                    26.3170    Numeric_Adjustment
   812                    27.1405                    26.1280                    26.3044                    25.9955                    26.3170    Numeric_Adjustment
   813                    27.1443                    26.1346                    26.3107                    26.0031                    26.3236    Numeric_Adjustment
   814                    27.1481                    26.1412                    26.3169                    26.0106                    26.3236    Numeric_Adjustment
   815                    27.1519                    26.1478                    26.3169                    26.0182                    26.3236    Numeric_Adjustment
   816                    27.1413                    26.1360                    26.3049                    26.0182                    26.3236    Numeric_Adjustment
   817                    27.1412                    26.1375                    26.3061                    26.0201                    26.3249    Numeric_Adjustment
   818                    27.1307                    26.1257                    26.2942                    26.0073                    26.3122    Numeric_Adjustment
   819                    27.1345                    26.1323                    26.3004                    26.0148                    26.3187    Numeric_Adjustment
   820                    27.1241                    26.1205                    26.2886                    26.0020                    26.3188    Numeric_Adjustment
   821                    27.1279                    26.1205                    26.2886                    26.0094                    26.3253    Numeric_Adjustment
   822                    27.1278                    26.1221                    26.2898                    26.0114                    26.3266    Numeric_Adjustment
   823                    27.1044                    26.0939                    26.2617                    26.0114                    26.2965    Numeric_Adjustment
   824                    27.0812                    26.0939                    26.2617                    26.0114                    26.2965    Numeric_Adjustment
   825                    27.0580                    26.0657                    26.2336                    25.9804                    26.2665    Numeric_Adjustment
   826                    27.0580                    26.0360                    26.2336                    25.9804                    26.2348    Numeric_Adjustment
   827                    27.0336                    26.0064                    26.2041                    25.9476                    26.2033    Numeric_Adjustment
   828                    27.0015                    25.9670                    26.1648                    25.9040                    26.1614    Numeric_Adjustment
   829                    26.9798                    25.9409                    26.1387                    25.8752                    26.1336    Numeric_Adjustment
   830                    26.9581                    25.9149                    26.1126                    25.8464                    26.1058    Numeric_Adjustment
   831                    26.9340                    25.8857                    26.1126                    25.8142                    26.1058    Numeric_Adjustment
   832                    26.9124                    25.8598                    26.0866                    25.7856                    26.0782    Numeric_Adjustment
   833                    26.8909                    25.8340                    26.0608                    25.7572                    26.0506    Numeric_Adjustment
   834                    26.8669                    25.8051                    26.0317                    25.7572                    26.0197    Numeric_Adjustment
   835                    26.8455                    25.7795                    26.0060                    25.7289                    25.9924    Numeric_Adjustment
   836                    26.8242                    25.7540                    26.0060                    25.7289                    25.9924    Numeric_Adjustment
   837                    26.8004                    25.7253                    25.9772                    25.6971                    25.9924    Numeric_Adjustment
   838                    26.7766                    25.6967                    25.9484                    25.6654                    25.9617    Numeric_Adjustment
   839                    26.7542                    25.6699                    25.9214                    25.6356                    25.9328    Numeric_Adjustment
   840                    26.7280                    25.6382                    25.8896                    25.6005                    25.8989    Numeric_Adjustment
   841                    26.7070                    25.6132                    25.8643                    25.6005                    25.8719    Numeric_Adjustment
   842                    26.6835                    25.6132                    25.8643                    25.6005                    25.8416    Numeric_Adjustment
   843                    26.6835                    25.5849                    25.8359                    25.6005                    25.8114    Numeric_Adjustment
   844                    26.6600                    25.5850                    25.8359                    25.6005                    25.7813    Numeric_Adjustment
   845                    26.6366                    25.5568                    25.8359                    25.5692                    25.7814    Numeric_Adjustment
   846                    26.6145                    25.5304                    25.8092                    25.5397                    25.7531    Numeric_Adjustment
   847                    26.5912                    25.5304                    25.8092                    25.5397                    25.7531    Numeric_Adjustment
   848                    26.5605                    25.4928                    25.7715                    25.4979                    25.7131    Numeric_Adjustment
   849                    26.5373                    25.4929                    25.7434                    25.4668                    25.7131    Numeric_Adjustment
   850                    26.5542                    25.5161                    25.7661                    25.4928                    25.7373    Numeric_Adjustment
   851                    26.5311                    25.4883                    25.7380                    25.4619                    25.7373    Numeric_Adjustment
   852                    26.5093                    25.4621                    25.7117                    25.4328                    25.7092    Numeric_Adjustment
   853                    26.4888                    25.4377                    25.7117                    25.4057                    25.6829    Numeric_Adjustment
   854                    26.4684                    25.4132                    25.7117                    25.3786                    25.6829    Numeric_Adjustment
   855                    26.4381                    25.3762                    25.6744                    25.3376                    25.6433    Numeric_Adjustment
   856                    26.4153                    25.3488                    25.6744                    25.3376                    25.6138    Numeric_Adjustment
   857                    26.3950                    25.3247                    25.6498                    25.3108                    25.5878    Numeric_Adjustment
   858                    26.3723                    25.3247                    25.6222                    25.3108                    25.5878    Numeric_Adjustment
   859                    26.3521                    25.3006                    25.5978                    25.2840                    25.5619    Numeric_Adjustment
   860                    26.3521                    25.3006                    25.5703                    25.2840                    25.5328    Numeric_Adjustment
   861                    26.3521                    25.2735                    25.5429                    25.2840                    25.5037    Numeric_Adjustment
   862                    26.3308                    25.2480                    25.5171                    25.2556                    25.5037    Numeric_Adjustment
   863                    26.3083                    25.2210                    25.4899                    25.2256                    25.4747    Numeric_Adjustment
   864                    26.2870                    25.1957                    25.4643                    25.1974                    25.4747    Numeric_Adjustment
   865                    26.2646                    25.1689                    25.4372                    25.1675                    25.4747    Numeric_Adjustment
   866                    26.2422                    25.1421                    25.4372                    25.1378                    25.4459    Numeric_Adjustment
   867                    26.2199                    25.1155                    25.4103                    25.1378                    25.4171    Numeric_Adjustment
   868                    26.2087                    25.1030                    25.3973                    25.1378                    25.4033    Numeric_Adjustment
   869                    26.2087                    25.1030                    25.3973                    25.1081                    25.4033    Numeric_Adjustment
   870                    26.1877                    25.0780                    25.3720                    25.0803                    25.3763    Numeric_Adjustment
   871                    26.1655                    25.0516                    25.3453                    25.0804                    25.3478    Numeric_Adjustment
   872                    26.1361                    25.0159                    25.3093                    25.0405                    25.3095    Numeric_Adjustment
   873                    26.1165                    24.9928                    25.2858                    25.0147                    25.2845    Numeric_Adjustment
   874                    26.0872                    24.9574                    25.2501                    24.9751                    25.2464    Numeric_Adjustment
   875                    26.0579                    24.9220                    25.2145                    24.9357                    25.2085    Numeric_Adjustment
   876                    26.0288                    24.8868                    25.1790                    24.8964                    25.1707    Numeric_Adjustment
   877                    26.0094                    24.8868                    25.1558                    24.8709                    25.1707    Numeric_Adjustment
   878                    25.9901                    24.8640                    25.1328                    24.8456                    25.1460    Numeric_Adjustment
   879                    25.9708                    24.8413                    25.1098                    24.8203                    25.1215    Numeric_Adjustment
   880                    25.9418                    24.8063                    25.0746                    24.7815                    25.1215    Numeric_Adjustment
   881                    25.9589                    24.8297                    25.0974                    24.8075                    25.1458    Numeric_Adjustment
   882                    25.9301                    24.8297                    25.0974                    24.7688                    25.1458    Numeric_Adjustment
   883                    25.9013                    24.7949                    25.0624                    24.7688                    25.1083    Numeric_Adjustment
   884                    25.8726                    24.7949                    25.0275                    24.7303                    25.0709    Numeric_Adjustment
   885                    25.8726                    24.7949                    25.0275                    24.7303                    25.0337    Numeric_Adjustment
   886                    25.8726                    24.7602                    25.0275                    24.6919                    25.0337    Numeric_Adjustment
   887                    25.8440                    24.7256                    24.9927                    24.6536                    24.9966    Numeric_Adjustment
   888                    25.8154                    24.6911                    24.9580                    24.6154                    24.9966    Numeric_Adjustment
   889                    25.8154                    24.6911                    24.9580                    24.6154                    24.9596    Numeric_Adjustment
   890                    25.7869                    24.6567                    24.9235                    24.5774                    24.9227    Numeric_Adjustment
   891                    25.7657                    24.6315                    24.8980                    24.5774                    24.8956    Numeric_Adjustment
   892                    25.7421                    24.6034                    24.8697                    24.5462                    24.8654    Numeric_Adjustment
   893                    25.7210                    24.5783                    24.8697                    24.5185                    24.8385    Numeric_Adjustment
   894                    25.6999                    24.5784                    24.8444                    24.5185                    24.8385    Numeric_Adjustment
   895                    25.6789                    24.5534                    24.8192                    24.5186                    24.8116    Numeric_Adjustment
   896                    25.6579                    24.5534                    24.8192                    24.5186                    24.8116    Numeric_Adjustment
   897                    25.6370                    24.5534                    24.8192                    24.5186                    24.7849    Numeric_Adjustment
   898                    25.6161                    24.5534                    24.8192                    24.5186                    24.7582    Numeric_Adjustment
   899                    25.6118                    24.5534                    24.8192                    24.5186                    24.7582    Numeric_Adjustment
   900                    25.5851                    24.5210                    24.7866                    24.4826                    24.7237    Numeric_Adjustment
   901                    25.5620                    24.5210                    24.7585                    24.4826                    24.7237    Numeric_Adjustment
   902                    25.5620                    24.5210                    24.7336                    24.4826                    24.6972    Numeric_Adjustment
   903                    25.5413                    24.4962                    24.7336                    24.4826                    24.6972    Numeric_Adjustment
   904                    25.5183                    24.4685                    24.7336                    24.4826                    24.6972    Numeric_Adjustment
   905                    25.4977                    24.4685                    24.7336                    24.4826                    24.6708    Numeric_Adjustment
   906                    25.4807                    24.4484                    24.7336                    24.4826                    24.6708    Numeric_Adjustment
   907                    25.4602                    24.4484                    24.7087                    24.4826                    24.6708    Numeric_Adjustment
   908                    25.4433                    24.4283                    24.7087                    24.4826                    24.6708    Numeric_Adjustment
   909                    25.4205                    24.4008                    24.7087                    24.4826                    24.6708    Numeric_Adjustment
   910                    25.4001                    24.3764                    24.6839                    24.4826                    24.6445    Numeric_Adjustment
   911                    25.3798                    24.3520                    24.6592                    24.4826                    24.6445    Numeric_Adjustment
   912                    25.3596                    24.3277                    24.6592                    24.4551                    24.6445    Numeric_Adjustment
   913                    25.3370                    24.3005                    24.6315                    24.4551                    24.6445    Numeric_Adjustment
   914                    25.3145                    24.2734                    24.6315                    24.4551                    24.6445    Numeric_Adjustment
   915                    25.2944                    24.2494                    24.6069                    24.4277                    24.6183    Numeric_Adjustment
   916                    25.2743                    24.2254                    24.5824                    24.4004                    24.5921    Numeric_Adjustment
   917                    25.2543                    24.2254                    24.5824                    24.4004                    24.5660    Numeric_Adjustment
   918                    25.2343                    24.2015                    24.5580                    24.4004                    24.5660    Numeric_Adjustment
   919                    25.2144                    24.2015                    24.5580                    24.4004                    24.5660    Numeric_Adjustment
   920                    25.1922                    24.2015                    24.5580                    24.4004                    24.5660    Numeric_Adjustment
   921                    25.1700                    24.2015                    24.5307                    24.4004                    24.5660    Numeric_Adjustment
   922                    25.1502                    24.1776                    24.5064                    24.4004                    24.5400    Numeric_Adjustment
   923                    25.1502                    24.1539                    24.5064                    24.4004                    24.5141    Numeric_Adjustment
   924                    25.1305                    24.1539                    24.5064                    24.4004                    24.4883    Numeric_Adjustment
   925                    25.1108                    24.1302                    24.4822                    24.3732                    24.4883    Numeric_Adjustment
   926                    25.0911                    24.1065                    24.4580                    24.3732                    24.4883    Numeric_Adjustment
   927                    25.0692                    24.1065                    24.4310                    24.3732                    24.4883    Numeric_Adjustment
   928                    25.0497                    24.0830                    24.4310                    24.3732                    24.4883    Numeric_Adjustment
   929                    25.0497                    24.0830                    24.4070                    24.3732                    24.4626    Numeric_Adjustment
   930                    25.0279                    24.0566                    24.3801                    24.3732                    24.4626    Numeric_Adjustment
   931                    25.0084                    24.0566                    24.3563                    24.3732                    24.4626    Numeric_Adjustment
   932                    24.9890                    24.0331                    24.3563                    24.3732                    24.4626    Numeric_Adjustment
   933                    24.9696                    24.0331                    24.3325                    24.3732                    24.4626    Numeric_Adjustment
   934                    24.9503                    24.0331                    24.3325                    24.3733                    24.4626    Numeric_Adjustment
   935                    24.9287                    24.0069                    24.3058                    24.3733                    24.4626    Numeric_Adjustment
   936                    24.9094                    24.0069                    24.2822                    24.3461                    24.4626    Numeric_Adjustment
   937                    24.8902                    23.9836                    24.2586                    24.3461                    24.4626    Numeric_Adjustment
   938                    24.8902                    23.9604                    24.2586                    24.3191                    24.4626    Numeric_Adjustment
   939                    24.8711                    23.9372                    24.2351                    24.3191                    24.4369    Numeric_Adjustment
   940                    24.8520                    23.9372                    24.2116                    24.3191                    24.4369    Numeric_Adjustment
   941                    24.8329                    23.9141                    24.2117                    24.2921                    24.4370    Numeric_Adjustment
   942                    24.8139                    23.9141                    24.2117                    24.2921                    24.4114    Numeric_Adjustment
   943                    24.8017                    23.8998                    24.2117                    24.2752                    24.4114    Numeric_Adjustment
   944                    24.7827                    23.8769                    24.2117                    24.2752                    24.4114    Numeric_Adjustment
   945                    24.7638                    23.8540                    24.1883                    24.2484                    24.3859    Numeric_Adjustment
   946                    24.7450                    23.8312                    24.1650                    24.2484                    24.3859    Numeric_Adjustment
   947                    24.7262                    23.8084                    24.1417                    24.2484                    24.3604    Numeric_Adjustment
   948                    24.7074                    23.8084                    24.1186                    24.2484                    24.3351    Numeric_Adjustment
   949                    24.6887                    23.8084                    24.1186                    24.2484                    24.3098    Numeric_Adjustment
   950                    24.6887                    23.8084                    24.1186                    24.2217                    24.3098    Numeric_Adjustment
   951                    24.6677                    23.7828                    24.1186                    24.2217                    24.3098    Numeric_Adjustment
   952                    24.6491                    23.7602                    24.0955                    24.1951                    24.2846    Numeric_Adjustment
   953                    24.6305                    23.7377                    24.0955                    24.1951                    24.2595    Numeric_Adjustment
   954                    24.6119                    23.7377                    24.0955                    24.1951                    24.2595    Numeric_Adjustment
   955                    24.5934                    23.7152                    24.0955                    24.1686                    24.2595    Numeric_Adjustment
   956                    24.5749                    23.6927                    24.0955                    24.1686                    24.2595    Numeric_Adjustment
   957                    24.5564                    23.6704                    24.0955                    24.1421                    24.2595    Numeric_Adjustment
   958                    24.5380                    23.6704                    24.0955                    24.1421                    24.2595    Numeric_Adjustment
   959                    24.5380                    23.6704                    24.0955                    24.1421                    24.2595    Numeric_Adjustment
   960                    24.5197                    23.6481                    24.0725                    24.1158                    24.2596    Numeric_Adjustment
   961                    24.5014                    23.6481                    24.0495                    24.0895                    24.2596    Numeric_Adjustment
   962                    24.4831                    23.6481                    24.0266                    24.0895                    24.2596    Numeric_Adjustment
   963                    24.4649                    23.6481                    24.0037                    24.0895                    24.2345    Numeric_Adjustment
   964                    24.4467                    23.6258                    23.9809                    24.0633                    24.2345    Numeric_Adjustment
   965                    24.4285                    23.6258                    23.9582                    24.0633                    24.2345    Numeric_Adjustment
   966                    24.4104                    23.6037                    23.9582                    24.0372                    24.2345    Numeric_Adjustment
   967                    24.3923                    23.6037                    23.9582                    24.0372                    24.2096    Numeric_Adjustment
   968                    24.3787                    23.5873                    23.9413                    24.0177                    24.1909    Numeric_Adjustment
   969                    24.3607                    23.5873                    23.9413                    24.0177                    24.1909    Numeric_Adjustment
   970                    24.3427                    23.5873                    23.9413                    24.0177                    24.1909    Numeric_Adjustment
   971                    24.3248                    23.5873                    23.9413                    24.0177                    24.1909    Numeric_Adjustment
   972                    24.3047                    23.5624                    23.9159                    24.0177                    24.1909    Numeric_Adjustment
   973                    24.2869                    23.5624                    23.9159                    23.9918                    24.1909    Numeric_Adjustment
   974                    24.2691                    23.5624                    23.9159                    23.9659                    24.1909    Numeric_Adjustment
   975                    24.2513                    23.5624                    23.8933                    23.9659                    24.1909    Numeric_Adjustment
   976                    24.2314                    23.5375                    23.8933                    23.9659                    24.1909    Numeric_Adjustment
   977                    24.2314                    23.5375                    23.8680                    23.9369                    24.1909    Numeric_Adjustment
   978                    24.2137                    23.5375                    23.8680                    23.9112                    24.1909    Numeric_Adjustment
   979                    24.1961                    23.5375                    23.8456                    23.9112                    24.1909    Numeric_Adjustment
   980                    24.1785                    23.5156                    23.8233                    23.9112                    24.1661    Numeric_Adjustment
   981                    24.1609                    23.5156                    23.8233                    23.9112                    24.1413    Numeric_Adjustment
   982                    24.1434                    23.5156                    23.8233                    23.9112                    24.1167    Numeric_Adjustment
   983                    24.1259                    23.5156                    23.8233                    23.8856                    24.1167    Numeric_Adjustment
   984                    24.1062                    23.5156                    23.7982                    23.8856                    24.1167    Chunk_Overwrite
   985                    24.0888                    23.5156                    23.7760                    23.8856                    24.1167    Chunk_Overwrite
   986                    24.0715                    23.5156                    23.7539                    23.8856                    24.0921    Chunk_Overwrite
   987                    24.0520                    23.5157                    23.7290                    23.8856                    24.0921    Chunk_Overwrite
   988                    24.0347                    23.5157                    23.7070                    23.8601                    24.0921    Chunk_Overwrite
   989                    24.0152                    23.5157                    23.6822                    23.8601                    24.0645    Chunk_Overwrite
   990                    24.0152                    23.4938                    23.6604                    23.8347                    24.0645    Chunk_Overwrite
   991                    23.9980                    23.4720                    23.6385                    23.8093                    24.0401    Chunk_Overwrite
   992                    23.9787                    23.4474                    23.6140                    23.8093                    24.0401    Chunk_Overwrite
   993                    23.9615                    23.4258                    23.6140                    23.8093                    24.0401    Chunk_Overwrite
   994                    23.9615                    23.4258                    23.5923                    23.8093                    24.0401    Chunk_Overwrite
   995                    23.9369                    23.3943                    23.5609                    23.7728                    24.0051    Chunk_Overwrite
   996                    23.9198                    23.3943                    23.5393                    23.7728                    23.9808    Chunk_Overwrite
   997                    23.9028                    23.3943                    23.5393                    23.7477                    23.9808    Chunk_Overwrite
   998                    23.8858                    23.3943                    23.5393                    23.7226                    23.9808    Chunk_Overwrite
   999                    23.8689                    23.3728                    23.5394                    23.7226                    23.9566    Chunk_Overwrite
  1000                    23.8498                    23.3728                    23.5151                    23.7226                    23.9566    Chunk_Overwrite
  1001                    23.8498                    23.3728                    23.5151                    23.7226                    23.9325    Chunk_Overwrite
  1002                    23.8329                    23.3513                    23.4936                    23.6975                    23.9085    Chunk_Overwrite
  1003                    23.8161                    23.3299                    23.4936                    23.6976                    23.9085    Chunk_Overwrite
  1004                    23.7993                    23.3299                    23.4936                    23.6976                    23.8845    Chunk_Overwrite
  1005                    23.7825                    23.3085                    23.4723                    23.6726                    23.8845    Chunk_Overwrite
  1006                    23.7658                    23.2872                    23.4723                    23.6726                    23.8606    Chunk_Overwrite
  1007                    23.7491                    23.2872                    23.4723                    23.6726                    23.8606    Chunk_Overwrite
  1008                    23.7324                    23.2660                    23.4510                    23.6478                    23.8368    Chunk_Overwrite
  1009                    23.7158                    23.2448                    23.4297                    23.6478                    23.8130    Chunk_Overwrite
  1010                    23.6992                    23.2448                    23.4085                    23.6230                    23.8130    Chunk_Overwrite
  1011                    23.6826                    23.2448                    23.3873                    23.6230                    23.7893    Chunk_Overwrite
  1012                    23.6826                    23.2209                    23.3635                    23.6230                    23.7893    Chunk_Overwrite
  1013                    23.6661                    23.2209                    23.3635                    23.6230                    23.7893    Chunk_Overwrite
  1014                    23.6496                    23.1999                    23.3425                    23.6230                    23.7657    Chunk_Overwrite
  1015                    23.6332                    23.1789                    23.3425                    23.5983                    23.7422    Chunk_Overwrite
  1016                    23.6168                    23.1579                    23.3215                    23.5983                    23.7187    Chunk_Overwrite
  1017                    23.5983                    23.1343                    23.3215                    23.5983                    23.7187    Chunk_Overwrite
  1018                    23.5819                    23.1343                    23.3215                    23.5737                    23.6953    Chunk_Overwrite
  1019                    23.5656                    23.1134                    23.3006                    23.5492                    23.6719    Chunk_Overwrite
  1020                    23.5493                    23.0927                    23.2798                    23.5492                    23.6487    Chunk_Overwrite
  1021                    23.5331                    23.0927                    23.2590                    23.5492                    23.6255    Chunk_Overwrite
  1022                    23.5169                    23.0927                    23.2590                    23.5492                    23.6023    Chunk_Overwrite
  1023                    23.5007                    23.0927                    23.2590                    23.5492                    23.5793    Chunk_Overwrite
  1024                    23.4845                    23.0720                    23.2382                    23.5247                    23.5563    Chunk_Overwrite
  1025                    23.4684                    23.0513                    23.2176                    23.5247                    23.5334    Chunk_Overwrite
  1026                    23.4684                    23.0513                    23.1969                    23.5247                    23.5105    Local_Reuse
  1027                    23.4524                    23.0307                    23.1764                    23.5003                    23.4877    Local_Reuse
  1028                    23.4363                    23.0102                    23.1559                    23.4760                    23.4650    Local_Reuse
  1029                    23.4203                    22.9897                    23.1559                    23.4518                    23.4650    Chunk_Overwrite
  1030                    23.4043                    22.9693                    23.1354                    23.4518                    23.4650    Chunk_Overwrite
  1031                    23.3863                    22.9462                    23.1123                    23.4518                    23.4650    Chunk_Overwrite
  1032                    23.3704                    22.9462                    23.0919                    23.4518                    23.4650    Chunk_Overwrite
  1033                    23.3704                    22.9259                    23.0717                    23.4518                    23.4650    Chunk_Overwrite
  1034                    23.3545                    22.9056                    23.0717                    23.4518                    23.4424    Local_Reuse
  1035                    23.3501                    22.9004                    23.0662                    23.4518                    23.4424    Local_Reuse
  1036                    23.3456                    22.9004                    23.0609                    23.4449                    23.4359    Local_Reuse
  1037                    23.3298                    22.8802                    23.0407                    23.4449                    23.4134    Local_Reuse
  1038                    23.3141                    22.8802                    23.0206                    23.4449                    23.4134    Local_Reuse
  1039                    23.2983                    22.8601                    23.0206                    23.4208                    23.3909    Local_Reuse
  1040                    23.2826                    22.8401                    23.0005                    23.4208                    23.3685    Local_Reuse
  1041                    23.2670                    22.8401                    23.0005                    23.3968                    23.3685    Local_Reuse
  1042                    23.2513                    22.8401                    23.0005                    23.3728                    23.3462    Local_Reuse
  1043                    23.2357                    22.8201                    22.9805                    23.3728                    23.3462    Local_Reuse
  1044                    23.2140                    22.7920                    22.9526                    23.3396                    23.3151    Local_Reuse
  1045                    23.2140                    22.7920                    22.9526                    23.3158                    23.3151    Local_Reuse
  1046                    23.2140                    22.7721                    22.9526                    23.2921                    23.3151    Chunk_Overwrite
  1047                    23.1985                    22.7523                    22.9327                    23.2921                    23.3151    Chunk_Overwrite
  1048                    23.1809                    22.7298                    22.9102                    23.2921                    23.3152    Chunk_Overwrite
  1049                    23.1716                    22.7182                    22.9102                    23.2921                    23.3152    Chunk_Overwrite
  1050                    23.1561                    22.7182                    22.8904                    23.2921                    23.2929    Chunk_Overwrite
  1051                    23.1407                    22.6985                    22.8904                    23.2921                    23.2930    Chunk_Overwrite
  1052                    23.1284                    22.6829                    22.8904                    23.2921                    23.2930    Chunk_Overwrite
  1053                    23.1284                    22.6829                    22.8904                    23.2684                    23.2930    Chunk_Overwrite
  1054                    23.1110                    22.6606                    22.8680                    23.2684                    23.2930    Chunk_Overwrite
  1055                    23.0957                    22.6606                    22.8483                    23.2449                    23.2930    Chunk_Overwrite
  1056                    23.0804                    22.6411                    22.8287                    23.2449                    23.2708    Chunk_Overwrite
  1057                    23.0651                    22.6216                    22.8092                    23.2214                    23.2488    Chunk_Overwrite
  1058                    23.0499                    22.6216                    22.8092                    23.2214                    23.2267    Chunk_Overwrite
  1059                    23.0499                    22.6222                    22.8095                    23.2214                    23.2267    Chunk_Overwrite
  1060                    23.0671                    22.6454                    22.8323                    23.2474                    23.2511    Chunk_Overwrite
  1061                    23.0843                    22.6454                    22.8550                    23.2474                    23.2754    Chunk_Overwrite
  1062                    23.0701                    22.6274                    22.8368                    23.2255                    23.2549    Chunk_Overwrite
  1063                    23.0873                    22.6274                    22.8595                    23.2515                    23.2549    Chunk_Overwrite
  1064                    23.1044                    22.6505                    22.8821                    23.2515                    23.2791    Chunk_Overwrite
  1065                    23.1487                    22.7094                    22.8821                    23.3189                    23.3421    Chunk_Overwrite
  1066                    23.1718                    22.7403                    22.9125                    23.3189                    23.3421    Chunk_Overwrite
  1067                    23.1887                    22.7632                    22.9350                    23.3446                    23.3661    Chunk_Overwrite
  1068                    23.2057                    22.7633                    22.9574                    23.3702                    23.3901    Chunk_Overwrite
  1069                    23.2497                    22.8218                    23.0150                    23.4371                    23.3901    Local_Reuse
  1070                    23.2325                    22.7997                    22.9929                    23.4106                    23.3652    Local_Reuse
  1071                    23.2192                    22.7829                    22.9760                    23.3902                    23.3462    Local_Reuse
  1072                    23.2361                    22.8056                    22.9983                    23.4156                    23.3701    Local_Reuse
  1073                    23.2529                    22.8283                    23.0205                    23.4409                    23.3939    Local_Reuse
  1074                    23.2967                    22.8863                    23.0776                    23.5072                    23.3939    Local_Reuse
  1075                    23.2967                    22.8863                    23.0776                    23.5072                    23.4176    Local_Reuse
  1076                    23.3134                    22.9088                    23.0776                    23.5072                    23.4413    Local_Reuse
  1077                    23.3301                    22.9088                    23.0777                    23.5323                    23.4413    Local_Reuse
  1078                    23.3467                    22.9088                    23.0777                    23.5323                    23.4649    Local_Reuse
  1079                    23.3335                    22.9088                    23.0608                    23.5119                    23.4459    Local_Reuse
  1080                    23.3770                    22.9088                    23.0608                    23.5778                    23.4459    Local_Reuse
  1081                    23.3637                    22.8920                    23.0439                    23.5778                    23.4269    Local_Reuse
  1082                    23.3803                    22.9144                    23.0659                    23.6027                    23.4269    Local_Reuse
  1083                    23.3968                    22.9145                    23.0879                    23.6275                    23.4269    Local_Reuse
  1084                    23.3968                    22.9145                    23.0879                    23.6929                    23.4269    Local_Reuse
  1085                    23.4133                    22.9368                    23.0879                    23.7176                    23.4505    Local_Reuse
  1086                    23.4001                    22.9200                    23.0711                    23.6971                    23.4505    Local_Reuse
  1087                    23.4165                    22.9424                    23.0930                    23.7216                    23.4505    Local_Reuse
  1088                    23.4165                    22.9646                    23.1148                    23.7460                    23.4505    Local_Reuse
  1089                    23.4329                    22.9868                    23.1366                    23.7704                    23.4740    Local_Reuse
  1090                    23.4493                    22.9868                    23.1366                    23.7704                    23.4740    Local_Reuse
  1091                    23.4657                    23.0089                    23.1583                    23.7947                    23.4740    Local_Reuse
  1092                    23.4820                    23.0310                    23.1800                    23.7948                    23.4974    Local_Reuse
  1093                    23.4983                    23.0531                    23.2016                    23.8190                    23.5207    Local_Reuse
  1094                    23.5332                    23.0996                    23.2474                    23.8714                    23.5207    Local_Reuse
  1095                    23.5200                    23.0827                    23.2306                    23.8509                    23.5018    Local_Reuse
  1096                    23.5362                    23.1046                    23.2520                    23.8750                    23.5250    Local_Reuse
  1097                    23.5230                    23.0878                    23.2352                    23.8545                    23.5250    Local_Reuse
  1098                    23.5088                    23.0878                    23.2172                    23.8545                    23.5047    Local_Reuse
  1099                    23.4947                    23.0878                    23.2172                    23.8545                    23.4845    Local_Reuse
  1100                    23.4947                    23.0878                    23.2172                    23.8785                    23.5077    Local_Reuse
  1101                    23.5109                    23.0878                    23.2386                    23.9024                    23.5308    Local_Reuse
  1102                    23.5329                    23.1174                    23.2675                    23.9351                    23.5622    Local_Reuse
  1103                    23.5753                    23.1738                    23.3230                    23.9986                    23.6228    Local_Reuse
  1104                    23.5913                    23.1954                    23.3442                    24.0222                    23.6456    Local_Reuse
  1105                    23.6336                    23.2516                    23.3995                    24.0222                    23.7059    Local_Reuse
  1106                    23.6204                    23.2516                    23.3826                    24.0017                    23.6870    Local_Reuse
  1107                    23.6470                    23.2871                    23.4175                    24.0414                    23.7249    Local_Reuse
  1108                    23.6949                    23.3507                    23.4801                    24.1131                    23.7932    Local_Reuse
  1109                    23.7108                    23.3720                    23.4801                    24.1365                    23.7932    Local_Reuse
  1110                    23.7266                    23.3933                    23.5009                    24.1365                    23.7932    Local_Reuse
  1111                    23.7685                    23.4488                    23.5556                    24.1365                    23.8529    Local_Reuse
  1112                    23.7842                    23.4699                    23.5763                    24.1597                    23.8753    Local_Reuse
  1113                    23.8366                    23.5392                    23.5763                    24.1597                    23.9499    Local_Reuse
  1114                    23.8706                    23.5392                    23.6208                    24.2106                    23.9499    Local_Reuse
  1115                    23.8563                    23.5208                    23.6026                    24.1885                    23.9294    Local_Reuse
  1116                    23.8902                    23.5208                    23.6469                    24.1885                    23.9777    Local_Reuse
  1117                    23.9346                    23.5798                    23.7048                    24.1886                    24.0409    Local_Reuse
  1118                    23.9683                    23.6246                    23.7489                    24.2392                    24.0409    Local_Reuse
  1119                    23.9837                    23.6453                    23.7692                    24.2392                    24.0409    Local_Reuse
  1120                    23.9991                    23.6660                    23.7895                    24.2622                    24.0409    Local_Reuse
  1121                    24.0202                    23.6942                    23.8171                    24.2938                    24.0409    Local_Reuse
  1122                    24.0356                    23.7148                    23.8171                    24.2938                    24.0629    Local_Reuse
  1123                    24.0356                    23.7148                    23.8373                    24.3166                    24.0629    Local_Reuse
  1124                    24.0509                    23.7354                    23.8574                    24.3394                    24.0847    Local_Reuse
  1125                    24.0824                    23.7772                    23.8985                    24.3866                    24.0848    Local_Reuse
  1126                    24.0681                    23.7587                    23.8801                    24.3645                    24.0642    Local_Reuse
  1127                    24.0833                    23.7791                    23.9001                    24.3871                    24.0860    Local_Reuse
  1128                    24.0985                    23.7995                    23.9200                    24.4096                    24.1078    Local_Reuse
  1129                    24.1394                    23.8535                    23.9731                    24.4096                    24.1662    Local_Reuse
  1130                    24.1394                    23.8535                    23.9731                    24.4096                    24.2245    Local_Reuse
  1131                    24.1726                    23.8974                    24.0163                    24.4593                    24.2245    Local_Reuse
  1132                    24.2057                    23.9411                    24.0593                    24.5089                    24.2718    Local_Reuse
  1133                    24.2388                    23.9411                    24.0593                    24.5583                    24.3189    Local_Reuse
  1134                    24.2793                    23.9948                    24.1121                    24.6190                    24.3189    Local_Reuse
  1135                    24.2793                    24.0147                    24.1121                    24.6411                    24.3189    Local_Reuse
  1136                    24.2793                    24.0582                    24.1121                    24.6411                    24.3189    Local_Reuse
  1137                    24.2943                    24.0780                    24.1316                    24.6411                    24.3402    Local_Reuse
  1138                    24.3272                    24.1213                    24.1744                    24.6901                    24.3871    Local_Reuse
  1139                    24.3600                    24.1645                    24.2170                    24.7390                    24.3872    Local_Reuse
  1140                    24.3748                    24.1841                    24.2170                    24.7390                    24.4083    Local_Reuse
  1141                    24.4150                    24.1841                    24.2170                    24.7390                    24.4658    Local_Reuse
  1142                    24.4298                    24.2037                    24.2364                    24.7608                    24.4868    Local_Reuse
  1143                    24.4298                    24.2232                    24.2364                    24.7608                    24.5077    Local_Reuse
  1144                    24.4624                    24.2660                    24.2364                    24.7608                    24.5541    Local_Reuse
  1145                    24.4770                    24.2660                    24.2557                    24.7825                    24.5748    Local_Reuse
  1146                    24.4917                    24.2854                    24.2749                    24.7825                    24.5956    Local_Reuse
  1147                    24.5063                    24.2854                    24.2749                    24.7825                    24.6162    Local_Reuse
  1148                    24.4927                    24.2680                    24.2576                    24.7616                    24.5968    Local_Reuse
  1149                    24.5326                    24.3204                    24.3096                    24.8214                    24.6534    Local_Reuse
  1150                    24.5649                    24.3629                    24.3518                    24.8698                    24.6534    Local_Reuse
  1151                    24.5794                    24.3821                    24.3708                    24.8912                    24.6739    Local_Reuse
  1152                    24.6116                    24.4245                    24.4128                    24.9393                    24.7197    Local_Reuse
  1153                    24.6261                    24.4245                    24.4317                    24.9606                    24.7400    Local_Reuse
  1154                    24.6404                    24.4435                    24.4506                    24.9606                    24.7603    Local_Reuse
  1155                    24.6800                    24.4954                    24.4506                    25.0197                    24.8164    Local_Reuse
  1156                    24.7194                    24.5472                    24.5020                    25.0787                    24.8722    Local_Reuse
  1157                    24.7337                    24.5472                    24.5020                    25.0997                    24.8722    Local_Reuse
  1158                    24.7479                    24.5661                    24.5207                    25.0997                    24.8923    Local_Reuse
  1159                    24.7333                    24.5661                    24.5021                    25.0997                    24.8714    Local_Reuse
  1160                    24.7475                    24.5661                    24.5021                    25.1206                    24.8714    Local_Reuse
  1161                    24.7475                    24.6079                    24.5021                    25.1680                    24.9164    Local_Reuse
  1162                    24.7617                    24.6266                    24.5208                    25.1888                    24.9364    Local_Reuse
  1163                    24.7481                    24.6090                    24.5035                    25.1677                    24.9168    Local_Reuse
  1164                    24.7623                    24.6277                    24.5221                    25.1677                    24.9367    Local_Reuse
  1165                    24.7487                    24.6101                    24.5048                    25.1467                    24.9172    Local_Reuse
  1166                    24.7628                    24.6287                    24.5234                    25.1467                    24.9370    Local_Reuse
  1167                    24.7944                    24.6702                    24.5646                    25.1938                    24.9816    Local_Reuse
  1168                    24.8085                    24.6702                    24.5831                    25.2144                    25.0013    Local_Reuse
  1169                    24.8529                    24.7284                    24.6409                    25.2807                    25.0639    Local_Reuse
  1170                    24.8669                    24.7468                    24.6409                    25.2807                    25.0639    Local_Reuse
  1171                    24.8983                    24.7880                    24.6819                    25.2807                    25.1082    Local_Reuse
  1172                    24.8837                    24.7692                    24.6633                    25.2583                    25.1082    Local_Reuse
  1173                    24.9224                    24.8198                    24.7136                    25.3160                    25.1628    Local_Reuse
  1174                    24.9610                    24.8198                    24.7136                    25.3160                    25.2172    Local_Reuse
  1175                    24.9922                    24.8198                    24.7544                    25.3625                    25.2172    Local_Reuse
  1176                    25.0060                    24.8380                    24.7544                    25.3625                    25.2364    Local_Reuse
  1177                    25.0371                    24.8380                    24.7950                    25.3626                    25.2802    Local_Reuse
  1178                    25.0235                    24.8204                    24.7776                    25.3415                    25.2605    Local_Reuse
  1179                    25.0372                    24.8386                    24.7956                    25.3617                    25.2797    Local_Reuse
  1180                    25.0508                    24.8567                    24.8137                    25.3819                    25.2797    Local_Reuse
  1181                    25.0299                    24.8567                    24.7868                    25.3499                    25.2497    Local_Reuse
  1182                    25.0154                    24.8567                    24.7683                    25.3499                    25.2288    Local_Reuse
  1183                    25.0154                    24.8567                    24.7683                    25.3701                    25.2479    Local_Reuse
  1184                    25.0463                    24.8974                    24.7683                    25.4161                    25.2479    Local_Reuse
  1185                    25.0599                    24.9154                    24.7863                    25.4361                    25.2669    Local_Reuse
  1186                    25.0908                    24.9560                    24.8265                    25.4362                    25.3103    Local_Reuse
  1187                    25.0908                    24.9383                    24.8092                    25.4152                    25.3103    Local_Reuse
  1188                    25.0699                    24.9383                    24.7825                    25.4152                    25.3103    Local_Reuse
  1189                    25.0490                    24.9383                    24.7559                    25.3834                    25.2805    Local_Reuse
  1190                    25.0318                    24.9159                    24.7559                    25.3834                    25.2805    Local_Reuse
  1191                    25.0111                    24.8889                    24.7294                    25.3516                    25.2805    Local_Reuse
  1192                    24.9903                    24.8619                    24.7029                    25.3200                    25.2508    Local_Reuse
  1193                    24.9696                    24.8619                    24.6764                    25.2884                    25.2508    Local_Reuse
  1194                    24.9489                    24.8350                    24.6501                    25.2884                    25.2508    Local_Reuse
  1195                    24.9283                    24.8350                    24.6501                    25.2884                    25.2508    Local_Reuse
  1196                    24.9283                    24.8350                    24.6501                    25.2569                    25.2508    Local_Reuse
  1197                    24.9167                    24.8350                    24.6501                    25.2569                    25.2508    Local_Reuse
  1198                    24.9167                    24.8350                    24.6501                    25.2569                    25.2508    Local_Reuse
  1199                    24.8961                    24.8081                    24.6501                    25.2569                    25.2508    Local_Reuse
  1200                    24.8756                    24.7813                    24.6238                    25.2255                    25.2211    Local_Reuse
  1201                    24.8551                    24.7546                    24.5975                    25.2255                    25.1916    Local_Reuse
  1202                    24.8418                    24.7373                    24.5806                    25.2051                    25.1916    Local_Reuse
  1203                    24.8286                    24.7201                    24.5638                    25.1846                    25.1723    Local_Reuse
  1204                    24.8154                    24.7029                    24.5470                    25.1642                    25.1530    Local_Reuse
  1205                    24.7977                    24.6799                    24.5244                    25.1642                    25.1274    Local_Reuse
  1206                    24.7977                    24.6799                    24.5244                    25.1439                    25.1274    Local_Reuse
  1207                    24.7845                    24.6799                    24.5244                    25.1236                    25.1274    Chunk_Overwrite
  1208                    24.7713                    24.6628                    24.5077                    25.1034                    25.1083    Chunk_Overwrite
  1209                    24.7511                    24.6364                    24.4818                    25.0725                    25.0790    Chunk_Overwrite
  1210                    24.7380                    24.6364                    24.4651                    25.0524                    25.0600    Chunk_Overwrite
  1211                    24.7516                    24.6543                    24.4831                    25.0524                    25.0790    Chunk_Overwrite
  1212                    24.7314                    24.6544                    24.4573                    25.0524                    25.0499    Local_Reuse
  1213                    24.7183                    24.6373                    24.4407                    25.0324                    25.0309    Local_Reuse
  1214                    24.6982                    24.6110                    24.4150                    25.0324                    25.0309    Local_Reuse
  1215                    24.7118                    24.6290                    24.4329                    25.0524                    25.0499    Local_Reuse
  1216                    24.6988                    24.6121                    24.4165                    25.0324                    25.0310    Local_Reuse
  1217                    24.6859                    24.5952                    24.4000                    25.0125                    25.0122    Local_Reuse
  1218                    24.6729                    24.5783                    24.3837                    24.9926                    24.9934    Chunk_Overwrite
  1219                    24.7033                    24.6182                    24.4232                    25.0379                    24.9934    Local_Reuse
  1220                    24.6904                    24.6014                    24.4068                    25.0180                    24.9747    Local_Reuse
  1221                    24.6774                    24.5846                    24.3905                    25.0180                    24.9560    Local_Reuse
  1222                    24.6645                    24.5678                    24.3742                    25.0180                    24.9373    Local_Reuse
  1223                    24.6645                    24.5678                    24.3742                    25.0180                    25.0175    Local_Reuse
  1224                    24.7213                    24.6421                    24.3742                    25.0180                    25.0175    Local_Reuse
  1225                    24.7213                    24.6421                    24.4477                    25.0180                    25.0974    Chunk_Overwrite
  1226                    24.7348                    24.6599                    24.4654                    25.0379                    25.1161    Chunk_Overwrite
  1227                    24.7218                    24.6431                    24.4491                    25.0181                    25.0973    Chunk_Overwrite
  1228                    24.7089                    24.6263                    24.4328                    24.9983                    25.0786    Chunk_Overwrite
  1229                    24.6961                    24.6096                    24.4165                    24.9786                    25.0599    Chunk_Overwrite
  1230                    24.7262                    24.6491                    24.4556                    25.0235                    25.1021    Chunk_Overwrite
  1231                    24.7493                    24.6793                    24.4857                    25.0578                    25.1343    Chunk_Overwrite
  1232                    24.8056                    24.6793                    24.5584                    25.0578                    25.1343    Chunk_Overwrite
  1233                    24.8285                    24.7094                    24.5883                    25.0920                    25.1664    Chunk_Overwrite
  1234                    24.8156                    24.6927                    24.5719                    25.0722                    25.1664    Chunk_Overwrite
  1235                    24.8647                    24.7570                    24.5719                    25.1456                    25.2354    Chunk_Overwrite
  1236                    24.8518                    24.7402                    24.5556                    25.1259                    25.2167    Chunk_Overwrite
  1237                    24.9078                    24.7402                    24.5556                    25.1259                    25.2954    Chunk_Overwrite
  1238                    24.9541                    24.8009                    24.6157                    25.1951                    25.3604    Chunk_Overwrite
  1239                    25.0029                    24.8009                    24.6157                    25.1951                    25.4289    Chunk_Overwrite
  1240                    24.9899                    24.7841                    24.5994                    25.1753                    25.4100    Chunk_Overwrite
  1241                    25.0386                    24.8480                    24.6626                    25.1753                    25.4783    Chunk_Overwrite
  1242                    25.0777                    24.8993                    24.7133                    25.1753                    25.5329    Chunk_Overwrite
  1243                    25.0906                    24.9164                    24.7305                    25.1947                    25.5329    Chunk_Overwrite
  1244                    25.0776                    24.8996                    24.7141                    25.1750                    25.5140    Chunk_Overwrite
  1245                    25.0776                    24.9721                    24.7858                    25.2581                    25.5917    Chunk_Overwrite
  1246                    25.1001                    25.0015                    24.8151                    25.2916                    25.6228    Chunk_Overwrite
  1247                    25.0862                    24.9836                    24.7976                    25.2705                    25.6228    Chunk_Overwrite
  1248                    25.0732                    24.9667                    24.7812                    25.2508                    25.6038    Chunk_Overwrite
  1249                    25.0861                    24.9837                    24.7981                    25.2700                    25.6214    Chunk_Overwrite
  1250                    25.1318                    25.0433                    24.8572                    25.3382                    25.6852    Chunk_Overwrite
  1251                    25.1869                    25.0433                    24.8572                    25.3382                    25.6852    Chunk_Overwrite
  1252                    25.1739                    25.0265                    24.8408                    25.3184                    25.6662    Chunk_Overwrite
  1253                    25.1867                    25.0434                    24.8576                    25.3374                    25.6836    Chunk_Overwrite
  1254                    25.1737                    25.0266                    24.8412                    25.3178                    25.6647    Chunk_Overwrite
  1255                    25.1865                    25.0434                    24.8580                    25.3367                    25.6821    Chunk_Overwrite
  1256                    25.1735                    25.0266                    24.8417                    25.3367                    25.6632    Chunk_Overwrite
  1257                    25.1862                    25.0434                    24.8585                    25.3556                    25.6806    Chunk_Overwrite
  1258                    25.2221                    25.0903                    24.9049                    25.4091                    25.7305    Chunk_Overwrite
  1259                    25.2767                    25.1615                    24.9049                    25.4906                    25.7305    Chunk_Overwrite
  1260                    25.2767                    25.1615                    24.9754                    25.4906                    25.7305    Chunk_Overwrite
  1261                    25.3082                    25.2025                    25.0161                    25.4906                    25.7743    Chunk_Overwrite
  1262                    25.3558                    25.2025                    25.0161                    25.4906                    25.7743    Chunk_Overwrite
  1263                    25.3684                    25.2190                    25.0326                    25.5092                    25.7915    Chunk_Overwrite
  1264                    25.3553                    25.2022                    25.0162                    25.4895                    25.7726    Chunk_Overwrite
  1265                    25.4096                    25.2022                    25.0862                    25.4895                    25.7726    Chunk_Overwrite
  1266                    25.3965                    25.1854                    25.0698                    25.4698                    25.7537    Chunk_Overwrite
  1267                    25.4507                    25.2561                    25.1396                    25.4698                    25.7537    Chunk_Overwrite
  1268                    25.4954                    25.2561                    25.1396                    25.4698                    25.8164    Chunk_Overwrite
  1269                    25.5171                    25.2847                    25.1679                    25.5024                    25.8466    Chunk_Overwrite
  1270                    25.5711                    25.2847                    25.1679                    25.5024                    25.9222    Chunk_Overwrite
  1271                    25.5579                    25.2678                    25.1514                    25.4828                    25.9222    Chunk_Overwrite
  1272                    25.5795                    25.2678                    25.1514                    25.5152                    25.9523    Chunk_Overwrite
  1273                    25.6078                    25.2678                    25.1883                    25.5578                    25.9523    Chunk_Overwrite
  1274                    25.5947                    25.2511                    25.1719                    25.5382                    25.9333    Chunk_Overwrite
  1275                    25.6483                    25.3214                    25.1719                    25.5382                    26.0085    Chunk_Overwrite
  1276                    25.6765                    25.3214                    25.2087                    25.5382                    26.0479    Chunk_Overwrite
  1277                    25.7047                    25.3214                    25.2087                    25.5806                    26.0479    Chunk_Overwrite
  1278                    25.6915                    25.3046                    25.1922                    25.5610                    26.0289    Chunk_Overwrite
  1279                    25.6783                    25.2878                    25.1758                    25.5414                    26.0099    Chunk_Overwrite
  1280                    25.6634                    25.2689                    25.1758                    25.5414                    26.0099    Chunk_Overwrite
  1281                    25.6486                    25.2500                    25.1573                    25.5414                    26.0099    Chunk_Overwrite
  1282                    25.6338                    25.2311                    25.1388                    25.5194                    25.9886    Chunk_Overwrite
  1283                    25.6191                    25.2311                    25.1388                    25.5194                    25.9886    Chunk_Overwrite
  1284                    25.6043                    25.2123                    25.1388                    25.5194                    25.9886    Chunk_Overwrite
  1285                    25.6043                    25.1913                    25.1388                    25.5194                    25.9886    Chunk_Overwrite
  1286                    25.5896                    25.1726                    25.1204                    25.4974                    25.9886    Chunk_Overwrite
  1287                    25.5799                    25.1726                    25.1084                    25.4830                    25.9745    Chunk_Overwrite
  1288                    25.5653                    25.1539                    25.0900                    25.4611                    25.9745    Chunk_Overwrite
  1289                    25.5506                    25.1539                    25.0900                    25.4611                    25.9745    Chunk_Overwrite
  1290                    25.5360                    25.1539                    25.0900                    25.4611                    25.9745    Chunk_Overwrite
  1291                    25.5214                    25.1539                    25.0717                    25.4611                    25.9745    Chunk_Overwrite
  1292                    25.5068                    25.1539                    25.0717                    25.4611                    25.9533    Chunk_Overwrite
  1293                    25.4973                    25.1418                    25.0599                    25.4611                    25.9533    Chunk_Overwrite
  1294                    25.4827                    25.1418                    25.0416                    25.4611                    25.9533    Chunk_Overwrite
  1295                    25.4827                    25.1418                    25.0523                    25.4731                    25.9533    Chunk_Overwrite
  1296                    25.4666                    25.1210                    25.0320                    25.4731                    25.9533    Chunk_Overwrite
  1297                    25.4562                    25.1079                    25.0191                    25.4576                    25.9380    Chunk_Overwrite
  1298                    25.4617                    25.1154                    25.0267                    25.4658                    25.9453    Chunk_Overwrite
  1299                    25.4697                    25.1154                    25.0374                    25.4778                    25.9453    Chunk_Overwrite
  1300                    25.4776                    25.1154                    25.0374                    25.4898                    25.9453    Chunk_Overwrite
  1301                    25.4673                    25.1023                    25.0246                    25.4743                    25.9453    Chunk_Overwrite
  1302                    25.4752                    25.1131                    25.0246                    25.4743                    25.9560    Chunk_Overwrite
  1303                    25.4575                    25.0903                    25.0022                    25.4743                    25.9560    Chunk_Overwrite
  1304                    25.4539                    25.0859                    24.9980                    25.4743                    25.9502    Chunk_Overwrite
  1305                    25.4345                    25.0610                    24.9736                    25.4451                    25.9221    Chunk_Overwrite
  1306                    25.4345                    25.0610                    24.9736                    25.4451                    25.9221    Chunk_Overwrite
  1307                    25.4309                    25.0610                    24.9736                    25.4451                    25.9221    Chunk_Overwrite
  1308                    25.4273                    25.0567                    24.9694                    25.4451                    25.9164    Chunk_Overwrite
  1309                    25.4237                    25.0567                    24.9694                    25.4397                    25.9164    Chunk_Overwrite
  1310                    25.4201                    25.0567                    24.9694                    25.4397                    25.9164    Chunk_Overwrite
  1311                    25.4099                    25.0438                    24.9568                    25.4243                    25.9013    Chunk_Overwrite
  1312                    25.4162                    25.0524                    24.9568                    25.4243                    25.9013    Chunk_Overwrite
  1313                    25.4175                    25.0546                    24.9590                    25.4263                    25.9027    Chunk_Overwrite
  1314                    25.4175                    25.0546                    24.9676                    25.4263                    25.9027    Chunk_Overwrite
  1315                    25.4139                    25.0503                    24.9676                    25.4209                    25.8970    Chunk_Overwrite
  1316                    25.4104                    25.0460                    24.9676                    25.4155                    25.8913    Chunk_Overwrite
  1317                    25.4002                    25.0331                    24.9550                    25.4155                    25.8763    Chunk_Overwrite
  1318                    25.3950                    25.0267                    24.9487                    25.4076                    25.8763    Chunk_Overwrite
  1319                    25.3849                    25.0139                    24.9487                    25.3924                    25.8763    Chunk_Overwrite
  1320                    25.3814                    25.0139                    24.9446                    25.3924                    25.8763    Chunk_Overwrite
  1321                    25.3779                    25.0096                    24.9405                    25.3870                    25.8707    Chunk_Overwrite
  1322                    25.3743                    25.0054                    24.9364                    25.3817                    25.8707    Chunk_Overwrite
  1323                    25.3708                    25.0012                    24.9323                    25.3764                    25.8651    Chunk_Overwrite
  1324                    25.3673                    24.9970                    24.9283                    25.3711                    25.8595    Chunk_Overwrite
  1325                    25.3638                    24.9928                    24.9242                    25.3711                    25.8595    Chunk_Overwrite
  1326                    25.3602                    24.9886                    24.9201                    25.3658                    25.8595    Chunk_Overwrite
  1327                    25.3567                    24.9844                    24.9161                    25.3605                    25.8595    Chunk_Overwrite
  1328                    25.3532                    24.9844                    24.9161                    25.3605                    25.8539    Chunk_Overwrite
  1329                    25.3497                    24.9802                    24.9161                    25.3552                    25.8484    Chunk_Overwrite
  1330                    25.3463                    24.9761                    24.9120                    25.3500                    25.8484    Chunk_Overwrite
  1331                    25.3428                    24.9719                    24.9080                    25.3447                    25.8428    Chunk_Overwrite
  1332                    25.3393                    24.9719                    24.9080                    25.3395                    25.8428    Chunk_Overwrite
  1333                    25.3407                    24.9741                    24.9102                    25.3416                    25.8442    Chunk_Overwrite
  1334                    25.3356                    24.9678                    24.9041                    25.3416                    25.8363    Chunk_Overwrite
  1335                    25.3321                    24.9637                    24.9001                    25.3416                    25.8308    Chunk_Overwrite
  1336                    25.3287                    24.9596                    24.8961                    25.3416                    25.8253    Chunk_Overwrite
  1337                    25.3287                    24.9596                    24.8921                    25.3364                    25.8253    Chunk_Overwrite
  1338                    25.3131                    24.9397                    24.8725                    25.3364                    25.8253    Chunk_Overwrite
  1339                    25.2976                    24.9198                    24.8530                    25.3364                    25.8253    Chunk_Overwrite
  1340                    25.2821                    24.8999                    24.8530                    25.3364                    25.8253    Chunk_Overwrite
  1341                    25.2715                    24.8864                    24.8530                    25.3364                    25.8253    Chunk_Overwrite
  1342                    25.2609                    24.8864                    24.8397                    25.3364                    25.8253    Chunk_Overwrite
  1343                    25.2559                    24.8803                    24.8337                    25.3364                    25.8175    Chunk_Overwrite
  1344                    25.2525                    24.8763                    24.8298                    25.3312                    25.8120    Chunk_Overwrite
  1345                    25.2525                    24.8763                    24.8238                    25.3312                    25.8042    Chunk_Overwrite
  1346                    25.2475                    24.8702                    24.8178                    25.3236                    25.8042    Chunk_Overwrite
  1347                    25.2474                    24.8702                    24.8178                    25.3236                    25.8034    Chunk_Overwrite
  1348                    25.2376                    24.8578                    24.8178                    25.3236                    25.7887    Chunk_Overwrite
  1349                    25.2263                    24.8434                    24.8036                    25.3063                    25.7718    Chunk_Overwrite
  1350                    25.2149                    24.8290                    24.7894                    25.2891                    25.7550    Chunk_Overwrite
  1351                    25.1996                    24.8094                    24.7894                    25.2891                    25.7324    Chunk_Overwrite
  1352                    25.1947                    24.8094                    24.7835                    25.2815                    25.7248    Chunk_Overwrite
  1353                    25.1946                    24.8097                    24.7838                    25.2812                    25.7240    Chunk_Overwrite
  1354                    25.1897                    24.8037                    24.7779                    25.2812                    25.7164    Chunk_Overwrite
  1355                    25.1896                    24.8037                    24.7779                    25.2812                    25.7157    Chunk_Overwrite
  1356                    25.1847                    24.8037                    24.7720                    25.2813                    25.7081    Chunk_Overwrite
  1357                    25.1847                    24.7977                    24.7720                    25.2813                    25.7081    Chunk_Overwrite
  1358                    25.1822                    24.7949                    24.7693                    25.2774                    25.7040    Chunk_Overwrite
  1359                    25.1774                    24.7889                    24.7693                    25.2774                    25.7040    Chunk_Overwrite
  1360                    25.1725                    24.7830                    24.7634                    25.2699                    25.6964    Chunk_Overwrite
  1361                    25.1629                    24.7708                    24.7514                    25.2552                    25.6964    Chunk_Overwrite
  1362                    25.1565                    24.7628                    24.7435                    25.2552                    25.6964    Chunk_Overwrite
  1363                    25.1516                    24.7569                    24.7377                    25.2477                    25.6889    Chunk_Overwrite
  1364                    25.1365                    24.7376                    24.7187                    25.2477                    25.6889    Chunk_Overwrite
  1365                    25.1183                    24.7142                    24.6956                    25.2199                    25.6621    Chunk_Overwrite
  1366                    25.1001                    24.6909                    24.6725                    25.2199                    25.6621    Chunk_Overwrite
  1367                    25.0819                    24.6676                    24.6495                    25.1921                    25.6354    Chunk_Overwrite
  1368                    25.0637                    24.6444                    24.6265                    25.1921                    25.6354    Chunk_Overwrite
  1369                    25.0456                    24.6212                    24.6265                    25.1921                    25.6354    Chunk_Overwrite
  1370                    25.0275                    24.5980                    24.6036                    25.1644                    25.6088    Chunk_Overwrite
  1371                    25.0095                    24.5980                    24.6036                    25.1368                    25.5822    Chunk_Overwrite
  1372                    24.9914                    24.5749                    24.6036                    25.1368                    25.5557    Chunk_Overwrite
  1373                    24.9734                    24.5519                    24.5807                    25.1092                    25.5292    Chunk_Overwrite
  1374                    24.9586                    24.5330                    24.5620                    25.0865                    25.5073    Chunk_Overwrite
  1375                    24.9406                    24.5330                    24.5620                    25.0865                    25.4809    Chunk_Overwrite
  1376                    24.9227                    24.5100                    24.5620                    25.0590                    25.4809    Chunk_Overwrite
  1377                    24.9048                    24.4871                    24.5392                    25.0316                    25.4809    Chunk_Overwrite
  1378                    24.8916                    24.4703                    24.5225                    25.0114                    25.4614    Chunk_Overwrite
  1379                    24.8916                    24.4703                    24.5038                    25.0114                    25.4614    Chunk_Overwrite
  1380                    24.8737                    24.4703                    24.4812                    25.0114                    25.4614    Chunk_Overwrite
  1381                    24.8559                    24.4475                    24.4812                    24.9842                    25.4614    Chunk_Overwrite
  1382                    24.8381                    24.4247                    24.4586                    24.9842                    25.4351    Chunk_Overwrite
  1383                    24.8204                    24.4020                    24.4360                    24.9842                    25.4090    Chunk_Overwrite
  1384                    24.8026                    24.4020                    24.4360                    24.9842                    25.4090    Chunk_Overwrite
  1385                    24.7935                    24.4020                    24.4360                    24.9842                    25.4090    Chunk_Overwrite
  1386                    24.7758                    24.4020                    24.4360                    24.9570                    25.3828    Chunk_Overwrite
  1387                    24.7581                    24.3793                    24.4135                    24.9298                    25.3568    Chunk_Overwrite
  1388                    24.7405                    24.3793                    24.4135                    24.9028                    25.3568    Chunk_Overwrite
  1389                    24.7229                    24.3793                    24.3910                    24.8758                    25.3308    Chunk_Overwrite
  1390                    24.7053                    24.3566                    24.3686                    24.8758                    25.3048    Chunk_Overwrite
  1391                    24.6908                    24.3567                    24.3502                    24.8758                    25.3048    Chunk_Overwrite
  1392                    24.6780                    24.3401                    24.3339                    24.8559                    25.2856    Chunk_Overwrite
  1393                    24.6605                    24.3401                    24.3116                    24.8559                    25.2598    Chunk_Overwrite
  1394                    24.6430                    24.3176                    24.3116                    24.8559                    25.2598    Chunk_Overwrite
  1395                    24.6325                    24.3176                    24.2983                    24.8396                    25.2440    Chunk_Overwrite
  1396                    24.6220                    24.3176                    24.2983                    24.8396                    25.2440    Chunk_Overwrite
  1397                    24.6077                    24.3176                    24.2801                    24.8175                    25.2227    Chunk_Overwrite
  1398                    24.5934                    24.3176                    24.2619                    24.7954                    25.2014    Chunk_Overwrite
  1399                    24.5829                    24.3176                    24.2619                    24.7954                    25.2014    Chunk_Overwrite
  1400                    24.5725                    24.3042                    24.2487                    24.7793                    25.1858    Chunk_Overwrite
  1401                    24.5583                    24.3042                    24.2306                    24.7793                    25.1858    Chunk_Overwrite
  1402                    24.5441                    24.3042                    24.2125                    24.7793                    25.1858    Chunk_Overwrite
  1403                    24.5299                    24.3042                    24.1945                    24.7793                    25.1858    Chunk_Overwrite
  1404                    24.5157                    24.2857                    24.1764                    24.7793                    25.1858    Chunk_Overwrite
  1405                    24.5000                    24.2653                    24.1565                    24.7550                    25.1624    Chunk_Overwrite
  1406                    24.4859                    24.2653                    24.1565                    24.7550                    25.1624    Chunk_Overwrite
  1407                    24.4741                    24.2500                    24.1415                    24.7366                    25.1446    Chunk_Overwrite
  1408                    24.4630                    24.2357                    24.1275                    24.7366                    25.1446    Chunk_Overwrite
  1409                    24.4459                    24.2134                    24.1057                    24.7100                    25.1191    Chunk_Overwrite
  1410                    24.4349                    24.1991                    24.1057                    24.6929                    25.1191    Chunk_Overwrite
  1411                    24.4239                    24.1991                    24.1057                    24.6758                    25.1191    Chunk_Overwrite
  1412                    24.4130                    24.1991                    24.0918                    24.6758                    25.1191    Chunk_Overwrite
  1413                    24.4020                    24.1849                    24.0780                    24.6587                    25.1191    Chunk_Overwrite
  1414                    24.3903                    24.1698                    24.0631                    24.6405                    25.1014    Chunk_Overwrite
  1415                    24.3794                    24.1698                    24.0631                    24.6235                    25.1014    Chunk_Overwrite
  1416                    24.3685                    24.1556                    24.0493                    24.6066                    25.1014    Chunk_Overwrite
  1417                    24.3577                    24.1556                    24.0356                    24.5897                    25.1014    Chunk_Overwrite
  1418                    24.3577                    24.1556                    24.0356                    24.5897                    25.0848    Chunk_Overwrite
  1419                    24.3468                    24.1415                    24.0218                    24.5897                    25.0683    Chunk_Overwrite
  1420                    24.3360                    24.1274                    24.0081                    24.5728                    25.0518    Chunk_Overwrite
  1421                    24.3360                    24.1274                    23.9944                    24.5560                    25.0518    Chunk_Overwrite
  1422                    24.3251                    24.1133                    23.9807                    24.5560                    25.0353    Chunk_Overwrite
  1423                    24.3143                    24.0993                    23.9671                    24.5392                    25.0354    Chunk_Overwrite
  1424                    24.3035                    24.0853                    23.9671                    24.5225                    25.0354    Chunk_Overwrite
  1425                    24.2927                    24.0713                    23.9535                    24.5058                    25.0189    Chunk_Overwrite
  1426                    24.2820                    24.0574                    23.9399                    24.4891                    25.0189    Chunk_Overwrite
  1427                    24.2712                    24.0574                    23.9399                    24.4725                    25.0025    Chunk_Overwrite
  1428                    24.2605                    24.0574                    23.9399                    24.4725                    25.0025    Chunk_Overwrite
  1429                    24.2605                    24.0574                    23.9399                    24.4725                    24.9862    Chunk_Overwrite
  1430                    24.2438                    24.0355                    23.9399                    24.4467                    24.9611    Chunk_Overwrite
  1431                    24.2438                    24.0216                    23.9399                    24.4301                    24.9611    Chunk_Overwrite
  1432                    24.2331                    24.0078                    23.9263                    24.4301                    24.9448    Chunk_Overwrite
  1433                    24.2224                    23.9939                    23.9263                    24.4136                    24.9286    Chunk_Overwrite
  1434                    24.2110                    23.9791                    23.9118                    24.3960                    24.9113    Chunk_Overwrite
  1435                    24.2004                    23.9653                    23.8983                    24.3796                    24.8951    Chunk_Overwrite
  1436                    24.2004                    23.9653                    23.8983                    24.3586                    24.8951    Chunk_Overwrite
  1437                    24.1867                    23.9476                    23.8809                    24.3377                    24.8747    Chunk_Overwrite
  1438                    24.1867                    23.9476                    23.8636                    24.3168                    24.8747    Chunk_Overwrite
  1439                    24.1867                    23.9477                    23.8463                    24.2960                    24.8747    Chunk_Overwrite
  1440                    24.1867                    23.9477                    23.8463                    24.2752                    24.8747    Chunk_Overwrite
  1441                    24.1761                    23.9339                    23.8329                    24.2590                    24.8586    Chunk_Overwrite
  1442                    24.1625                    23.9339                    23.8156                    24.2384                    24.8586    Chunk_Overwrite
  1443                    24.1625                    23.9339                    23.8156                    24.2384                    24.8382    Chunk_Overwrite
  1444                    24.1520                    23.9202                    23.8023                    24.2223                    24.8222    Chunk_Overwrite
  1445                    24.1384                    23.9026                    23.8023                    24.2223                    24.8222    Chunk_Overwrite
  1446                    24.1316                    23.9026                    23.7938                    24.2223                    24.8222    Chunk_Overwrite
  1447                    24.1181                    23.9026                    23.7766                    24.2017                    24.8222    Chunk_Overwrite
  1448                    24.1046                    23.9026                    23.7766                    24.1811                    24.8222    Chunk_Overwrite
  1449                    24.0911                    23.9026                    23.7595                    24.1811                    24.8222    Chunk_Overwrite
  1450                    24.0911                    23.9026                    23.7595                    24.1606                    24.8222    Chunk_Overwrite
  1451                    24.0776                    23.9027                    23.7424                    24.1606                    24.8019    Chunk_Overwrite
  1452                    24.0672                    23.8890                    23.7292                    24.1447                    24.7859    Chunk_Overwrite
  1453                    24.0560                    23.8744                    23.7151                    24.1276                    24.7689    Chunk_Overwrite
  1454                    24.0560                    23.8744                    23.7151                    24.1276                    24.7574    Chunk_Overwrite
  1455                    24.0426                    23.8569                    23.6981                    24.1073                    24.7372    Chunk_Overwrite
  1456                    24.0322                    23.8434                    23.6850                    24.0914                    24.7214    Chunk_Overwrite
  1457                    24.0159                    23.8220                    23.6642                    24.0666                    24.6970    Chunk_Overwrite
  1458                    24.0092                    23.8134                    23.6642                    24.0666                    24.6970    Chunk_Overwrite
  1459                    23.9981                    23.7990                    23.6502                    24.0498                    24.6802    Chunk_Overwrite
  1460                    23.9878                    23.7855                    23.6371                    24.0498                    24.6645    Chunk_Overwrite
  1461                    23.9745                    23.7855                    23.6371                    24.0296                    24.6645    Chunk_Overwrite
  1462                    23.9612                    23.7682                    23.6371                    24.0094                    24.6645    Chunk_Overwrite
  1463                    23.9479                    23.7682                    23.6371                    23.9893                    24.6645    Chunk_Overwrite
  1464                    23.9347                    23.7682                    23.6203                    23.9893                    24.6446    Chunk_Overwrite
  1465                    23.9230                    23.7529                    23.6054                    23.9715                    24.6268    Chunk_Overwrite
  1466                    23.9127                    23.7395                    23.5924                    23.9559                    24.6112    Chunk_Overwrite
  1467                    23.9018                    23.7252                    23.5785                    23.9393                    24.5946    Chunk_Overwrite
  1468                    23.8908                    23.7109                    23.5647                    23.9227                    24.5946    Chunk_Overwrite
  1469                    23.8777                    23.6938                    23.5647                    23.9227                    24.5946    Chunk_Overwrite
  1470                    23.8704                    23.6844                    23.5556                    23.9117                    24.5946    Chunk_Overwrite
  1471                    23.8704                    23.6844                    23.5556                    23.8963                    24.5946    Chunk_Overwrite
  1472                    23.8573                    23.6673                    23.5389                    23.8963                    24.5748    Chunk_Overwrite
  1473                    23.8479                    23.6551                    23.5270                    23.8820                    24.5748    Chunk_Overwrite
  1474                    23.8348                    23.6551                    23.5104                    23.8820                    24.5551    Chunk_Overwrite
  1475                    23.8240                    23.6410                    23.4967                    23.8656                    24.5386    Chunk_Overwrite
  1476                    23.8102                    23.6230                    23.4967                    23.8447                    24.5386    Chunk_Overwrite
  1477                    23.7972                    23.6060                    23.4801                    23.8250                    24.5189    Chunk_Overwrite
  1478                    23.7813                    23.6060                    23.4598                    23.8009                    24.4950    Chunk_Overwrite
  1479                    23.7720                    23.6060                    23.4481                    23.7869                    24.4808    Chunk_Overwrite
  1480                    23.7590                    23.6060                    23.4481                    23.7869                    24.4808    Chunk_Overwrite
  1481                    23.7519                    23.5968                    23.4392                    23.7761                    24.4697    Chunk_Overwrite
  1482                    23.7404                    23.5818                    23.4246                    23.7588                    24.4523    Chunk_Overwrite
  1483                    23.7275                    23.5649                    23.4082                    23.7393                    24.4523    Chunk_Overwrite
  1484                    23.7168                    23.5509                    23.3947                    23.7231                    24.4360    Chunk_Overwrite
  1485                    23.7105                    23.5428                    23.3947                    23.7136                    24.4360    Chunk_Overwrite
  1486                    23.6998                    23.5288                    23.3812                    23.6975                    24.4198    Chunk_Overwrite
  1487                    23.7394                    23.5812                    23.4326                    23.7571                    24.4764    Chunk_Overwrite
  1488                    23.7287                    23.5672                    23.4326                    23.7571                    24.4764    Chunk_Overwrite
  1489                    23.7188                    23.5543                    23.4201                    23.7421                    24.4612    Chunk_Overwrite
  1490                    23.7524                    23.5543                    23.4639                    23.7928                    24.4612    Chunk_Overwrite
  1491                    23.7424                    23.5414                    23.4513                    23.7777                    24.4612    Chunk_Overwrite
  1492                    23.7542                    23.5571                    23.4669                    23.7955                    24.4776    Chunk_Overwrite
  1493                    23.7972                    23.6140                    23.5227                    23.7955                    24.5393    Chunk_Overwrite
  1494                    23.8364                    23.6659                    23.5738                    23.8547                    24.5956    Chunk_Overwrite
  1495                    23.8265                    23.6529                    23.5611                    23.8396                    24.5803    Chunk_Overwrite
  1496                    23.8692                    23.7095                    23.6167                    23.9041                    24.5803    Chunk_Overwrite
  1497                    23.9084                    23.7612                    23.6675                    23.9629                    24.6364    Chunk_Overwrite
  1498                    23.9084                    23.8128                    23.6675                    24.0217                    24.6924    Chunk_Overwrite
  1499                    23.8984                    23.7997                    23.6675                    24.0217                    24.6770    Chunk_Overwrite
  1500                    23.9410                    23.8559                    23.7229                    24.0857                    24.7381    Chunk_Overwrite
  1501                    23.9526                    23.8713                    23.7381                    24.0857                    24.7541    Chunk_Overwrite
  1502                    23.9815                    23.9093                    23.7757                    24.1290                    24.7951    Chunk_Overwrite
  1503                    24.0240                    23.9093                    23.8308                    24.1928                    24.8559    Chunk_Overwrite
  1504                    24.0664                    23.9653                    23.8858                    24.2564                    24.8559    Chunk_Overwrite
  1505                    24.0556                    23.9512                    23.8721                    24.2400                    24.8394    Chunk_Overwrite
  1506                    24.0944                    23.9512                    23.8721                    24.2980                    24.8394    Chunk_Overwrite
  1507                    24.1366                    23.9512                    23.8721                    24.3613                    24.9000    Chunk_Overwrite
  1508                    24.1789                    23.9512                    23.9270                    24.3613                    24.9604    Chunk_Overwrite
  1509                    24.1687                    23.9512                    23.9270                    24.3613                    24.9604    Chunk_Overwrite
  1510                    24.1586                    23.9381                    23.9141                    24.3459                    24.9450    Chunk_Overwrite
  1511                    24.1972                    23.9891                    23.9642                    24.4037                    25.0001    Chunk_Overwrite
  1512                    24.1871                    23.9760                    23.9514                    24.3883                    24.9846    Chunk_Overwrite
  1513                    24.2255                    24.0269                    23.9514                    24.4459                    24.9846    Chunk_Overwrite
  1514                    24.2154                    24.0138                    23.9385                    24.4304                    24.9846    Chunk_Overwrite
  1515                    24.2538                    24.0645                    23.9885                    24.4878                    25.0395    Chunk_Overwrite
  1516                    24.2437                    24.0514                    23.9756                    24.4724                    25.0240    Chunk_Overwrite
  1517                    24.2820                    24.1020                    24.0255                    24.4724                    25.0788    Chunk_Overwrite
  1518                    24.2711                    24.0879                    24.0117                    24.4559                    25.0622    Chunk_Overwrite
  1519                    24.3094                    24.1385                    24.0117                    24.4559                    25.0622    Chunk_Overwrite
  1520                    24.3511                    24.1936                    24.0660                    24.4559                    25.1220    Chunk_Overwrite
  1521                    24.3928                    24.1936                    24.1202                    24.4559                    25.1817    Chunk_Overwrite
  1522                    24.4309                    24.2439                    24.1202                    24.4559                    25.2361    Chunk_Overwrite
  1523                    24.4689                    24.2941                    24.1697                    24.5131                    25.2361    Chunk_Overwrite
  1524                    24.5104                    24.3489                    24.2237                    24.5755                    25.2955    Chunk_Overwrite
  1525                    24.5483                    24.3990                    24.2731                    24.6325                    25.2955    Chunk_Overwrite
  1526                    24.5728                    24.4313                    24.3049                    24.6691                    25.3302    Chunk_Overwrite
  1527                    24.5632                    24.4188                    24.3049                    24.6691                    25.3302    Chunk_Overwrite
  1528                    24.5536                    24.4064                    24.3049                    24.6691                    25.3302    Chunk_Overwrite
  1529                    24.5406                    24.4064                    24.2882                    24.6691                    25.3302    Chunk_Overwrite
  1530                    24.5406                    24.3893                    24.2715                    24.6691                    25.3302    Chunk_Overwrite
  1531                    24.5310                    24.3770                    24.2715                    24.6691                    25.3302    Chunk_Overwrite
  1532                    24.5159                    24.3572                    24.2715                    24.6691                    25.3302    Chunk_Overwrite
  1533                    24.5022                    24.3393                    24.2540                    24.6483                    25.3094    Chunk_Overwrite
  1534                    24.5022                    24.3393                    24.2365                    24.6483                    25.3094    Chunk_Overwrite
  1535                    24.4927                    24.3270                    24.2244                    24.6483                    25.3094    Chunk_Overwrite
  1536                    24.4867                    24.3194                    24.2170                    24.6483                    25.2999    Chunk_Overwrite
  1537                    24.4731                    24.3016                    24.1996                    24.6483                    25.2999    Chunk_Overwrite
  1538                    24.4594                    24.2838                    24.1821                    24.6483                    25.2792    Chunk_Overwrite
  1539                    24.4465                    24.2670                    24.1657                    24.6483                    25.2792    Chunk_Overwrite
  1540                    24.4465                    24.2548                    24.1657                    24.6483                    25.2792    Chunk_Overwrite
  1541                    24.4329                    24.2372                    24.1483                    24.6275                    25.2585    Chunk_Overwrite
  1542                    24.4235                    24.2250                    24.1483                    24.6275                    25.2585    Chunk_Overwrite
  1543                    24.4099                    24.2250                    24.1310                    24.6275                    25.2585    Chunk_Overwrite
  1544                    24.4005                    24.2129                    24.1192                    24.6275                    25.2585    Chunk_Overwrite
  1545                    24.3912                    24.2009                    24.1073                    24.6275                    25.2440    Chunk_Overwrite
  1546                    24.3818                    24.1888                    24.1073                    24.6275                    25.2440    Chunk_Overwrite
  1547                    24.3725                    24.1768                    24.1073                    24.6275                    25.2440    Chunk_Overwrite
  1548                    24.3632                    24.1768                    24.1073                    24.6275                    25.2440    Chunk_Overwrite
  1549                    24.3632                    24.1602                    24.1073                    24.6275                    25.2440    Chunk_Overwrite
  1550                    24.3504                    24.1436                    24.0910                    24.6275                    25.2440    Chunk_Overwrite
  1551                    24.3411                    24.1436                    24.0910                    24.6275                    25.2440    Chunk_Overwrite
  1552                    24.3284                    24.1271                    24.0747                    24.6275                    25.2440    Chunk_Overwrite
  1553                    24.3212                    24.1271                    24.0657                    24.6275                    25.2440    Chunk_Overwrite
  1554                    24.3078                    24.1097                    24.0657                    24.6275                    25.2440    Chunk_Overwrite
  1555                    24.2944                    24.0923                    24.0485                    24.6275                    25.2440    Chunk_Overwrite
  1556                    24.2810                    24.0750                    24.0314                    24.6275                    25.2440    Chunk_Overwrite
  1557                    24.2677                    24.0577                    24.0143                    24.6068                    25.2440    Chunk_Overwrite
  1558                    24.2550                    24.0413                    23.9981                    24.6068                    25.2440    Chunk_Overwrite
  1559                    24.2459                    24.0295                    23.9865                    24.6068                    25.2440    Chunk_Overwrite
  1560                    24.2367                    24.0177                    23.9749                    24.6068                    25.2440    Chunk_Overwrite
  1561                    24.2367                    24.0005                    23.9749                    24.6068                    25.2234    Chunk_Overwrite
  1562                    24.2241                    23.9842                    23.9588                    24.5871                    25.2234    Chunk_Overwrite
  1563                    24.2095                    23.9653                    23.9401                    24.5643                    25.2008    Chunk_Overwrite
  1564                    24.1969                    23.9653                    23.9241                    24.5643                    25.2008    Chunk_Overwrite
  1565                    24.1864                    23.9518                    23.9108                    24.5479                    25.1844    Chunk_Overwrite
  1566                    24.1767                    23.9518                    23.9108                    24.5479                    25.1844    Chunk_Overwrite
  1567                    24.1767                    23.9518                    23.8912                    24.5479                    25.1844    Chunk_Overwrite
  1568                    24.1669                    23.9518                    23.8912                    24.5326                    25.1844    Chunk_Overwrite
  1569                    24.1909                    23.9835                    23.9226                    24.5691                    25.2188    Chunk_Overwrite
图表已保存到 outputfile
