newcase
output_vector_after
2
operator_revise_array
13 408
11 679
------------------
output_vector_after
2
operator_revise_array
5 171
3 386
6 437
4 366
0 158
0 593
12 645
12 338
10 564
9 166
3 685
6 593
4 396
4 449
9 398
9 602
0 672
14 609
11 560
12 474
10 438
14 628
1 2601
4 361
2 3151
8 652
1 5776
13 274
8 541
3 678
5 282
6 208
3 176
12 674
4 156
6 622
8 174
8 299
13 617
1 191
13 700
9 32
13 135
4 458
0 236
5 365
7 477
3 73
10 585
8 556
14 55
0 59
5 482
1 2590
12 696
8 291
5 38
1 4999
0 760
3 95
3 597
7 745
12 279
1 4427
12 209
10 347
5 225
1 4469
7 734
12 413
4 268
3 193
6 445
11 702
9 77
5 716
3 517
2 1468
5 714
11 372
10 74
12 305
4 127
11 538
14 362
13 191
11 537
4 67
9 289
4 59
2 5902
6 591
4 696
14 597
7 161
5 309
3 401
6 217
10 777
0 226
6 652
6 467
9 732
13 268
14 324
0 564
11 507
11 510
2 619
6 230
10 315
7 315
1 6400
6 106
0 341
7 133
4 372
6 685
10 129
3 355
9 198
7 280
14 514
0 730
4 782
4 170
10 570
12 561
------------------
output_vector_after
2
operator_revise_array
1 4895
3 220
4 261
11 186
9 382
7 748
14 584
4 341
6 268
4 628
14 274
12 530
12 607
5 99
12 579
6 439
13 672
14 535
1 634
5 442
13 631
6 68
11 711
5 329
7 239
0 322
7 586
6 302
1 374
14 30
7 526
11 466
4 627
6 131
13 350
8 735
12 98
12 42
13 382
1 4681
10 117
8 609
7 548
3 131
14 313
6 446
13 737
12 167
7 649
5 424
10 567
12 650
14 492
5 545
6 690
9 761
10 726
11 446
12 290
13 540
1 5277
7 481
12 620
10 321
------------------
output_vector_after
2
operator_revise_array
6 686
0 202
4 749
3 750
10 583
13 612
5 125
3 378
10 281
2 3783
9 141
11 584
13 144
11 523
4 561
5 729
3 398
1 3343
0 528
8 232
7 334
1 1017
5 602
9 304
5 79
2 424
9 147
7 389
3 699
3 388
12 39
12 715
5 361
9 251
2 5140
0 576
1 3763
2 5274
12 234
7 457
9 623
7 489
3 525
10 660
14 209
3 345
7 349
3 660
3 482
9 306
3 602
3 238
14 412
11 516
12 375
5 339
14 134
12 745
7 444
10 117
12 582
2 4755
6 104
12 427
1 1839
0 414
7 739
6 504
5 102
4 292
11 582
12 19
2 108
8 336
5 72
0 397
1 1668
7 136
5 751
12 393
6 91
2 2759
0 635
8 329
3 322
1 2615
8 627
12 568
0 672
13 590
13 282
7 374
1 2808
12 643
14 696
5 633
12 426
2 2769
10 491
2 4709
9 186
10 280
13 85
7 415
8 49
11 358
3 219
14 639
12 362
12 370
10 256
1 213
7 659
12 275
8 38
8 70
12 171
14 652
3 300
7 117
1 1636
4 776
8 124
13 670
2 2147
4 320
3 541
3 741
------------------
output_vector_after
10
operator_revise_array
1 4698
13 96
3 28
5 463
7 105
10 259
7 25
5 178
3 184
2 31
12 563
0 482
1 1015
14 388
9 762
13 714
14 451
6 14
1 5703
12 275
6 698
7 244
12 64
4 88
14 175
7 572
3 312
10 622
9 348
10 109
4 322
13 147
14 505
6 538
13 216
3 317
12 205
10 122
1 3167
12 239
1 4325
14 622
8 696
13 315
8 95
0 126
14 126
10 575
0 87
10 749
5 105
9 45
2 4132
0 387
6 542
5 158
2 1993
0 362
9 334
1 3227
6 639
14 389
2 809
12 341
------------------
output_vector_after
10
operator_revise_array
2 5419
2 4219
3 134
3 359
6 267
9 152
13 243
4 646
------------------
output_vector_after
46
operator_revise_array
2 1934
11 274
9 275
12 150
13 168
4 219
12 77
6 88
9 669
13 269
13 192
10 322
9 323
12 69
1 3294
14 703
4 238
7 277
10 280
5 506
5 169
3 272
3 245
12 613
11 38
5 413
6 633
9 690
14 199
4 174
8 172
3 252
12 167
12 494
11 241
13 320
2 2947
3 521
3 493
5 377
7 732
2 195
1 4301
6 50
3 296
10 437
8 736
7 362
0 616
2 1671
2 3510
3 665
7 641
10 14
4 645
14 414
10 85
10 174
10 378
1 1790
6 129
9 416
5 622
9 105
------------------
output_vector_after
10
operator_revise_array
14 591
3 736
2 5966
8 291
5 38
3 64
9 199
14 630
4 616
8 40
9 367
14 465
3 279
12 766
4 601
6 529
4 374
6 56
6 751
1 6139
11 725
2 4645
0 612
1 4348
10 714
12 266
2 4572
12 71
10 352
12 179
5 361
13 555
10 452
13 406
8 664
13 48
7 620
2 4706
2 1562
14 446
2 6054
0 677
12 430
14 361
5 300
14 417
9 158
5 743
8 591
10 189
2 4398
4 670
7 57
6 284
12 647
12 558
10 352
11 69
9 451
5 326
11 474
12 508
10 167
4 721
------------------
output_vector_after
10
operator_revise_array
7 702
6 131
13 589
10 731
9 124
5 85
4 343
10 91
9 694
2 4261
13 216
2 4589
2 5754
3 405
11 156
5 203
------------------
output_vector_after
2
operator_revise_array
8 445
0 29
1 5702
5 717
10 303
8 492
12 72
2 3795
10 616
7 738
1 3925
4 249
10 205
9 76
1 831
13 648
------------------
output_vector_after
2
operator_revise_array
14 744
4 54
3 505
1 1378
3 466
8 472
7 511
5 232
7 457
13 673
14 730
1 721
13 533
9 365
0 714
12 137
0 416
0 581
11 33
0 64
8 394
5 642
12 155
8 600
3 145
4 642
10 549
14 569
1 2328
8 574
4 284
13 130
------------------
output_vector_after
10
operator_revise_array
6 53
2 5087
1 6028
12 711
6 47
1 4552
12 470
3 342
11 652
9 246
0 605
14 690
7 526
0 252
8 487
5 331
6 445
6 679
2 1706
6 766
11 172
12 635
7 494
10 202
9 390
10 85
13 317
14 160
10 594
3 435
0 694
13 731
------------------
output_vector_after
2
operator_revise_array
3 519
5 229
11 727
4 524
5 66
0 479
9 158
9 323
12 481
12 280
3 369
2 3337
13 187
0 725
7 542
10 706
3 233
12 234
5 284
2 981
6 458
3 117
9 570
9 200
2 1162
2 2649
4 729
8 180
6 41
14 209
5 570
10 30
------------------
output_vector_after
2
operator_revise_array
14 722
2 1014
13 331
8 57
14 26
12 36
8 520
2 2780
9 363
7 726
6 701
3 682
12 628
11 531
3 95
10 693
13 475
2 3677
5 175
14 606
9 221
7 599
9 660
5 181
4 201
12 480
14 334
2 3251
13 18
11 100
2 5242
0 57
14 557
2 1631
14 204
8 712
13 230
3 455
7 596
3 456
6 116
14 301
9 317
1 5732
10 52
14 239
7 239
2 1294
7 293
13 618
14 162
0 222
12 242
11 732
7 362
7 139
11 398
8 399
5 41
2 3327
8 437
9 404
5 13
9 644
14 249
3 629
1 2540
10 502
1 1311
6 388
11 74
5 265
1 4602
4 279
12 434
14 625
7 129
3 685
14 222
8 695
2 2025
4 129
2 6071
11 42
3 445
5 605
13 730
13 365
4 235
9 130
4 138
11 58
11 288
0 527
11 124
8 352
4 153
7 489
11 496
11 77
0 343
5 4
12 184
5 651
14 543
10 580
3 23
0 431
0 750
4 546
10 607
4 89
10 737
8 501
11 454
8 577
9 143
4 97
10 748
11 438
13 125
14 127
7 386
2 3096
4 26
4 264
8 200
3 404
------------------
output_vector_after
10
operator_revise_array
13 224
10 406
13 609
13 420
------------------
output_vector_after
10
operator_revise_array
9 482
14 339
3 363
6 130
3 19
9 754
4 237
5 552
------------------
output_vector_after
10
operator_revise_array
13 662
6 307
8 85
0 476
3 444
0 74
9 40
0 382
8 207
10 63
14 326
3 652
10 394
14 622
7 30
11 472
------------------
output_vector_after
2
operator_revise_array
11 475
12 732
0 70
11 579
9 657
8 707
1 763
1 5420
6 374
3 629
1 3136
13 214
1 5283
0 64
14 562
0 178
14 683
6 694
4 134
5 42
13 61
4 280
8 627
5 110
4 671
7 9
1 2060
14 434
0 401
13 551
4 440
2 3381
11 691
2 1281
12 184
4 632
0 46
4 163
14 239
3 550
3 661
12 186
8 138
3 435
13 367
7 125
10 415
7 244
6 415
7 566
3 719
12 558
0 110
6 244
1 5129
3 567
5 209
0 567
6 647
2 56
9 411
3 228
1 1795
10 682
------------------
output_vector_after
10
operator_revise_array
3 63
3 553
0 395
0 676
11 657
3 154
10 396
0 342
11 713
11 260
2 4283
1 2055
8 118
12 610
7 572
13 300
10 82
1 308
7 525
6 520
13 722
4 516
0 525
9 701
3 426
8 428
0 615
0 176
4 450
12 203
10 116
11 163
------------------
output_vector_after
2
operator_revise_array
6 398
13 373
7 429
0 526
10 84
4 691
11 718
6 416
2 5518
9 373
0 562
9 510
7 316
0 667
3 441
10 19
14 5
8 40
6 293
8 419
2 2081
1 1541
10 656
1 3805
4 24
14 645
11 412
5 180
14 207
11 351
1 239
3 180
9 215
1 930
10 279
4 580
12 43
10 148
7 349
5 600
2 1484
0 666
8 795
5 86
12 312
9 170
4 197
4 106
11 734
3 501
8 590
10 32
7 737
0 797
12 466
8 122
13 147
13 764
0 555
7 659
11 412
0 140
2 4895
12 733
11 22
3 625
0 198
8 41
1 3926
10 307
11 551
7 621
10 433
8 698
13 203
7 492
8 695
9 360
14 392
12 87
10 93
14 319
12 102
12 44
2 1135
4 168
9 795
11 637
1 928
1 290
13 712
7 450
9 397
5 285
6 100
11 55
9 302
11 349
5 402
1 1032
0 468
7 692
5 339
9 642
14 237
3 688
4 220
6 566
3 808
0 621
1 1875
13 434
2 4358
11 221
2 5957
13 412
0 198
6 333
0 548
5 536
12 232
3 140
1 3683
7 80
9 322
6 103
8 434
6 486
------------------
output_vector_after
59
operator_revise_array
7 7
14 593
4 538
8 637
5 133
14 57
4 453
7 719
12 639
10 556
5 723
8 180
14 321
13 509
8 357
10 427
------------------
output_vector_after
2
operator_revise_array
9 424
14 698
12 95
11 97
1 2679
12 637
2 1785
8 65
2 1246
8 521
6 442
12 200
13 142
1 4803
14 626
6 118
------------------
output_vector_after
2
operator_revise_array
4 594
6 395
3 446
10 308
4 212
5 438
1 1606
8 51
4 735
9 450
5 430
0 152
2 3356
0 409
10 100
2 3028
0 461
8 707
10 61
4 748
1 1739
11 578
2 1236
11 63
0 425
8 325
0 631
10 602
12 85
2 322
13 195
1 852
7 544
3 657
6 708
1 1795
14 702
0 462
11 680
9 177
9 269
14 178
10 717
1 1364
0 52
0 305
9 440
1 5707
5 534
8 135
13 333
13 289
5 275
3 396
10 463
11 20
9 456
1 1062
13 227
4 86
11 683
11 589
2 5827
7 676
6 207
12 21
3 452
6 453
12 674
0 328
3 442
11 238
0 696
9 679
8 471
0 448
5 556
2 1334
0 252
1 1299
8 333
3 718
3 214
0 241
1 1664
13 19
7 299
12 46
5 19
9 252
5 632
13 169
4 7
11 255
14 504
0 125
10 3
5 424
5 289
10 569
9 90
8 60
13 366
10 357
13 510
1 3464
13 472
3 578
7 356
8 177
4 161
12 616
10 522
5 265
6 628
11 44
14 255
12 294
9 284
9 191
5 283
8 545
13 537
3 514
2 3905
2 200
6 280
2 3626
------------------
output_vector_after
2
operator_revise_array
0 254
4 668
1 1364
10 292
6 626
3 328
13 688
14 275
11 561
7 4
14 670
9 464
14 405
14 316
9 749
8 390
3 470
9 697
9 823
4 331
3 581
14 75
12 479
13 486
6 518
9 31
3 530
6 173
2 2473
5 70
12 562
0 15
3 475
13 694
0 517
6 664
0 711
10 155
7 294
14 288
9 314
1 347
3 179
7 46
6 535
4 108
3 66
11 229
13 495
5 100
4 774
1 1378
6 384
4 285
6 715
11 600
8 413
10 44
7 64
4 68
6 315
6 259
8 230
7 604
1 2805
10 774
12 531
4 621
0 467
4 394
10 3
4 123
0 209
9 278
5 37
9 353
10 608
2 5962
11 510
0 93
2 3681
14 215
2 5639
11 708
8 505
1 4632
9 50
6 196
8 63
1 3454
2 6034
7 217
2 2183
10 616
1 2594
10 274
14 603
9 381
14 751
6 431
9 152
7 633
11 135
1 2514
0 426
1 5756
1 2168
5 444
8 51
6 302
13 228
2 991
9 79
10 70
11 592
6 671
12 5
14 600
9 312
4 582
12 452
14 369
13 293
2 4424
6 852
5 542
12 482
7 471
------------------
output_vector_after
10
operator_revise_array
7 591
8 261
10 150
9 570
6 176
9 297
12 385
4 438
6 499
7 731
9 245
3 506
10 368
8 59
2 5743
8 131
14 108
6 309
14 213
2 768
2 1951
1 3471
1 3640
4 489
4 214
5 211
2 727
4 271
3 206
6 265
1 3148
6 224
11 70
10 404
2 6107
12 598
0 394
2 2802
4 682
13 601
2 2328
12 286
1 1607
14 522
4 140
11 573
6 309
14 210
2 5982
13 776
1 5229
1 2280
8 308
13 461
4 427
9 504
12 552
4 134
7 194
1 3343
12 520
3 192
2 4293
12 723
------------------
output_vector_after
2
operator_revise_array
4 334
14 581
8 255
6 469
13 478
14 553
0 78
3 640
10 654
5 76
13 345
8 365
11 7
9 153
5 307
7 471
0 540
4 634
10 281
14 566
8 54
13 410
5 497
0 673
12 607
0 348
9 494
7 559
4 27
14 23
8 631
4 469
12 43
0 210
2 4328
7 550
5 420
1 1950
0 743
14 532
6 18
5 8
14 465
14 578
5 740
7 510
0 612
10 650
14 84
1 1624
8 406
0 165
6 853
10 783
3 409
6 397
6 189
9 125
0 869
11 250
12 287
7 123
14 82
11 119
------------------
newcase
newcase
output_vector_after
43
operator_revise_array
3 27
4 386
2 2875
11 164
------------------
output_vector_after
30
operator_revise_array
3 50
12 35
8 159
4 249
12 51
13 369
13 48
14 77
8 363
2 1316
6 128
0 236
11 45
3 226
6 3
10 72
5 342
6 308
3 170
4 377
3 62
1 2056
10 212
12 191
11 278
13 46
10 213
9 276
14 148
2 1682
5 63
9 349
------------------
output_vector_after
30
operator_revise_array
5 246
13 278
13 174
9 181
1 146
7 268
2 2487
11 247
11 283
9 13
12 210
6 251
8 234
7 36
1 596
0 147
14 45
9 213
11 148
4 77
6 53
5 114
6 300
3 39
12 80
7 196
14 293
0 160
8 54
14 81
9 241
4 197
14 247
10 112
2 2506
7 195
6 225
2 2277
3 166
3 274
12 234
3 360
9 132
8 159
0 39
9 116
7 335
10 253
2 1315
5 259
9 40
5 237
11 26
0 371
1 1580
4 212
1 2874
8 362
14 75
6 122
1 1074
13 20
0 259
12 48
6 105
10 77
9 89
3 264
10 362
2 2394
4 38
10 46
2 1879
5 339
5 330
6 137
8 320
2 1375
6 315
8 338
6 97
2 2516
13 74
4 233
9 118
6 313
6 149
14 196
1 2701
0 367
11 162
14 276
3 270
12 79
10 361
11 223
12 142
0 177
6 54
1 310
3 123
13 68
7 30
4 296
5 204
13 20
0 91
6 170
4 76
4 239
8 94
0 182
2 1607
3 300
4 279
2 1012
5 192
7 50
5 20
14 42
5 168
10 302
13 220
6 56
11 7
12 89
3 258
12 112
------------------
output_vector_after
4
operator_revise_array
12 190
1 786
8 88
5 63
------------------
output_vector_after
4
operator_revise_array
9 370
12 229
------------------
output_vector_after
4
operator_revise_array
9 202
4 277
3 353
3 277
4 131
5 367
0 124
0 311
------------------
output_vector_after
2
operator_revise_array
5 145
1 2592
1 2256
8 648
0 191
0 755
1 1885
0 569
12 735
6 35
1 2784
14 549
0 565
7 29
0 209
7 214
------------------
output_vector_after
10
operator_revise_array
5 294
6 306
8 178
9 528
8 62
9 484
3 137
5 663
5 458
2 4209
4 610
12 712
6 443
9 534
9 141
12 717
7 63
8 587
11 466
0 244
0 528
7 748
0 109
5 676
9 372
2 559
12 631
14 381
5 556
11 87
11 319
8 149
1 2640
13 242
0 462
12 447
7 657
11 250
13 605
14 160
12 664
10 122
7 215
14 631
2 4527
6 422
0 419
8 72
7 433
0 83
2 6274
8 286
3 752
12 100
14 6
2 1239
13 684
14 376
9 617
5 227
2 5324
6 120
5 679
1 183
9 694
13 669
7 275
7 577
11 516
8 212
11 17
2 5712
7 61
1 3240
5 713
14 455
10 611
3 265
3 258
12 231
4 295
9 643
4 707
2 4318
14 543
6 579
7 667
11 246
14 283
9 736
4 222
4 522
10 615
10 725
13 778
2 5433
7 536
3 593
4 70
8 56
7 379
9 76
6 186
3 288
0 28
1 3861
10 339
10 37
10 196
11 60
1 1594
6 34
1 5194
10 320
8 718
12 468
7 58
3 236
13 257
0 102
9 625
1 825
3 308
13 667
0 391
0 273
14 570
6 562
------------------
output_vector_after
2
operator_revise_array
5 700
10 459
7 675
4 27
2 5795
4 136
4 504
3 512
10 319
7 728
9 569
1 4702
11 79
3 405
3 32
9 339
14 168
9 3
14 357
2 5567
11 622
14 671
0 735
6 566
6 55
3 52
11 757
1 182
4 349
13 734
3 755
14 464
------------------
output_vector_after
2
operator_revise_array
13 433
1 5582
12 351
3 475
8 653
4 301
8 199
12 171
9 441
5 251
13 90
3 389
4 671
12 547
0 624
14 310
2 89
5 140
5 566
12 101
9 346
7 338
9 20
7 553
4 131
8 248
8 233
13 520
3 305
13 83
0 492
13 177
------------------
output_vector_after
10
operator_revise_array
11 572
2 6028
14 247
7 501
1 5574
1 3136
13 22
13 669
5 268
9 374
8 551
2 157
12 195
5 25
14 45
2 2374
2 2297
8 280
3 259
13 17
8 247
5 336
5 607
3 359
10 150
6 162
9 688
13 308
9 245
11 611
6 562
4 633
------------------
output_vector_after
10
operator_revise_array
12 505
3 730
8 117
4 459
5 413
4 659
3 264
12 402
13 672
11 601
11 626
0 691
1 374
14 194
2 1121
1 4092
7 424
3 72
0 654
14 617
13 718
3 428
1 3613
5 263
2 300
0 668
1 3542
3 344
11 340
11 384
7 676
11 616
1 6237
9 180
3 30
4 111
3 600
10 334
13 198
11 224
4 675
3 251
9 73
12 659
6 271
10 218
8 492
3 725
10 715
0 241
3 349
13 704
10 111
13 254
0 274
4 3
12 17
4 617
12 3
0 633
5 358
8 671
4 8
11 227
2 5328
12 603
3 431
13 697
10 157
6 182
3 652
6 173
6 307
14 168
6 174
9 50
7 541
14 609
2 1483
12 261
3 701
8 532
6 152
3 180
0 421
1 2777
3 141
13 141
6 476
7 674
8 246
14 634
13 677
9 32
8 639
8 168
8 84
9 174
7 340
5 585
14 171
7 91
2 2000
1 3431
3 277
10 13
9 477
13 650
13 603
4 213
5 249
7 257
12 594
0 231
2 135
14 75
3 693
4 452
10 184
8 470
8 470
1 1960
4 708
12 61
14 235
9 578
9 611
12 707
------------------
output_vector_after
2
operator_revise_array
2 4673
9 336
7 126
3 445
2 1656
12 281
6 207
5 13
12 428
6 655
4 618
3 722
14 449
4 675
3 41
13 410
7 580
7 444
12 707
11 659
9 523
5 142
0 122
14 641
9 682
7 537
3 368
4 748
13 296
14 389
6 204
0 683
5 53
4 394
9 249
11 781
12 552
10 251
8 272
6 4
14 425
9 653
12 295
9 321
12 554
6 295
10 364
5 11
10 241
1 6453
7 366
13 242
1 165
13 68
6 157
9 711
4 410
14 637
2 4961
8 489
10 669
4 133
2 5025
10 238
------------------
output_vector_after
10
operator_revise_array
7 63
4 628
14 117
11 783
4 633
1 1592
1 6099
1 6151
10 407
9 260
3 53
9 513
9 520
8 252
10 707
13 308
------------------
output_vector_after
40
operator_revise_array
10 142
8 224
8 178
7 609
6 522
7 669
8 272
6 417
8 668
11 86
10 322
7 538
1 1785
13 160
11 633
4 389
0 88
10 15
12 291
2 1869
11 287
14 132
14 316
13 478
13 374
6 57
11 216
12 562
11 651
13 422
7 242
3 381
2 2741
14 264
9 22
6 228
0 75
2 4906
3 336
4 636
7 397
1 2164
0 17
1 4578
13 230
3 655
5 631
7 61
1 1528
1 3513
8 511
12 116
5 222
4 675
2 2902
3 57
13 360
4 230
4 258
12 452
14 452
11 421
14 318
2 4436
------------------
output_vector_after
10
operator_revise_array
3 567
0 362
6 88
8 236
7 108
5 534
9 243
12 736
7 374
12 192
5 322
10 261
10 279
7 59
10 628
5 444
4 419
3 411
10 265
5 126
2 2499
4 754
4 730
0 187
9 124
14 394
13 503
4 385
8 733
13 64
6 589
6 533
1 3199
3 686
6 691
0 385
5 651
13 66
8 185
1 1537
5 463
5 77
12 592
7 402
4 131
6 180
7 33
9 438
6 50
4 79
1 4677
6 364
10 652
3 70
12 708
7 74
3 314
14 247
0 714
1 2665
1 355
14 697
4 64
12 292
------------------
output_vector_after
2
operator_revise_array
1 3544
10 447
5 490
14 36
------------------
output_vector_after
2
operator_revise_array
11 383
6 599
4 325
5 306
4 240
5 15
4 530
3 657
10 200
0 730
11 221
2 4609
13 573
6 5
11 69
0 563
2 5536
6 377
10 549
14 132
13 540
13 655
13 428
4 624
0 631
8 452
7 499
8 51
13 62
9 361
2 4156
5 592
0 10
7 674
0 507
5 360
3 460
7 543
6 387
6 497
14 72
11 640
13 484
14 667
11 660
5 52
0 451
8 59
1 3620
14 434
14 16
8 30
8 639
0 401
0 74
5 269
0 150
7 140
14 371
12 541
3 749
13 222
7 598
9 206
14 341
1 2279
10 492
10 406
0 294
12 191
4 522
5 617
0 490
9 620
3 151
2 5461
14 94
5 383
9 467
14 191
12 690
2 5755
14 149
9 267
9 133
1 1215
12 634
13 348
12 262
6 627
0 264
8 224
6 17
6 651
14 475
6 90
14 664
8 114
1 2952
14 679
1 212
0 539
13 475
2 1569
9 161
8 344
2 3993
4 519
3 549
1 1781
7 496
1 6318
8 621
5 552
7 526
14 711
9 486
10 351
4 151
7 603
1 4009
0 553
12 118
0 641
6 737
9 409
0 177
1 5287
------------------
output_vector_after
10
operator_revise_array
14 353
2 975
3 451
5 299
5 637
6 518
11 472
12 112
0 18
2 5504
8 696
2 473
2 6004
14 284
14 142
14 552
------------------
output_vector_after
2
operator_revise_array
1 64
0 703
11 303
4 498
3 240
9 163
1 5004
5 722
14 242
1 1282
2 628
3 713
9 716
3 374
13 609
10 479
------------------
output_vector_after
8
operator_revise_array
0 456
6 257
1 4798
10 527
9 196
7 384
5 143
2 4236
9 481
0 234
1 2727
8 231
4 502
4 55
1 897
4 147
7 269
3 617
2 1468
2 1592
9 247
2 5828
7 696
12 673
6 228
13 528
13 58
12 30
13 210
13 416
2 439
8 196
1 717
10 443
0 382
5 448
5 403
10 658
0 574
7 406
3 261
0 149
10 585
10 375
3 101
7 327
0 611
12 53
6 564
11 687
9 128
13 491
13 465
4 238
0 290
9 121
5 149
9 269
11 294
13 464
14 391
6 14
9 40
5 65
------------------
output_vector_after
2
operator_revise_array
13 366
5 315
2 5127
5 487
9 239
7 75
12 618
5 685
11 84
5 111
2 3134
14 719
14 369
7 709
3 731
1 5701
7 345
1 2869
8 355
5 92
12 365
10 459
9 428
5 342
6 680
12 572
5 691
6 141
3 594
2 89
14 226
8 363
3 670
14 28
7 816
5 375
4 778
0 343
2 3857
14 806
11 715
13 138
8 407
1 1753
8 744
11 383
4 37
10 786
10 110
8 5
9 257
2 932
8 621
12 707
5 793
9 140
4 140
8 233
11 663
7 512
12 706
1 3722
2 4252
0 223
------------------
output_vector_after
2
operator_revise_array
13 94
1 4824
12 607
12 346
9 263
11 282
8 725
6 561
12 719
5 301
3 485
12 343
4 64
7 262
14 343
7 161
9 576
7 285
11 37
10 392
4 518
11 380
2 2922
4 649
14 291
8 515
11 507
14 227
5 292
1 4850
9 345
2 5507
------------------
output_vector_after
2
operator_revise_array
5 609
13 722
5 184
14 56
6 280
3 164
4 223
12 579
14 579
4 516
13 599
13 46
2 2194
13 66
14 184
13 350
------------------
output_vector_after
2
operator_revise_array
12 372
5 446
11 329
9 633
9 666
4 553
7 290
1 5527
8 237
14 112
13 163
13 388
6 589
4 84
1 5174
12 603
9 74
10 30
11 693
2 3113
0 658
14 557
4 212
4 644
1 4082
2 93
5 206
7 419
14 621
1 3808
0 280
4 601
------------------
output_vector_after
9
operator_revise_array
6 326
10 220
7 203
3 721
4 53
1 3816
10 56
4 508
6 42
13 488
7 691
10 101
8 287
2 4795
12 154
6 101
13 522
11 311
9 535
11 671
2 4053
5 440
6 554
12 466
13 409
5 21
11 60
14 477
0 420
7 623
14 4
5 117
13 629
5 71
7 221
11 7
7 260
11 38
6 685
0 371
0 648
13 229
8 528
1 1940
12 698
14 7
9 533
6 330
5 649
4 70
7 320
3 538
0 645
4 254
6 18
14 647
3 605
1 1748
7 110
9 555
12 199
12 593
4 552
14 351
------------------
output_vector_after
10
operator_revise_array
7 109
11 482
1 508
13 646
13 279
14 637
5 377
6 361
4 539
10 471
2 1393
6 727
8 92
2 3109
12 48
11 55
7 275
4 428
9 662
9 113
9 132
4 358
10 211
11 471
11 358
11 95
12 256
6 372
0 232
14 678
7 714
10 131
------------------
output_vector_after
10
operator_revise_array
11 407
11 220
6 97
2 92
4 59
1 5316
7 285
9 675
10 4
7 4
6 241
1 1634
9 561
8 300
7 673
1 5215
5 734
6 87
10 303
5 547
5 196
13 433
0 45
8 583
4 101
13 178
13 457
4 649
2 965
9 449
2 4285
14 221
7 391
14 364
13 519
13 678
3 72
2 3338
13 23
10 166
11 19
1 4329
12 13
11 171
13 525
9 423
0 605
12 295
7 220
4 84
5 29
3 450
12 261
8 57
5 399
4 533
6 545
13 258
2 385
8 579
8 75
0 176
11 469
7 20
------------------
output_vector_after
2
operator_revise_array
14 439
8 285
0 177
9 686
2 4935
2 4270
11 207
12 396
7 293
2 5075
5 214
10 47
2 782
0 129
2 2078
14 67
------------------
output_vector_after
2
operator_revise_array
11 218
14 570
4 380
8 480
10 164
9 447
12 324
2 893
------------------
output_vector_after
2
operator_revise_array
13 601
2 425
9 452
13 578
5 316
13 551
7 354
5 395
4 524
8 688
12 448
3 187
4 533
12 534
1 5569
6 561
2 3757
3 112
1 3591
11 5
1 3233
1 832
8 18
4 309
4 177
0 87
0 159
9 173
6 316
5 566
10 461
0 693
------------------
output_vector_after
10
operator_revise_array
0 616
2 5340
12 259
0 676
13 348
12 88
10 35
9 354
------------------
output_vector_after
2
operator_revise_array
5 613
8 105
13 600
6 313
9 599
6 328
5 632
9 42
6 606
11 320
14 388
4 370
13 417
12 672
0 205
0 695
3 217
0 478
3 70
3 92
1 4881
3 355
10 285
7 225
4 378
11 82
14 199
2 2914
7 393
0 88
7 468
11 710
1 3538
7 197
9 706
4 614
8 450
9 227
14 128
11 172
4 129
11 438
4 423
0 344
2 1149
10 573
4 324
7 46
13 227
12 636
14 636
13 525
12 88
12 654
1 1679
7 242
11 700
10 476
0 592
3 427
10 371
12 366
1 4264
12 555
11 679
2 907
11 501
6 641
11 678
5 637
14 637
13 44
7 223
4 93
4 664
3 535
9 87
4 560
12 499
4 204
10 576
1 1268
1 5020
10 658
11 688
0 145
4 266
11 444
10 512
0 212
6 340
3 139
11 64
3 251
13 134
14 28
13 80
11 538
13 469
13 585
14 577
8 283
9 610
1 5336
0 49
13 336
10 671
11 415
8 643
8 530
13 239
8 166
7 175
4 499
13 430
12 267
8 411
10 246
14 359
10 244
5 47
11 564
2 472
5 250
7 185
9 295
2 4417
3 501
------------------
output_vector_after
10
operator_revise_array
13 305
7 40
13 641
0 409
1 616
3 530
3 282
7 59
5 342
0 324
9 292
5 235
1 4281
0 653
2 884
6 492
2 2068
6 92
12 139
3 315
8 295
0 479
11 461
10 75
14 332
0 645
3 462
3 419
0 307
0 611
0 560
6 204
11 694
9 320
10 328
4 594
5 19
3 728
2 4082
0 314
2 103
13 86
11 385
4 381
13 469
9 19
1 752
5 274
10 552
3 446
2 5032
8 378
3 585
14 286
7 599
4 352
3 5
9 600
14 432
11 615
9 517
7 116
7 69
10 190
10 101
11 373
11 467
6 86
4 358
10 473
13 106
2 3857
3 607
0 381
14 480
12 615
3 376
6 132
8 486
8 321
2 3681
12 147
8 290
0 270
9 659
2 1815
5 584
11 303
9 647
10 86
9 567
5 667
4 172
14 152
5 503
11 109
0 85
3 518
0 642
4 321
0 292
8 333
4 596
7 727
7 41
0 70
3 23
10 538
13 319
10 222
0 487
9 548
2 2841
3 102
13 437
4 52
10 622
6 343
7 170
1 4548
3 437
3 455
11 546
3 340
4 362
14 659
6 233
14 480
------------------
output_vector_after
2
operator_revise_array
8 466
8 71
------------------
output_vector_after
2
operator_revise_array
9 119
1 1423
2 5345
8 611
10 257
7 45
12 547
14 106
2 596
8 252
5 609
9 696
8 535
3 434
3 75
4 295
------------------
output_vector_after
2
operator_revise_array
7 394
7 49
14 498
3 472
4 295
0 140
2 4513
8 81
4 90
8 178
5 520
7 718
7 621
4 528
1 5726
5 358
------------------
output_vector_after
2
operator_revise_array
3 525
14 221
3 109
0 502
11 738
11 254
5 159
3 675
0 419
9 346
9 104
0 525
7 735
3 107
4 154
12 514
------------------
output_vector_after
2
operator_revise_array
1 4872
1 4359
8 324
14 120
------------------
output_vector_after
9
operator_revise_array
7 70
7 560
9 547
2 1292
0 563
1 70
4 666
13 424
10 107
8 64
12 516
9 164
2 5559
7 224
3 380
0 81
11 497
7 455
2 1344
11 341
10 560
1 5323
14 228
9 66
12 150
11 285
14 553
7 173
9 497
0 443
6 344
8 231
12 150
10 621
12 719
0 240
2 3716
5 630
2 5588
5 456
7 508
7 435
9 562
6 674
1 3526
6 227
3 14
4 281
1 1588
1 2424
1 45
7 133
3 329
13 186
5 243
11 83
11 229
13 454
5 120
6 112
8 629
10 386
4 551
10 568
2 5068
11 151
5 178
5 107
10 437
7 560
13 577
14 500
1 3631
1 54
3 353
14 564
5 276
6 353
11 201
8 593
6 127
10 400
10 670
0 282
0 303
8 478
0 510
7 470
5 240
10 113
3 242
11 688
4 633
0 144
1 1529
0 340
6 88
12 295
10 31
4 469
1 2772
12 493
9 418
13 636
6 118
12 389
2 4367
5 40
14 38
1 3544
2 4485
10 109
8 233
8 429
2 3963
8 375
4 292
8 280
9 6
5 39
4 682
4 277
13 297
3 324
0 576
10 685
14 623
10 446
------------------
output_vector_after
2
operator_revise_array
12 548
13 8
5 494
0 535
------------------
output_vector_after
2
operator_revise_array
12 719
1 1220
8 49
11 246
0 314
2 4014
13 260
11 237
1 272
4 425
7 110
4 663
8 215
6 681
9 645
7 213
------------------
output_vector_after
2
operator_revise_array
2 3395
12 434
11 324
5 643
------------------
output_vector_after
2
operator_revise_array
11 645
13 106
14 216
2 2909
5 446
2 2974
7 174
11 202
------------------
output_vector_after
2
operator_revise_array
5 87
13 64
2 2200
6 214
1 644
11 310
7 610
5 383
8 698
8 330
10 315
13 167
8 116
4 379
9 198
7 569
------------------
output_vector_after
10
operator_revise_array
13 137
14 651
10 288
9 557
12 202
14 497
7 239
7 245
7 618
1 3662
5 650
12 375
2 686
12 697
8 147
3 91
11 248
7 247
3 530
12 696
11 325
3 300
2 1410
5 606
1 5706
1 4743
1 4319
7 469
12 108
0 79
4 755
12 764
4 384
11 708
4 68
9 265
5 613
10 152
11 163
11 433
10 315
3 589
3 405
5 83
14 302
2 1105
4 68
11 250
11 443
1 1761
2 5555
13 422
5 728
13 459
2 1813
1 2248
14 197
8 135
9 534
12 221
7 83
6 338
2 347
13 217
------------------
output_vector_after
2
operator_revise_array
5 248
8 588
14 484
14 172
------------------
output_vector_after
2
operator_revise_array
13 617
3 129
13 66
8 348
7 24
13 31
11 159
9 362
------------------
output_vector_after
2
operator_revise_array
8 404
14 313
14 26
12 306
11 451
11 341
9 374
2 2684
------------------
output_vector_after
2
operator_revise_array
0 275
4 41
3 111
1 4378
7 100
14 296
11 413
6 291
------------------
output_vector_after
2
operator_revise_array
14 629
8 410
14 121
0 631
------------------
output_vector_after
2
operator_revise_array
14 126
14 214
5 312
10 693
6 407
8 708
0 146
8 273
------------------
output_vector_after
43
operator_revise_array
6 507
5 594
9 258
9 508
10 394
1 3816
6 359
8 644
------------------
output_vector_after
2
operator_revise_array
13 28
3 379
12 462
5 673
6 706
2 3227
14 524
10 91
6 607
6 69
11 414
6 496
3 581
12 280
4 233
12 409
13 310
2 3510
14 97
12 48
10 83
9 489
14 724
2 1028
2 754
9 737
8 110
4 20
13 21
11 109
4 221
5 561
14 317
12 573
3 674
10 368
6 115
13 193
12 200
9 317
0 383
6 583
4 556
2 3306
0 667
6 278
13 275
7 502
12 7
11 12
3 313
0 345
4 116
14 44
13 253
2 4912
14 477
10 86
14 517
13 359
6 180
7 369
12 100
12 547
------------------
output_vector_after
10
operator_revise_array
10 301
14 323
13 663
4 214
3 542
7 179
3 631
8 529
0 198
12 699
2 6163
14 700
12 509
10 172
13 164
1 1376
------------------
output_vector_after
2
operator_revise_array
5 10
10 254
5 303
10 160
2 2794
9 624
6 519
14 458
14 10
5 145
12 547
14 722
0 308
1 2201
7 546
10 549
------------------
output_vector_after
9
operator_revise_array
10 643
13 266
9 126
2 4026
8 166
8 721
6 143
2 169
14 91
3 279
12 255
6 521
12 614
7 246
3 278
4 394
3 767
6 708
0 312
9 177
0 717
7 83
5 320
1 2650
3 734
11 287
13 58
13 222
1 4238
11 741
8 489
3 377
10 351
14 279
0 658
7 384
2 3769
0 166
7 19
12 109
3 549
3 566
14 486
1 906
2 5459
10 673
0 588
7 749
13 349
14 603
9 217
7 72
9 518
9 438
5 628
3 500
5 290
1 5429
3 336
3 500
9 588
10 337
12 553
7 731
------------------
output_vector_after
6
operator_revise_array
7 751
3 455
2 2980
12 510
7 539
2 3023
10 43
4 4
14 491
10 316
7 12
10 202
11 590
3 565
14 244
3 225
3 179
9 674
14 474
5 350
6 234
1 4783
2 5112
8 522
8 458
0 156
8 189
14 630
9 594
11 142
7 119
11 242
4 12
6 156
5 317
0 704
7 126
13 410
10 233
12 25
7 268
3 621
13 348
12 519
9 195
0 18
12 65
14 323
1 4175
14 315
7 525
14 491
8 655
11 354
4 281
14 491
10 789
10 115
7 118
9 286
5 251
6 136
0 19
6 209
3 94
7 456
1 1194
1 3544
13 501
8 61
3 186
14 117
12 533
0 703
9 355
0 531
4 437
7 275
0 750
2 5179
1 4229
2 2868
9 422
11 474
4 386
14 645
11 199
10 642
0 235
13 284
13 433
7 78
1 1499
11 810
1 457
1 1313
3 727
2 4008
4 152
12 173
12 256
5 217
13 116
3 101
6 323
7 647
0 692
8 128
5 316
6 767
6 419
7 41
5 641
1 868
13 517
14 684
14 779
3 615
13 280
5 485
13 775
4 175
8 690
12 536
11 337
5 384
14 749
8 108
------------------
output_vector_after
2
operator_revise_array
12 615
3 715
14 71
14 189
4 739
12 662
7 614
5 757
5 664
0 206
6 219
11 345
12 331
13 373
5 441
9 433
11 740
10 550
7 406
13 696
6 423
0 508
7 162
2 2124
3 334
10 153
11 455
4 383
6 440
11 500
13 561
6 364
------------------
output_vector_after
2
operator_revise_array
0 412
14 535
8 196
11 503
4 714
1 336
3 552
3 79
10 348
9 520
12 207
2 4364
5 667
14 18
8 278
2 3816
------------------
output_vector_after
10
operator_revise_array
4 478
6 268
8 39
6 414
13 281
1 3864
6 467
3 215
11 187
6 78
7 399
0 226
1 4607
9 568
5 351
13 680
2 5359
2 4853
2 1878
9 375
11 327
14 661
8 308
2 5555
14 313
11 332
0 546
9 393
2 371
14 389
10 386
3 307
6 86
12 209
0 581
5 264
12 447
9 491
13 748
0 109
3 526
11 137
4 72
11 421
11 724
3 120
8 10
0 659
8 179
11 13
6 547
2 4741
8 338
5 25
10 411
14 225
0 744
7 395
7 607
4 212
8 154
8 414
1 2834
5 564
------------------
output_vector_after
2
operator_revise_array
10 196
4 211
11 287
6 147
6 624
9 687
4 12
5 238
12 167
13 440
9 20
6 20
13 72
6 369
14 97
8 233
7 222
14 107
5 495
7 620
4 122
2 5735
12 414
0 120
5 322
4 544
2 1401
12 348
13 721
12 45
9 25
11 52
5 735
10 540
3 634
5 556
6 3
12 597
11 69
0 700
3 200
5 287
3 355
14 48
13 663
9 57
10 577
14 635
14 642
12 499
13 541
13 737
14 734
12 442
3 771
6 604
10 179
8 78
14 218
12 512
4 283
0 739
11 600
4 415
------------------
output_vector_after
2
operator_revise_array
4 452
14 58
11 802
9 25
9 278
7 21
1 4992
7 237
0 793
14 836
2 2673
3 257
5 852
5 810
9 429
13 767
------------------
output_vector_after
2
operator_revise_array
3 279
5 68
3 679
5 776
2 2307
8 644
0 56
10 686
14 156
0 501
1 4602
11 831
1 6758
6 621
8 705
10 172
------------------
output_vector_after
10
operator_revise_array
5 528
12 473
14 326
8 639
11 234
14 34
7 579
11 627
5 543
8 140
12 456
2 6673
7 140
9 829
3 811
12 680
0 17
3 431
3 803
13 201
11 318
7 14
2 326
8 342
4 669
5 464
11 456
1 6657
0 634
8 209
0 535
5 669
14 444
11 672
2 4307
12 800
6 8
5 36
13 824
11 820
4 852
7 724
13 606
14 728
4 140
5 461
2 1991
1 2961
13 206
0 786
6 195
9 143
11 594
6 555
4 604
0 25
1 4016
4 803
8 594
5 534
7 310
11 447
0 197
8 466
------------------
output_vector_after
2
operator_revise_array
12 396
9 8
9 39
12 662
5 560
2 4696
11 711
11 439
3 97
11 666
1 2352
1 3770
6 457
9 131
9 374
3 268
------------------
output_vector_after
2
operator_revise_array
9 320
13 177
------------------
output_vector_after
2
operator_revise_array
14 117
3 68
1 5959
3 826
1 4725
6 388
5 266
3 601
0 146
0 537
1 2325
11 376
4 562
9 402
8 707
6 708
------------------
output_vector_after
8
operator_revise_array
11 129
13 234
6 732
1 1681
1 808
7 266
6 388
5 585
12 217
12 246
5 59
9 515
14 18
5 153
14 180
2 4358
6 277
14 191
14 643
4 245
12 324
4 501
11 805
11 497
11 313
12 25
8 366
9 679
1 5576
13 280
6 142
3 656
2 3662
7 309
2 5032
11 751
4 89
8 67
13 67
14 190
9 531
14 122
12 274
12 118
2 4622
5 730
11 299
5 217
14 685
9 312
14 398
8 93
10 563
7 165
3 345
6 252
4 687
3 407
13 40
14 766
12 271
8 724
2 5594
2 4079
------------------
output_vector_after
2
operator_revise_array
9 74
14 117
------------------
output_vector_after
2
operator_revise_array
3 483
7 664
3 694
9 5
3 194
8 678
10 555
13 176
14 219
9 399
5 152
2 957
9 540
2 5074
4 576
2 4456
------------------
output_vector_after
2
operator_revise_array
10 435
9 68
4 482
12 305
10 757
2 6507
0 825
13 49
1 2023
8 622
6 224
5 600
0 89
4 778
6 189
13 93
------------------
output_vector_after
2
operator_revise_array
4 33
2 208
------------------
output_vector_after
2
operator_revise_array
14 362
1 5250
------------------
output_vector_after
2
operator_revise_array
11 397
4 322
------------------
output_vector_after
2
operator_revise_array
1 1716
14 100
4 374
5 120
11 67
12 449
1 5592
4 145
------------------
output_vector_after
2
operator_revise_array
7 203
7 146
12 44
3 145
1 6575
2 888
12 110
12 126
4 362
9 365
3 826
2 357
12 195
2 1097
1 3739
1 4772
------------------
output_vector_after
2
operator_revise_array
11 19
12 102
0 187
10 470
3 674
7 164
14 56
2 4883
4 239
11 553
10 378
7 397
12 8
4 92
6 754
3 80
------------------
output_vector_after
2
operator_revise_array
0 690
13 185
5 651
7 136
10 763
6 226
4 75
2 4584
------------------
output_vector_after
2
operator_revise_array
10 596
4 386
0 406
14 308
12 632
1 2784
3 450
4 696
10 215
1 6002
8 149
14 416
5 688
3 151
9 330
10 59
------------------
output_vector_after
2
operator_revise_array
4 231
10 166
0 658
6 782
11 628
2 5699
6 145
5 375
5 171
4 595
2 114
7 768
10 526
9 121
5 373
9 378
13 312
1 5798
4 233
4 305
0 485
14 198
7 651
2 256
10 460
1 6269
4 483
13 597
8 700
1 1773
3 237
10 175
8 686
7 780
9 709
6 380
11 257
12 422
6 191
13 399
7 720
1 2862
13 559
3 642
0 115
3 88
12 189
3 302
6 108
6 95
2 4671
14 593
8 99
9 536
4 435
5 724
5 132
13 124
4 797
7 697
10 106
5 300
5 502
12 531
------------------
output_vector_after
2
operator_revise_array
9 673
10 778
13 25
2 232
12 147
6 518
6 329
5 186
5 7
13 220
10 165
11 526
3 775
0 438
5 321
1 987
------------------
output_vector_after
2
operator_revise_array
5 228
3 211
14 782
7 503
11 355
10 237
1 170
5 221
------------------
output_vector_after
10
operator_revise_array
0 66
5 323
------------------
output_vector_after
10
operator_revise_array
5 291
8 102
7 699
6 219
0 433
6 612
3 434
1 3330
2 194
11 65
3 586
4 156
9 473
3 81
12 454
9 217
2 4634
7 225
12 412
0 550
3 709
12 187
4 619
1 3572
0 100
14 720
10 15
5 641
14 643
8 668
14 320
1 1260
4 478
5 714
2 732
1 5597
0 206
4 115
5 665
12 640
5 466
9 584
11 509
14 27
14 275
0 716
7 475
2 2834
8 754
14 47
5 619
0 493
9 39
12 228
0 557
8 128
13 46
13 488
4 262
14 745
14 705
4 32
13 495
4 342
5 448
3 569
8 589
5 435
4 171
2 2130
1 3600
4 168
9 34
0 433
14 234
6 736
7 73
3 600
13 666
0 543
14 70
13 680
11 707
8 17
13 166
9 108
14 798
12 227
2 2988
9 446
11 202
0 441
0 615
1 4512
12 632
11 429
3 50
0 607
8 401
3 509
0 237
11 475
10 490
13 330
3 236
8 141
13 340
13 563
10 311
12 693
8 655
9 644
3 627
12 437
2 286
1 4819
2 5568
6 656
8 199
5 703
13 78
9 203
12 141
0 710
9 214
11 480
13 695
14 658
------------------
output_vector_after
10
operator_revise_array
14 273
11 412
7 713
1 2756
7 189
9 560
4 676
7 632
0 466
4 589
5 15
2 2995
8 408
6 525
2 2193
9 401
11 207
1 1623
10 84
4 387
12 215
2 945
13 649
0 7
2 5222
7 70
14 560
6 142
0 567
13 96
3 527
7 511
------------------
output_vector_after
10
operator_revise_array
11 206
5 410
0 98
3 273
14 701
14 712
2 2892
7 384
1 5690
13 214
2 538
9 238
3 604
3 158
12 615
4 80
------------------
output_vector_after
40
operator_revise_array
7 213
13 251
1 5380
5 487
14 104
10 618
1 703
5 634
0 652
6 440
8 427
3 606
8 73
9 411
14 368
6 384
------------------
output_vector_after
10
operator_revise_array
2 1091
2 718
0 262
0 249
7 619
4 98
7 550
8 697
13 307
0 387
13 180
0 673
11 428
12 267
8 428
13 385
------------------
output_vector_after
10
operator_revise_array
7 113
12 448
6 70
4 549
14 268
6 311
6 499
12 482
------------------
output_vector_after
10
operator_revise_array
14 150
7 136
7 146
14 189
3 769
0 344
11 106
5 578
1 5024
0 407
2 1163
7 556
0 474
8 641
14 224
9 566
6 686
8 361
0 86
12 49
10 571
6 632
6 775
6 246
7 347
12 751
8 638
14 600
12 10
3 706
12 554
12 66
6 51
11 442
5 239
1 4944
4 84
7 508
1 2677
11 380
2 1082
8 593
13 89
8 412
1 5159
2 207
2 4311
0 716
9 363
3 260
5 402
12 665
6 64
11 592
4 584
4 299
10 626
6 717
3 623
14 379
14 699
3 564
4 726
5 545
------------------
output_vector_after
40
operator_revise_array
2 4106
3 388
3 559
10 718
11 114
6 201
5 272
3 102
11 82
4 333
7 160
14 267
0 647
2 2469
11 469
8 143
5 492
8 734
11 452
14 369
1 1299
13 3
9 25
10 211
13 560
13 144
10 9
13 119
11 18
4 109
12 597
7 542
1 748
5 281
6 75
8 97
3 617
14 601
11 241
11 104
3 119
4 4
0 75
9 683
0 167
3 668
6 405
7 251
8 27
14 626
3 39
8 612
3 671
4 377
3 543
13 549
14 181
0 183
8 656
5 584
0 95
0 335
1 1311
8 611
------------------
output_vector_after
10
operator_revise_array
13 80
8 213
4 685
1 3500
13 556
8 166
1 815
11 609
------------------
output_vector_after
40
operator_revise_array
5 395
3 450
7 539
10 66
4 143
2 3158
14 343
11 550
------------------
output_vector_after
40
operator_revise_array
10 260
5 16
0 131
2 3058
5 277
13 184
8 646
12 579
4 156
13 315
0 38
9 5
2 2885
8 661
14 626
12 11
6 224
7 317
3 406
13 486
3 652
2 4052
4 326
12 519
8 375
11 545
12 604
6 409
7 355
1 1507
10 104
2 1900
------------------
output_vector_after
59
operator_revise_array
------------------
output_vector_after
10
operator_revise_array
14 78
8 191
7 395
6 495
1 2258
1 4870
6 626
14 597
8 545
5 175
1 5779
12 220
11 120
11 739
12 705
4 417
------------------
output_vector_after
10
operator_revise_array
7 600
13 301
12 383
9 604
4 487
6 328
1 952
6 523
13 402
7 31
10 366
10 565
5 322
14 427
6 411
0 87
3 260
10 22
8 300
13 242
5 652
9 555
1 1110
11 297
8 525
3 35
10 293
3 621
1 3027
13 460
13 255
0 462
------------------
output_vector_after
10
operator_revise_array
13 532
8 43
14 525
5 330
2 3717
3 486
7 253
14 576
7 137
13 223
8 567
8 367
3 93
6 449
7 618
10 351
------------------
output_vector_after
2
operator_revise_array
11 637
0 378
7 399
11 402
11 504
10 96
10 66
7 607
13 29
7 313
0 503
3 288
11 364
6 134
0 407
7 682
14 607
7 421
3 533
8 462
12 73
7 577
7 600
14 168
2 4721
11 22
4 190
3 388
7 554
9 667
9 397
9 349
7 462
1 1198
3 526
2 1518
0 240
2 3643
6 411
9 563
3 118
13 146
4 554
9 374
2 2013
3 275
7 651
5 48
8 307
10 265
4 493
10 252
10 109
13 415
13 3
10 160
4 172
14 252
7 65
8 389
7 159
12 191
1 1411
5 54
9 205
1 2050
10 339
14 606
9 473
8 532
3 354
5 201
14 453
12 301
3 278
2 5620
8 633
5 149
5 490
7 603
6 605
6 594
6 177
7 316
1 2195
0 373
4 195
3 423
1 635
12 553
8 54
6 53
12 292
8 417
8 250
1 1178
1 5578
14 60
8 630
11 314
13 384
1 736
9 381
8 355
8 118
12 657
0 12
12 105
2 310
11 319
2 990
8 115
5 448
3 150
11 161
4 468
13 22
4 156
5 213
9 555
10 451
12 87
1 4454
14 613
7 153
12 521
2 2957
5 649
------------------
output_vector_after
2
operator_revise_array
11 423
2 651
8 181
12 316
2 3278
10 401
0 40
8 500
3 641
0 340
13 139
1 1104
0 86
8 1
1 3543
13 238
3 73
3 683
3 243
13 272
6 395
14 115
11 285
11 239
5 450
7 380
10 21
2 1962
0 441
8 71
12 277
8 352
------------------
output_vector_after
10
operator_revise_array
14 668
11 469
11 85
8 694
1 384
7 122
11 213
5 567
11 677
7 481
5 718
0 123
1 4363
14 413
14 180
9 329
------------------
output_vector_after
10
operator_revise_array
7 373
1 1406
2 1543
10 122
9 405
5 434
7 66
14 433
2 842
8 149
11 464
0 271
10 50
9 408
11 135
0 467
12 548
0 16
7 276
4 350
2 5486
9 95
0 50
14 653
11 410
5 549
1 4760
11 101
9 71
13 640
4 385
4 182
------------------
output_vector_after
40
operator_revise_array
12 502
9 69
13 358
5 343
10 650
1 5316
5 203
4 513
------------------
output_vector_after
10
operator_revise_array
3 112
4 460
8 673
4 196
10 203
12 224
2 4093
1 5670
4 191
14 28
7 721
3 191
7 302
12 278
7 452
3 682
9 527
1 1935
7 128
0 483
2 1437
8 440
1 1144
9 166
5 99
7 586
8 165
14 400
3 83
9 752
3 181
0 386
12 183
4 227
5 433
14 780
3 447
9 150
1 2358
1 1578
9 433
5 360
9 240
9 254
7 118
3 73
3 394
5 759
7 648
1 5474
12 136
14 719
8 770
0 207
4 173
1 261
6 558
14 382
4 362
12 551
8 217
8 474
14 772
9 608
13 576
14 40
1 2514
1 4341
9 259
6 820
8 64
1 3080
10 762
1 3046
1 32
10 629
10 765
8 810
5 152
9 74
6 456
2 3399
0 470
2 1330
11 283
14 364
3 513
4 427
7 817
7 206
13 512
13 281
7 631
14 61
1 1434
7 210
11 586
7 820
4 749
10 122
11 388
4 243
2 4728
3 766
11 197
13 619
3 526
13 385
12 68
8 429
6 66
3 35
5 42
11 289
7 727
9 93
4 649
13 337
10 286
10 300
7 574
1 1195
11 303
11 374
5 468
6 53
5 516
3 690
------------------
output_vector_after
2
operator_revise_array
3 463
12 267
13 538
4 199
7 394
13 497
13 29
7 97
10 497
14 442
14 331
2 1108
2 3255
9 689
2 382
13 292
------------------
output_vector_after
40
operator_revise_array
6 620
6 368
7 530
6 620
3 474
14 179
2 5255
5 669
8 245
13 608
5 499
9 336
10 299
1 968
12 540
2 306
12 62
4 561
8 669
12 165
2 3374
14 130
13 694
8 345
1 3746
14 175
4 223
3 568
1 1982
1 213
10 636
8 545
------------------
output_vector_after
2
operator_revise_array
14 317
14 325
------------------
output_vector_after
2
operator_revise_array
3 621
0 72
11 713
3 309
10 175
14 492
8 687
4 653
1 5370
11 313
4 21
12 179
14 331
10 741
6 286
1 2997
10 445
3 104
10 344
9 12
1 6034
10 41
13 592
11 133
10 385
13 587
10 536
7 683
5 662
2 1654
7 616
2 2844
14 335
5 604
9 342
1 1370
5 72
10 565
10 46
13 694
3 569
9 361
3 318
10 476
7 689
11 548
2 4593
14 143
6 260
2 4742
8 384
1 3835
2 1202
12 218
6 346
13 451
0 537
14 286
12 97
12 655
13 566
14 449
3 468
6 108
------------------
output_vector_after
10
operator_revise_array
0 294
5 560
11 565
9 148
2 4944
14 115
10 476
4 429
0 260
3 242
8 93
12 626
13 526
13 279
7 159
6 109
------------------
output_vector_after
40
operator_revise_array
7 154
8 529
13 674
10 164
5 583
1 2872
9 150
9 337
9 309
7 476
1 2644
8 274
6 18
2 2112
4 318
6 161
5 601
3 582
7 201
9 114
9 457
0 576
10 480
0 82
5 213
6 655
6 292
7 312
9 126
4 549
10 182
11 395
14 304
11 225
0 325
0 601
13 57
10 545
10 657
8 537
6 398
13 45
10 90
14 631
10 37
11 333
8 330
5 538
12 18
2 1519
2 4218
10 615
3 428
2 959
14 497
8 382
6 234
14 192
10 386
14 170
6 675
3 288
14 243
12 85
------------------
output_vector_after
10
operator_revise_array
7 307
3 326
13 131
11 627
11 519
5 666
12 599
14 17
1 4764
2 2525
4 286
4 405
10 250
9 652
12 84
9 550
6 125
0 222
6 102
2 3334
10 116
2 1797
7 350
2 5224
2 1520
12 656
2 616
8 655
11 600
14 217
11 624
6 564
10 324
13 96
12 644
14 316
10 545
0 178
13 241
7 478
9 154
8 674
0 409
7 298
13 644
0 121
14 274
14 334
9 76
0 309
6 128
9 551
14 558
8 314
6 541
5 273
13 487
5 46
6 112
10 338
4 331
5 285
4 325
11 596
6 535
6 51
10 100
6 555
14 58
11 293
12 334
14 411
10 299
6 429
5 444
4 585
12 177
2 113
3 439
9 54
9 132
1 5129
3 646
9 507
3 401
7 650
12 402
0 499
6 207
11 107
3 457
1 516
3 340
3 614
5 127
14 320
12 249
0 513
12 714
11 585
7 633
3 524
5 436
11 244
9 105
12 29
11 617
3 569
4 323
1 5394
2 3869
8 447
12 139
14 64
0 493
9 48
1 491
12 518
13 130
10 202
3 558
13 297
6 198
6 32
10 379
10 111
7 618
5 485
------------------
output_vector_after
40
operator_revise_array
14 121
1 102
9 110
3 489
5 369
12 9
6 493
0 553
8 433
9 182
8 559
11 245
2 5747
3 241
13 676
3 247
------------------
output_vector_after
2
operator_revise_array
1 1076
2 3872
2 1365
1 4434
0 283
5 248
10 435
4 652
1 4836
10 271
4 486
13 215
10 431
0 158
5 76
3 41
12 5
7 430
1 4800
11 487
5 383
6 651
0 503
8 114
7 190
6 370
12 499
2 520
9 333
11 446
11 29
12 440
------------------
output_vector_after
40
operator_revise_array
8 531
13 469
1 2002
12 150
6 370
7 591
7 5
10 326
13 205
6 99
9 292
3 635
6 105
1 3283
7 354
3 273
0 664
9 533
1 392
2 1843
7 46
14 396
1 1429
12 639
3 548
14 497
2 2062
1 4057
7 364
2 1535
0 320
12 637
------------------
output_vector_after
2
operator_revise_array
8 662
2 2578
6 605
11 198
0 185
1 634
13 588
4 281
6 351
6 191
3 475
5 693
10 69
6 120
5 43
3 260
5 600
11 673
5 160
13 545
9 153
2 4178
13 320
10 92
1 143
5 192
2 282
10 65
11 399
11 350
13 290
2 2752
------------------
output_vector_after
9
operator_revise_array
13 529
0 202
13 319
0 110
8 36
11 20
0 115
6 499
9 204
1 3519
7 286
3 653
7 640
0 436
2 4081
14 172
7 317
6 65
3 52
0 131
4 80
0 684
8 673
11 536
8 7
0 641
12 216
7 277
1 4340
5 665
3 154
0 361
5 316
14 25
3 190
4 444
4 541
11 248
1 552
12 132
13 302
9 645
7 295
6 429
6 419
13 72
12 521
2 1427
10 56
11 158
2 1360
9 392
9 170
6 258
11 450
11 435
11 296
12 350
0 25
13 446
11 75
8 611
3 602
12 488
3 515
11 167
1 734
13 280
2 1449
2 1936
7 72
10 144
8 348
3 319
3 72
9 239
4 536
6 494
14 310
14 520
2 703
12 515
0 65
7 19
8 585
14 105
5 594
1 1606
3 653
10 62
9 511
8 593
7 405
2 4809
12 43
6 576
11 641
11 529
12 450
14 138
13 184
14 421
2 3818
2 2500
5 86
10 289
0 231
7 11
11 448
4 61
14 55
1 814
9 36
11 719
3 686
5 362
13 231
0 354
13 171
0 685
10 483
9 647
11 249
0 125
6 394
8 562
5 14
0 319
------------------
output_vector_after
2
operator_revise_array
14 279
3 653
6 530
12 191
0 118
2 5129
12 271
5 244
1 1520
11 268
5 550
1 5691
8 103
13 275
3 556
6 395
10 699
9 520
11 732
13 397
14 131
14 209
0 325
6 724
11 51
5 600
9 443
11 346
14 145
13 711
8 728
7 332
------------------
output_vector_after
40
operator_revise_array
4 437
8 210
12 8
6 27
0 405
12 199
2 2420
4 569
11 107
13 48
14 478
13 21
14 339
12 559
14 610
5 569
------------------
output_vector_after
2
operator_revise_array
14 349
7 348
11 285
12 646
------------------
output_vector_after
6
operator_revise_array
5 546
14 583
2 3905
14 142
12 494
10 291
11 509
9 14
6 334
9 164
11 456
2 3060
3 125
4 168
1 4149
3 158
1 796
13 426
10 596
11 92
11 79
0 286
14 729
3 584
9 136
3 288
12 677
6 466
5 353
5 617
12 318
11 635
------------------
output_vector_after
10
operator_revise_array
9 409
13 50
3 462
12 41
13 530
6 532
12 376
12 666
7 619
1 2983
13 688
0 236
3 317
7 214
0 343
5 266
11 89
6 450
12 371
10 640
14 558
5 524
7 340
3 584
8 548
10 420
8 612
9 319
8 58
13 512
11 44
2 3308
------------------
output_vector_after
51
operator_revise_array
11 693
2 543
9 574
12 502
6 634
10 417
14 410
6 593
4 120
2 1279
10 694
8 490
3 227
13 183
8 228
11 257
2 2124
0 96
13 175
14 504
11 512
2 4778
10 263
0 218
12 115
12 100
4 55
9 592
8 471
7 628
7 315
14 267
------------------
output_vector_after
40
operator_revise_array
3 169
8 375
1 2645
1 5441
7 427
13 518
11 213
11 665
8 299
6 325
10 60
14 495
12 539
6 14
12 354
2 3260
------------------
output_vector_after
2
operator_revise_array
9 39
10 196
9 99
13 388
13 504
13 53
11 352
8 550
10 379
12 70
3 255
1 3833
3 81
2 3444
6 540
1 4954
10 639
0 230
2 5152
13 99
11 534
11 169
4 547
3 488
5 136
9 226
2 246
2 4467
0 184
14 615
14 410
11 130
------------------
output_vector_after
40
operator_revise_array
6 53
9 21
5 76
4 599
2 4574
6 255
10 172
9 483
14 27
1 2763
5 126
13 535
8 646
0 622
5 182
5 661
12 174
10 29
8 563
2 1550
10 298
14 559
12 639
2 4561
2 5811
6 360
7 309
8 626
12 393
13 398
0 18
10 428
6 519
7 575
9 68
1 3014
7 331
6 124
11 181
6 657
0 562
10 58
4 320
4 60
4 345
7 572
14 93
11 598
4 459
12 648
14 449
2 4023
12 717
3 475
11 437
13 189
14 11
5 314
2 3089
0 433
0 673
8 673
8 149
2 1849
------------------
output_vector_after
40
operator_revise_array
13 412
12 174
------------------
output_vector_after
10
operator_revise_array
12 621
11 583
13 483
12 228
10 299
14 298
4 323
8 566
------------------
output_vector_after
40
operator_revise_array
4 339
6 482
1 1191
2 3142
1 670
0 187
8 311
11 666
7 339
12 417
12 700
8 134
1 5045
5 24
11 521
2 2441
13 609
9 8
3 397
0 509
0 539
13 544
10 184
14 243
3 381
0 310
2 5191
4 690
12 114
0 119
6 373
2 3393
3 43
3 102
7 130
2 4294
11 498
7 350
2 1008
6 134
3 199
1 1033
1 3282
2 1240
3 129
0 345
9 199
2 4263
14 210
10 235
11 143
1 496
1 482
11 188
7 363
0 16
12 259
4 229
13 276
7 130
4 398
14 365
13 92
4 300
------------------
output_vector_after
40
operator_revise_array
6 183
13 301
12 359
4 197
5 545
8 384
8 280
4 10
5 246
13 206
1 91
7 207
7 165
3 33
1 3264
11 491
0 280
14 381
12 38
14 501
11 14
1 1469
9 614
5 544
3 587
3 205
4 96
2 1644
13 287
3 54
8 116
5 348
------------------
output_vector_after
40
operator_revise_array
13 662
0 490
6 409
11 198
4 462
2 3668
10 198
9 364
2 2888
9 201
0 673
13 192
10 527
12 265
5 649
13 320
------------------
output_vector_after
10
operator_revise_array
8 389
3 681
14 310
14 569
0 15
12 622
7 108
5 488
13 29
14 99
7 303
12 221
7 198
14 456
12 756
1 2676
10 236
12 62
9 613
13 698
14 706
2 3708
4 637
14 116
3 381
7 445
8 318
11 387
14 132
11 791
6 436
7 2
4 16
14 154
12 805
1 1976
11 44
8 70
9 482
8 370
14 218
14 613
12 493
9 43
5 567
9 854
1 3429
0 784
5 17
0 352
7 355
11 115
12 555
14 65
6 243
14 647
8 803
1 3402
7 448
8 219
9 358
4 848
8 155
9 246
------------------
output_vector_after
40
operator_revise_array
2 4874
6 393
1 961
12 307
13 423
5 357
12 297
7 26
------------------
output_vector_after
10
operator_revise_array
14 704
13 102
4 667
9 212
12 47
0 629
3 658
7 214
12 34
5 414
14 148
7 129
10 354
2 1969
11 443
0 159
11 518
3 160
4 255
6 455
8 704
1 4354
2 2658
1 3879
13 29
9 508
11 496
5 258
4 158
5 111
3 401
11 379
------------------
output_vector_after
10
operator_revise_array
2 4854
12 682
6 433
12 338
8 580
1 3815
3 110
11 476
5 402
11 415
4 675
13 470
2 317
12 656
11 174
6 562
------------------
output_vector_after
2
operator_revise_array
10 455
13 647
1 1732
13 302
7 285
6 400
11 570
6 396
11 515
13 212
1 2880
13 213
2 1812
12 429
0 410
11 218
5 58
2 1873
9 669
5 654
14 312
2 4364
14 334
2 3266
8 231
0 193
14 130
2 5802
3 88
12 522
3 471
8 533
5 341
14 563
8 492
3 718
8 438
12 228
14 24
10 591
0 554
13 61
5 457
10 103
6 195
11 278
11 335
14 232
0 35
0 716
2 3376
3 347
2 5060
9 338
14 211
1 3500
6 426
6 640
5 96
13 703
12 557
11 499
9 420
6 576
------------------
output_vector_after
10
operator_revise_array
2 5744
3 702
12 464
9 301
1 1156
12 159
9 338
0 205
12 621
9 58
14 203
0 357
2 3449
14 181
6 62
13 49
9 111
4 625
1 4540
0 179
10 536
14 23
10 426
8 490
8 226
9 563
4 117
1 71
10 456
9 86
5 463
11 176
------------------
output_vector_after
40
operator_revise_array
3 289
2 3440
9 122
1 4431
5 21
12 425
12 247
13 414
------------------
output_vector_after
40
operator_revise_array
12 531
9 662
9 135
13 412
2 924
0 573
1 5444
0 154
------------------
output_vector_after
10
operator_revise_array
13 303
7 296
3 278
1 705
1 1093
8 555
6 68
4 269
------------------
output_vector_after
10
operator_revise_array
3 125
10 16
2 2337
14 332
12 155
12 151
1 1121
7 506
8 672
11 449
3 572
13 625
7 117
6 451
12 288
13 305
4 188
11 133
3 296
2 2885
10 664
4 278
1 4941
13 132
11 313
11 397
0 380
3 317
14 153
13 361
3 287
0 339
------------------
output_vector_after
2
operator_revise_array
10 624
14 418
0 281
6 238
12 274
5 321
7 36
10 559
------------------
output_vector_after
9
operator_revise_array
11 506
3 535
14 266
10 661
11 728
7 695
5 621
4 482
12 552
12 433
11 135
12 650
3 199
0 389
10 382
5 568
9 108
13 522
12 16
0 156
7 180
7 94
2 3135
13 292
6 550
1 1835
3 551
6 439
3 342
1 5009
10 216
6 690
------------------
output_vector_after
2
operator_revise_array
10 555
6 109
7 327
13 479
5 659
4 48
9 228
6 446
------------------
output_vector_after
2
operator_revise_array
2 4409
13 211
8 515
5 418
------------------
output_vector_after
10
operator_revise_array
13 502
12 510
1 1530
1 4529
10 82
3 209
12 324
9 112
7 596
9 14
2 4738
7 456
6 183
10 498
4 437
13 15
13 532
2 2025
8 379
11 243
3 498
1 3888
8 658
4 536
6 208
3 135
9 432
2 808
11 684
1 3976
10 539
0 443
------------------
output_vector_after
10
operator_revise_array
7 391
4 426
4 151
10 18
------------------
output_vector_after
2
operator_revise_array
14 619
11 42
14 8
4 152
12 521
11 533
13 532
14 560
0 672
11 5
10 717
11 735
14 561
7 598
1 5192
11 300
3 85
10 268
0 753
5 422
3 495
1 4698
5 12
14 54
3 358
8 32
0 21
1 5221
4 578
14 753
9 669
14 590
------------------
output_vector_after
10
operator_revise_array
5 674
10 125
2 3613
6 523
7 517
3 143
13 552
2 3924
12 600
9 627
12 536
14 143
0 629
10 332
6 531
11 445
------------------
output_vector_after
2
operator_revise_array
0 370
14 503
------------------
output_vector_after
10
operator_revise_array
13 379
13 184
9 718
4 619
14 625
9 12
8 472
1 615
------------------
output_vector_after
10
operator_revise_array
2 223
0 366
6 54
3 644
0 659
12 246
9 402
12 260
0 125
14 460
7 490
6 751
6 304
7 75
1 5569
3 22
------------------
output_vector_after
2
operator_revise_array
1 5110
13 505
------------------
output_vector_after
10
operator_revise_array
3 671
12 163
14 13
10 332
4 255
11 187
6 374
10 469
------------------
output_vector_after
10
operator_revise_array
9 693
13 257
8 617
9 332
4 384
9 24
0 218
8 679
------------------
output_vector_after
10
operator_revise_array
11 106
5 167
4 93
3 390
14 41
9 278
9 247
7 295
13 116
9 144
3 280
12 280
12 372
11 241
4 435
6 117
14 296
13 323
6 138
0 342
14 196
2 2664
1 837
8 308
5 117
7 263
5 189
7 17
3 309
13 148
2 1641
1 1336
------------------
output_vector_after
2
operator_revise_array
11 190
10 256
10 321
4 69
11 271
13 396
9 269
0 225
6 422
13 172
6 342
11 296
11 287
11 317
9 65
9 397
13 75
2 634
11 89
14 14
0 107
11 122
6 393
9 378
14 341
8 163
10 160
12 247
4 307
8 83
9 158
7 345
------------------
output_vector_after
2
operator_revise_array
13 180
6 67
12 309
12 78
14 10
9 249
9 253
7 394
13 355
9 16
8 379
3 365
14 399
10 356
5 153
0 137
------------------
output_vector_after
2
operator_revise_array
7 318
12 244
10 335
0 193
11 276
14 117
1 1928
9 359
12 58
5 298
5 355
3 19
5 158
9 137
7 223
12 136
8 136
10 318
6 413
8 65
10 23
8 381
3 412
3 72
6 292
2 3557
9 462
12 341
8 232
13 84
5 216
7 87
------------------
output_vector_after
2
operator_revise_array
11 78
5 219
5 375
4 243
6 301
14 10
8 129
1 3252
------------------
output_vector_after
4
operator_revise_array
0 539
0 641
14 372
13 363
9 419
6 190
8 33
13 609
1 1901
0 116
8 283
9 452
7 245
3 636
2 4505
9 221
------------------
output_vector_after
4
operator_revise_array
10 369
2 4093
7 646
12 303
5 158
7 120
13 684
0 672
------------------
output_vector_after
30
operator_revise_array
6 88
13 507
3 59
12 72
9 403
8 492
8 246
2 2562
10 561
3 543
0 605
1 1802
2 637
13 386
14 143
12 103
------------------
output_vector_after
30
operator_revise_array
5 479
10 380
10 226
9 276
6 473
3 122
2 4748
4 96
14 121
13 20
14 257
14 225
7 370
11 551
13 174
1 2986
0 361
9 45
10 382
4 226
0 87
8 20
14 651
14 205
9 213
13 319
9 210
1 2888
8 321
8 279
2 2421
4 195
------------------
output_vector_after
30
operator_revise_array
11 176
6 650
11 44
3 56
10 233
3 579
1 1047
3 563
0 536
6 640
3 56
13 284
1 142
1 4774
11 114
12 234
2 5037
9 628
4 191
3 474
12 44
12 514
4 578
0 26
13 345
3 166
8 421
0 218
9 129
0 270
12 460
7 442
10 174
1 2622
12 205
14 592
13 245
12 207
14 288
7 104
2 548
11 574
7 24
4 239
8 166
7 350
7 496
12 597
10 316
11 289
7 104
2 2984
3 533
14 172
14 247
10 472
10 164
10 352
3 426
6 27
3 214
9 621
10 617
14 622
------------------
output_vector_after
30
operator_revise_array
14 482
4 544
13 312
6 35
14 192
7 382
4 135
10 55
2 3158
7 244
5 85
1 1717
0 484
11 646
0 622
4 80
14 386
14 395
12 208
4 178
7 140
13 355
10 356
7 525
3 365
8 686
3 147
7 13
10 157
12 635
8 275
8 443
------------------
output_vector_after
4
operator_revise_array
10 362
0 257
2 4451
2 2958
------------------
output_vector_after
30
operator_revise_array
11 380
5 304
5 96
0 371
8 523
8 331
7 533
3 284
6 452
10 174
8 592
9 293
11 10
9 506
1 88
7 506
10 220
5 347
6 597
12 126
0 262
4 476
2 171
8 66
11 58
10 420
14 437
7 53
12 640
3 93
4 633
3 414
------------------
output_vector_after
6
operator_revise_array
7 358
2 1130
------------------
output_vector_after
8
operator_revise_array
2 2723
7 104
7 31
6 634
11 470
8 259
0 174
2 3699
10 558
11 137
4 545
12 435
3 327
12 109
7 87
13 197
------------------
output_vector_after
10
operator_revise_array
6 613
8 358
14 305
1 2475
14 128
8 574
3 410
13 314
0 636
5 503
4 178
1 2319
10 574
5 621
12 108
9 709
5 194
13 163
14 193
1 3339
3 237
6 668
5 342
7 44
2 1488
1 4710
8 426
11 345
0 716
13 663
7 463
2 3053
6 154
12 257
11 511
8 215
7 157
4 161
8 120
14 218
10 584
4 70
0 536
0 311
8 274
12 395
7 497
0 493
14 529
1 5453
6 268
12 439
9 167
13 141
12 139
7 258
11 57
0 481
8 688
14 244
9 118
3 657
13 701
0 255
------------------
output_vector_after
10
operator_revise_array
14 329
14 270
3 669
0 311
3 706
14 71
11 574
11 453
5 496
2 243
11 745
10 339
0 763
8 7
8 367
5 518
10 287
2 5088
8 490
1 4576
9 67
0 158
6 347
7 721
13 543
1 3680
10 78
2 2891
4 459
11 677
6 449
2 2038
------------------
output_vector_after
10
operator_revise_array
2 1157
14 56
7 384
14 523
2 59
1 2177
8 239
5 194
11 577
9 84
8 640
3 697
6 760
11 197
14 198
14 109
1 3078
11 203
7 697
9 657
12 491
7 367
7 252
13 731
8 504
1 5528
13 568
12 64
3 721
14 645
12 686
2 5092
------------------
output_vector_after
8
operator_revise_array
8 245
1 4951
14 198
14 536
------------------
newcase
output_vector_after
23
operator_revise_array
------------------
output_vector_after
6
operator_revise_array
6 30
3 88
9 116
7 72
8 272
1 2878
7 31
7 165
8 111
7 152
9 273
1 1363
11 300
12 288
4 109
4 92
------------------
output_vector_after
14
operator_revise_array
7 345
4 183
4 232
9 352
7 44
0 200
4 144
4 185
2 2132
1 1894
4 245
10 268
13 294
11 132
11 182
5 212
0 18
0 258
2 2055
5 305
9 58
5 348
9 207
9 115
10 29
0 35
9 140
12 63
4 348
1 1507
10 8
7 259
7 298
3 203
9 27
9 316
9 267
10 177
2 478
14 254
7 349
9 135
13 303
7 158
10 190
7 33
9 338
0 353
0 294
14 119
9 166
4 97
9 331
14 126
3 224
6 358
13 122
1 2289
4 381
10 59
10 315
4 335
11 226
11 48
------------------
output_vector_after
23
operator_revise_array
9 66
10 64
5 5
10 42
1 2676
7 49
4 228
2 2314
8 45
0 117
0 349
11 65
12 82
13 331
8 71
1 325
1 1408
6 364
5 70
12 66
9 241
7 21
5 61
13 291
7 102
4 165
10 97
5 185
2 240
7 6
14 250
11 125
11 121
11 336
9 11
13 115
7 197
11 230
4 248
11 169
12 21
0 84
0 82
0 356
5 133
4 293
4 318
14 150
1 2023
9 124
14 318
10 145
7 135
0 390
14 314
8 385
4 236
14 298
3 254
9 130
1 1275
0 417
1 399
14 169
4 291
0 351
5 116
4 251
13 349
9 20
3 93
13 357
12 272
4 159
3 287
14 148
7 302
5 314
13 92
4 270
13 308
11 236
3 222
4 67
6 331
1 1510
9 30
13 17
12 14
9 160
9 82
12 372
10 42
0 148
12 233
3 85
1 2476
13 295
12 162
5 255
3 50
2 2173
9 43
13 284
8 282
10 43
7 214
0 315
7 223
11 167
5 157
8 206
9 107
6 115
4 32
5 34
12 65
10 48
14 97
8 272
6 205
8 261
6 283
3 284
4 321
13 234
10 190
6 226
------------------
output_vector_after
10
operator_revise_array
1 2891
7 19
10 311
2 1905
10 31
3 69
10 361
8 354
------------------
output_vector_after
6
operator_revise_array
1 1574
14 212
10 197
8 218
3 395
4 263
8 303
3 329
1 1149
13 205
12 47
4 194
2 3099
4 116
7 307
1 2802
------------------
output_vector_after
25
operator_revise_array
7 301
14 170
12 200
10 337
1 166
4 38
12 202
13 152
2 1691
8 224
3 175
3 332
2 1542
14 342
7 138
5 158
1 2408
0 340
10 65
12 97
2 1267
7 162
0 208
9 292
6 123
7 174
6 333
9 349
12 214
4 13
9 240
4 122
14 324
4 343
4 86
1 1407
14 51
6 52
0 358
10 111
4 392
8 156
7 35
7 38
7 351
13 173
5 299
2 2204
1 2725
8 374
6 92
7 174
2 2491
6 174
8 110
13 174
10 108
8 189
10 209
2 1287
7 140
0 8
9 148
7 74
------------------
output_vector_after
6
operator_revise_array
1 1946
4 364
8 271
1 1482
11 113
4 270
5 56
8 358
------------------
output_vector_after
9
operator_revise_array
4 739
2 5319
14 75
10 616
6 582
9 208
14 352
2 5911
5 701
11 241
9 251
10 659
2 4542
11 553
10 499
13 80
10 438
8 683
8 513
0 175
12 337
7 167
13 426
0 43
6 273
9 39
5 450
11 193
11 600
14 198
3 259
4 691
------------------
output_vector_after
9
operator_revise_array
0 588
2 1367
5 759
12 470
1 2499
7 91
10 691
12 96
10 217
14 618
12 348
9 419
4 264
7 617
6 276
12 22
8 187
5 546
8 610
14 338
12 631
10 661
1 5306
7 74
4 474
2 4732
8 123
11 538
1 3749
5 291
8 543
14 213
10 157
5 803
4 24
14 696
4 256
4 114
0 679
2 4303
12 877
12 876
1 3667
2 195
11 694
6 861
3 51
13 227
12 487
11 474
10 338
13 501
3 360
14 525
4 390
9 87
12 864
1 968
7 827
4 321
5 458
6 759
5 387
6 841
------------------
output_vector_after
9
operator_revise_array
1 5258
7 716
6 441
9 751
0 459
7 92
14 4
5 244
1 1262
2 2484
12 190
4 283
0 183
12 516
4 235
3 129
------------------
output_vector_after
9
operator_revise_array
2 66
0 162
1 5770
1 4295
0 366
6 494
3 53
8 196
------------------
output_vector_after
9
operator_revise_array
0 14
8 446
3 622
2 4813
8 614
0 35
5 670
8 320
5 226
0 599
14 354
12 732
12 43
4 684
2 3571
11 761
2 5989
12 732
12 46
10 336
9 626
13 327
13 547
13 578
5 591
12 191
8 402
5 727
5 442
7 459
0 412
0 241
9 745
8 687
7 490
12 101
11 127
14 171
13 384
10 98
1 1913
10 104
14 320
2 5023
0 320
8 318
8 189
5 172
1 4921
14 228
14 298
3 157
8 295
9 366
5 740
7 307
0 543
4 743
2 3994
2 3930
13 751
0 454
14 76
4 230
------------------
output_vector_after
9
operator_revise_array
8 546
8 2
1 3630
5 540
14 10
6 151
10 70
11 20
0 65
11 608
1 5260
2 5323
13 544
10 374
3 91
6 358
2 2146
12 646
3 422
8 699
9 128
7 530
4 199
6 549
2 479
10 170
1 5105
12 17
11 609
5 149
12 506
7 420
6 305
11 682
12 725
1 3186
5 222
9 68
6 484
13 315
12 279
3 349
7 316
11 146
4 343
2 2756
9 428
7 580
12 578
0 273
7 471
6 182
6 658
4 687
13 104
13 463
3 516
10 131
10 69
2 1347
10 622
4 143
2 1927
12 490
------------------
output_vector_after
2
operator_revise_array
11 518
1 5711
3 184
9 313
5 119
3 121
14 82
1 6152
8 575
0 249
0 92
5 97
0 683
11 745
1 1958
2 83
7 338
11 717
6 96
2 2311
13 469
0 337
1 1975
14 494
14 709
14 733
13 539
9 83
0 601
6 10
5 231
11 376
------------------
output_vector_after
9
operator_revise_array
5 377
13 704
14 164
7 91
7 138
1 2555
10 693
11 97
6 294
11 54
13 33
5 361
6 154
10 40
14 48
4 540
------------------
output_vector_after
9
operator_revise_array
3 538
13 22
------------------
output_vector_after
9
operator_revise_array
5 337
1 539
14 50
4 250
1 2612
1 5786
1 3233
14 672
------------------
output_vector_after
9
operator_revise_array
14 257
12 384
1 5524
4 25
14 411
1 4229
11 254
0 13
0 79
5 36
8 66
13 32
7 363
3 205
9 247
14 65
3 242
3 99
14 351
12 187
4 322
10 539
9 110
11 98
6 524
3 553
11 487
0 680
0 559
0 557
8 680
2 4680
------------------
output_vector_after
10
operator_revise_array
4 718
3 538
2 4152
5 25
12 342
8 615
9 325
4 263
6 180
1 491
3 545
8 550
7 164
4 173
10 100
2 2870
5 746
3 54
9 761
12 542
10 359
6 423
13 415
7 723
0 677
2 2389
0 281
6 82
11 725
12 696
9 239
13 513
11 674
0 22
13 314
6 590
14 348
11 552
9 43
13 14
0 391
12 706
11 536
14 508
5 435
7 452
2 3055
10 281
5 706
0 544
1 3346
5 605
14 83
2 757
5 423
5 541
5 553
8 701
13 489
2 1885
6 503
1 3604
13 159
3 145
14 225
14 741
2 1835
13 294
2 682
3 93
8 562
13 545
14 555
12 163
14 409
1 4230
7 118
9 165
7 696
6 118
3 454
7 108
9 599
1 535
13 374
6 177
4 108
1 4247
0 74
13 510
13 327
2 892
3 303
12 572
1 261
3 14
9 495
1 3747
5 591
14 89
6 377
5 601
14 424
10 17
5 238
8 264
11 375
9 4
5 180
5 464
5 209
13 442
6 486
3 440
1 2024
9 264
13 481
2 1940
2 332
3 614
2 1465
3 342
10 493
2 2035
10 200
10 405
4 71
9 269
------------------
output_vector_after
2
operator_revise_array
12 641
9 697
9 217
3 449
2 1941
7 568
12 589
1 5792
6 484
12 586
9 475
10 346
14 119
6 129
1 1174
5 756
7 33
0 222
3 588
2 851
6 758
5 431
5 372
9 513
9 148
13 466
9 110
1 2116
10 370
11 428
12 671
7 292
5 397
9 83
8 129
6 650
8 157
12 325
10 456
14 408
4 525
7 119
11 228
12 264
9 535
13 611
7 634
14 100
10 269
8 103
11 135
7 239
10 634
1 2106
9 237
11 603
8 301
3 310
6 283
9 330
6 163
7 546
4 204
11 311
------------------
output_vector_after
2
operator_revise_array
13 263
7 44
3 225
8 43
3 71
3 280
5 701
0 209
3 244
9 446
8 686
6 516
7 274
11 575
3 469
13 168
13 427
8 47
8 9
8 376
8 45
2 3485
12 473
14 598
10 104
9 76
11 607
13 641
11 440
12 275
0 200
11 626
8 207
4 251
5 417
1 1749
7 280
1 4112
13 286
2 1786
5 639
14 176
10 67
13 27
1 3208
6 166
8 344
11 610
9 488
12 270
6 384
10 503
9 286
1 5466
0 641
8 281
13 396
14 388
3 329
7 608
9 632
12 507
7 404
1 4388
13 598
1 4214
2 1205
4 84
3 593
9 445
2 2486
7 235
9 464
2 5328
5 279
12 644
2 3018
3 102
11 587
0 542
2 2613
10 630
14 567
13 470
7 318
11 109
7 288
0 143
7 173
3 410
13 20
8 226
5 12
3 15
9 620
7 529
0 98
5 535
9 635
9 115
3 35
14 449
9 74
10 562
8 658
10 265
13 82
3 547
12 380
2 4890
12 272
3 228
1 1081
10 579
12 624
14 464
12 73
6 85
12 320
1 1666
12 318
13 177
10 398
0 622
3 141
11 242
9 78
2 4668
------------------
output_vector_after
40
operator_revise_array
2 3649
2 4527
4 91
14 343
8 513
7 344
5 697
3 367
------------------
output_vector_after
9
operator_revise_array
9 182
3 80
2 1256
7 315
5 357
10 365
10 232
10 135
12 328
7 306
3 38
13 77
7 231
12 320
8 50
13 255
8 182
1 2257
2 924
5 47
4 217
12 202
11 73
12 354
3 333
2 1129
4 262
2 2373
14 294
13 115
14 53
9 39
------------------
output_vector_after
6
operator_revise_array
12 274
9 205
5 155
13 237
11 373
5 165
13 181
6 333
1 2922
11 107
14 192
0 331
9 305
7 228
11 29
11 122
5 378
2 545
2 1842
14 116
0 379
4 155
3 160
8 393
1 2535
11 189
9 337
10 258
10 372
5 212
8 233
10 180
------------------
output_vector_after
2
operator_revise_array
11 369
3 288
6 190
3 107
0 41
3 42
0 124
5 168
0 164
8 199
4 179
0 39
7 353
0 282
1 626
12 336
12 107
1 2527
14 31
7 28
12 122
2 994
10 124
2 2740
8 9
1 2059
8 75
12 32
9 167
11 149
4 279
1 3202
1 1593
10 204
13 53
0 53
5 5
14 239
4 117
5 170
2 912
5 338
6 88
0 384
9 262
1 2044
3 248
9 313
0 182
4 76
8 246
11 286
5 45
1 2730
5 393
8 70
7 292
5 28
12 375
5 280
14 402
8 275
5 56
5 325
------------------
output_vector_after
9
operator_revise_array
14 131
2 831
------------------
output_vector_after
9
operator_revise_array
14 60
10 348
6 363
1 2304
6 374
4 126
1 2579
7 275
------------------
output_vector_after
10
operator_revise_array
5 217
4 184
9 156
8 117
14 149
8 246
5 171
4 182
6 279
13 299
6 244
8 376
11 97
0 124
14 344
13 259
0 264
5 66
2 1754
7 265
7 229
12 130
10 364
10 168
8 86
0 147
14 58
13 329
13 138
12 218
7 39
14 288
12 339
14 318
0 277
6 96
7 346
5 261
5 224
12 378
8 381
4 345
12 86
3 55
6 157
5 287
4 338
13 109
12 324
6 341
6 143
6 80
9 319
14 158
14 257
0 369
14 112
1 456
14 231
9 381
11 332
10 271
11 174
6 300
9 286
9 54
8 239
6 329
3 140
10 312
7 116
1 2489
10 286
10 71
2 552
9 389
3 309
5 163
12 282
11 57
0 89
0 130
0 360
9 307
13 368
13 333
10 177
7 158
10 226
13 51
1 734
8 256
2 634
9 310
9 56
14 139
7 217
3 146
14 215
6 98
2 2851
7 263
10 303
7 228
2 503
3 218
5 347
6 268
8 75
14 51
11 300
12 187
14 38
1 1773
4 376
5 179
14 86
13 356
4 54
3 154
0 248
3 375
7 342
6 205
12 38
1 636
0 400
0 299
------------------
output_vector_after
9
operator_revise_array
10 163
13 239
6 229
2 1080
------------------
output_vector_after
59
operator_revise_array
6 180
2 1532
8 75
9 383
------------------
output_vector_after
59
operator_revise_array
4 68
13 212
------------------
output_vector_after
59
operator_revise_array
2 395
5 329
14 209
10 143
------------------
output_vector_after
9
operator_revise_array
6 193
2 2009
14 24
0 295
7 151
14 321
4 114
8 173
5 419
11 307
0 176
7 156
4 33
0 217
14 373
6 238
------------------
output_vector_after
9
operator_revise_array
12 60
3 167
8 65
13 33
12 116
0 98
3 8
8 356
7 187
12 165
8 381
3 201
0 375
8 228
6 31
3 290
9 148
6 313
10 29
9 183
9 258
13 222
6 234
8 310
2 2388
1 762
0 344
11 171
8 3
8 85
5 247
14 308
------------------
output_vector_after
59
operator_revise_array
11 190
8 323
6 253
4 371
12 155
9 390
12 270
6 75
13 283
2 367
1 1729
3 218
2 2587
6 288
6 78
3 325
------------------
output_vector_after
2
operator_revise_array
10 182
4 315
13 83
14 29
3 17
5 312
3 134
4 33
------------------
output_vector_after
59
operator_revise_array
3 314
14 194
1 1889
4 130
8 338
5 229
2 559
14 229
------------------
output_vector_after
9
operator_revise_array
8 88
6 258
2 386
11 44
6 11
10 389
1 1033
3 314
3 346
7 77
7 327
0 257
0 8
10 34
14 371
13 402
------------------
output_vector_after
9
operator_revise_array
0 320
12 302
0 271
8 203
6 288
8 149
4 60
5 220
1 558
10 72
13 93
14 172
7 295
5 160
2 2229
8 167
11 149
11 361
5 298
13 366
6 90
9 74
4 227
7 369
2 2283
0 143
1 948
0 365
8 99
0 126
13 94
3 305
------------------
output_vector_after
9
operator_revise_array
9 364
10 353
1 1482
13 312
4 178
12 288
3 53
11 232
10 19
2 1691
5 255
5 270
13 19
11 325
2 2356
12 197
------------------
output_vector_after
45
operator_revise_array
1 132
7 272
10 117
4 376
5 135
4 390
13 347
8 151
------------------
output_vector_after
10
operator_revise_array
11 30
7 164
0 363
0 142
6 301
13 34
0 106
0 48
11 374
11 9
1 785
1 307
14 152
1 3125
7 48
10 163
6 9
2 555
6 246
11 305
1 859
0 361
9 291
7 59
14 162
9 118
5 138
9 22
2 1237
0 392
4 337
13 322
12 148
5 310
4 359
7 4
3 163
14 262
4 349
4 294
4 167
7 290
1 1316
2 2578
14 301
12 312
6 186
14 333
14 349
7 12
11 162
5 349
5 38
3 61
5 352
5 61
12 72
2 3029
8 32
9 115
0 50
10 418
5 9
12 10
------------------
output_vector_after
59
operator_revise_array
11 122
4 230
10 372
14 189
------------------
output_vector_after
2
operator_revise_array
4 259
3 338
4 283
3 368
7 236
10 357
14 234
6 52
6 412
5 167
6 272
8 37
0 182
1 718
9 358
7 301
10 286
7 209
3 38
4 226
13 367
7 244
6 304
11 34
6 248
13 27
3 262
8 5
14 257
13 141
2 626
10 228
------------------
output_vector_after
9
operator_revise_array
5 247
0 98
9 94
14 363
3 191
10 130
1 3054
14 38
0 323
12 217
6 397
3 346
11 90
7 254
2 2506
4 343
------------------
output_vector_after
59
operator_revise_array
3 242
6 365
14 88
14 317
------------------
output_vector_after
59
operator_revise_array
9 123
3 176
3 54
3 152
8 66
4 100
2 942
7 140
13 36
8 384
11 225
0 385
5 228
14 362
7 381
8 65
------------------
output_vector_after
9
operator_revise_array
8 342
2 1357
7 378
2 2917
5 37
5 265
7 308
0 224
4 24
2 830
10 217
4 13
6 133
10 177
6 24
9 190
8 117
3 380
9 198
5 37
8 56
12 180
2 123
8 123
10 130
6 301
8 261
13 63
4 94
4 258
4 109
5 88
------------------
output_vector_after
8
operator_revise_array
1 645
8 20
4 275
7 56
4 163
3 337
14 234
10 83
13 229
3 313
6 314
1 2925
14 257
14 133
4 287
10 151
7 131
11 339
8 155
9 75
8 264
5 234
3 54
12 320
9 310
5 37
7 56
8 4
10 386
0 75
12 28
1 263
1 398
0 351
8 10
14 80
14 331
12 158
9 243
11 254
6 91
14 436
8 66
1 231
14 219
0 26
0 42
9 21
2 2144
3 277
8 316
9 10
1 2537
7 96
0 42
7 129
1 149
11 192
8 224
11 438
10 381
14 460
4 137
9 415
------------------
output_vector_after
9
operator_revise_array
14 320
8 348
3 288
8 88
5 147
11 102
9 278
0 8
------------------
output_vector_after
9
operator_revise_array
6 118
2 1390
------------------
output_vector_after
2
operator_revise_array
14 114
9 35
7 365
5 372
9 182
1 279
12 229
1 528
5 275
6 204
13 138
10 61
4 333
7 316
6 87
9 121
7 129
2 2693
1 2399
0 13
0 13
4 373
8 250
13 268
4 281
10 340
11 44
13 128
12 56
9 133
2 901
14 42
4 96
9 349
4 230
7 223
7 21
13 33
11 32
2 2612
9 115
10 68
7 55
12 113
8 75
4 182
11 236
14 81
2 2855
6 238
10 257
12 12
10 113
0 110
6 192
5 357
9 174
9 142
0 332
5 144
4 47
9 306
13 200
1 717
0 71
11 316
9 98
11 132
12 210
4 300
14 228
14 154
11 96
4 163
1 1262
1 1488
1 1276
14 89
4 359
13 211
3 347
9 78
10 303
1 1627
5 137
12 203
6 147
14 22
8 18
4 42
5 325
7 22
14 44
0 223
14 286
11 194
5 152
14 216
10 312
11 381
4 386
8 377
6 124
11 329
12 12
5 24
8 298
7 364
8 426
7 144
4 149
10 227
0 151
3 172
3 74
6 229
11 4
14 12
9 317
0 124
14 398
1 2528
0 364
3 202
4 88
11 324
3 175
5 447
------------------
output_vector_after
9
operator_revise_array
14 38
1 1752
------------------
output_vector_after
45
operator_revise_array
7 5
6 331
13 267
3 343
5 216
4 371
5 106
5 39
14 363
6 196
3 285
0 173
10 204
5 216
4 214
7 310
1 2279
3 202
14 3
13 328
8 12
7 386
2 1386
13 275
0 282
13 286
0 352
4 168
13 11
12 240
1 2551
6 230
------------------
output_vector_after
9
operator_revise_array
10 167
14 15
8 175
11 383
7 374
8 238
2 717
7 94
------------------
output_vector_after
59
operator_revise_array
14 211
5 20
11 35
14 109
1 878
14 431
13 253
6 107
9 407
3 145
0 65
1 127
6 314
8 18
13 237
3 167
6 60
0 256
13 216
4 56
7 357
2 2580
4 32
9 226
2 205
11 29
10 168
12 217
2 2942
3 147
8 229
5 112
------------------
output_vector_after
2
operator_revise_array
11 44
6 267
6 297
5 28
12 124
7 56
0 258
13 290
7 215
1 234
9 105
7 371
5 46
2 113
3 180
0 156
1 2058
6 197
7 101
12 255
4 117
2 2353
12 186
5 150
7 314
9 110
10 312
14 345
12 209
9 178
13 188
8 78
------------------
output_vector_after
59
operator_revise_array
3 213
10 183
0 190
6 302
1 1265
13 285
10 207
2 1335
0 102
14 259
7 311
4 192
7 78
12 317
10 299
6 117
7 49
12 194
8 232
6 159
11 201
3 405
11 277
11 104
6 171
5 212
8 309
10 340
6 22
9 257
5 296
11 333
------------------
output_vector_after
2
operator_revise_array
14 172
13 99
7 351
6 103
10 274
13 316
10 105
5 193
8 36
7 194
8 317
6 147
0 199
4 148
7 56
6 189
------------------
output_vector_after
9
operator_revise_array
5 52
14 123
12 205
7 275
11 9
9 58
8 317
3 398
------------------
output_vector_after
59
operator_revise_array
14 362
11 241
7 215
13 284
8 352
6 198
12 208
1 2312
9 173
2 1808
6 249
12 134
7 187
2 2005
7 333
12 268
------------------
output_vector_after
59
operator_revise_array
12 318
0 331
3 343
12 183
------------------
output_vector_after
59
operator_revise_array
8 307
1 2466
6 374
6 203
7 8
2 1421
9 365
9 288
6 227
1 768
11 69
4 270
4 214
8 17
14 157
10 150
0 93
12 357
6 4
9 280
1 2883
3 310
10 288
7 211
6 317
9 256
1 2122
13 53
0 356
0 123
8 317
2 567
------------------
output_vector_after
10
operator_revise_array
1 1562
8 238
12 176
0 37
14 221
2 1966
2 1157
10 83
------------------
output_vector_after
2
operator_revise_array
1 166
8 340
8 362
13 347
7 356
12 6
13 345
1 306
9 295
10 275
1 2176
12 119
4 214
4 344
4 305
14 354
2 3049
13 11
10 230
8 338
12 230
1 2332
9 281
1 118
5 76
11 60
10 230
10 184
3 139
4 90
13 66
1 446
------------------
output_vector_after
9
operator_revise_array
4 282
13 73
2 2112
13 66
8 235
11 177
12 314
2 253
1 1870
7 265
2 1368
10 70
12 141
11 219
13 107
1 206
------------------
output_vector_after
59
operator_revise_array
9 71
7 27
10 315
13 85
------------------
output_vector_after
9
operator_revise_array
9 393
3 219
2 1281
14 103
------------------
output_vector_after
59
operator_revise_array
6 133
0 382
9 53
12 199
9 171
9 238
7 346
2 1101
0 326
3 22
13 155
3 242
12 294
1 2623
14 226
3 153
4 357
1 1742
7 4
9 307
9 168
5 105
12 384
6 271
0 158
10 97
12 377
8 87
14 125
1 393
6 375
8 39
------------------
output_vector_after
2
operator_revise_array
9 61
1 5361
0 227
11 147
14 623
13 719
14 771
9 555
10 38
13 175
6 331
0 46
12 758
2 5588
14 788
8 619
2 716
4 471
1 677
11 271
13 564
4 52
13 768
1 69
9 355
13 820
8 288
14 622
9 416
2 4658
9 554
2 1682
7 582
11 188
5 279
5 506
12 457
2 508
10 218
5 833
3 884
6 539
2 239
4 853
11 577
4 322
14 458
12 21
1 6968
14 793
9 136
11 864
9 570
14 755
8 790
12 210
12 793
3 735
11 466
4 774
11 227
12 320
2 1619
2 7000
------------------
output_vector_after
9
operator_revise_array
2 3539
0 142
7 33
13 253
11 799
14 120
5 434
3 219
0 605
9 708
1 458
3 563
5 462
5 837
3 646
9 83
11 682
7 240
8 712
10 874
0 603
4 334
7 273
13 214
8 65
11 364
3 184
6 548
8 812
3 318
6 284
4 598
1 1272
3 66
3 742
11 451
13 107
1 5194
14 506
11 69
9 287
5 13
4 882
10 760
1 1375
4 387
12 624
1 3029
3 601
6 665
12 385
0 378
7 42
12 571
14 830
14 695
10 314
5 454
9 530
8 539
12 154
3 651
13 90
2 2064
------------------
output_vector_after
6
operator_revise_array
4 289
10 723
14 666
9 330
9 922
11 737
0 748
3 334
2 3168
13 636
6 584
1 6324
2 609
8 140
10 283
14 439
3 314
14 921
2 1104
4 5
5 656
11 428
6 796
9 682
7 171
2 5244
9 283
6 547
7 136
14 735
3 792
7 748
10 370
9 457
11 3
5 882
5 886
8 593
5 792
1 5505
8 513
6 773
3 275
11 813
5 426
14 69
14 962
11 828
14 773
0 435
10 515
2 4345
9 247
4 222
12 751
13 917
2 582
4 172
6 597
8 297
5 746
11 672
11 398
7 953
------------------
output_vector_after
8
operator_revise_array
0 120
6 860
6 9
8 663
10 52
4 896
12 108
12 230
5 715
9 722
14 138
12 137
2 126
12 249
12 501
9 317
0 375
6 334
0 231
12 247
6 698
2 660
10 566
0 27
11 732
1 3856
13 388
3 27
0 734
0 591
10 632
4 10
0 756
4 716
10 651
2 116
7 182
3 703
0 439
6 651
2 876
1 7107
0 889
13 343
13 646
9 697
4 475
12 695
0 24
14 46
2 6227
9 337
9 84
12 555
8 719
13 623
10 377
14 813
14 159
13 726
14 474
1 4397
9 720
6 134
13 755
8 275
13 377
6 739
11 113
7 393
6 721
8 624
3 531
1 4366
4 553
2 1717
9 852
6 724
12 316
4 597
3 531
13 725
3 260
10 898
1 615
1 26
8 855
4 631
6 772
7 581
8 265
2 2553
9 670
10 355
8 782
9 384
13 704
5 103
0 735
9 720
4 550
0 427
7 774
2 3454
8 34
6 577
3 300
9 514
14 28
8 718
1 418
0 234
6 167
7 616
7 281
1 3868
6 530
4 334
3 505
2 980
2 4496
6 153
1 6915
12 723
8 617
1 6833
10 833
3 391
------------------
output_vector_after
40
operator_revise_array
4 727
12 275
2 5277
6 202
5 223
3 175
11 59
5 599
------------------
output_vector_after
9
operator_revise_array
2 6259
14 529
14 433
6 546
4 835
11 190
3 425
3 694
5 803
10 135
1 5670
4 304
14 463
6 395
1 4449
10 895
------------------
output_vector_after
10
operator_revise_array
11 139
8 817
7 47
5 562
1 4091
13 486
5 627
9 122
12 30
0 238
5 21
9 648
14 7
5 378
0 529
1 2690
2 4331
3 397
13 450
12 431
6 552
2 2023
13 605
4 349
1 2019
1 923
12 472
6 88
9 299
6 247
8 41
0 258
------------------
output_vector_after
9
operator_revise_array
8 388
8 97
2 1739
14 35
11 408
8 512
4 759
9 326
9 787
1 328
0 903
5 358
8 607
13 529
2 1268
1 1648
1 6782
11 213
7 439
4 330
5 285
7 210
4 352
14 432
6 502
12 543
7 659
2 306
2 4217
13 752
7 237
6 499
------------------
output_vector_after
9
operator_revise_array
10 149
2 767
9 417
0 582
6 91
13 415
13 405
9 796
------------------
output_vector_after
2
operator_revise_array
7 520
2 2031
8 419
7 252
13 568
5 221
11 722
0 594
5 490
5 127
11 623
2 6514
12 398
5 19
2 5093
7 794
9 663
6 215
3 848
12 739
13 274
11 685
2 1421
12 630
6 874
13 6
2 6788
6 729
10 8
7 707
5 478
6 220
9 613
4 494
6 657
0 181
2 1167
2 4379
12 324
9 278
7 156
2 5236
3 405
11 766
5 203
14 484
10 12
14 530
8 10
14 813
1 4003
13 669
2 3492
14 451
5 148
12 75
2 5716
9 872
13 74
3 631
5 558
13 744
6 313
3 515
14 290
13 494
9 724
3 801
0 633
13 423
0 668
0 701
5 796
4 65
8 288
6 431
12 272
1 6828
4 440
13 41
2 6692
8 618
5 231
7 41
12 210
6 338
12 28
8 503
5 381
7 532
0 295
0 430
2 3064
3 463
2 3415
13 820
4 496
9 278
8 588
10 543
10 132
5 119
2 445
1 4172
9 426
14 472
4 803
9 137
13 715
3 184
4 677
9 351
2 2359
0 178
6 238
12 387
8 336
12 42
13 547
8 293
14 382
1 1552
10 741
10 790
2 1776
4 707
11 605
9 63
------------------
output_vector_after
9
operator_revise_array
4 907
4 50
6 570
4 405
13 266
10 571
14 212
1 4848
9 395
6 716
4 228
0 601
5 391
10 300
13 200
12 842
10 644
0 524
4 54
3 426
13 639
5 380
3 463
7 674
9 520
13 56
14 9
4 141
10 594
13 33
10 431
12 747
------------------
output_vector_after
40
operator_revise_array
11 877
1 5878
7 102
0 787
1 2028
7 16
5 567
6 497
9 502
1 872
0 886
13 640
9 418
6 599
4 161
2 5789
10 252
7 576
12 310
12 482
10 251
10 822
7 686
3 486
5 315
7 656
10 264
11 447
9 460
3 87
2 6646
0 710
6 309
2 2234
13 202
8 859
11 525
13 360
7 559
8 655
2 2713
12 240
14 576
6 289
12 86
10 337
1 446
11 282
0 258
0 58
6 288
14 321
13 385
7 535
10 232
11 169
5 172
5 312
9 557
12 624
0 73
5 220
0 449
8 840
------------------
output_vector_after
9
operator_revise_array
6 46
5 743
11 192
13 87
3 261
0 711
1 3008
3 638
11 312
8 111
0 15
10 173
1 2817
3 671
7 419
1 567
------------------
output_vector_after
40
operator_revise_array
5 688
7 876
9 367
13 525
0 725
5 114
1 3266
5 238
5 693
3 708
6 857
6 366
1 2567
6 38
11 524
1 6382
13 700
4 484
14 97
1 5374
0 192
1 1664
14 652
4 235
9 429
12 249
6 543
5 612
13 814
10 832
12 816
14 356
1 7176
12 759
3 55
9 169
8 70
9 72
12 342
7 509
10 633
13 337
2 4252
8 859
0 290
4 739
5 11
1 2350
11 542
3 447
12 301
4 851
10 132
4 265
7 3
14 592
13 455
7 36
14 844
3 882
1 3421
2 7115
13 612
4 584
6 527
1 4438
4 388
6 66
4 264
4 694
9 26
10 373
2 1543
7 19
1 2996
7 215
7 812
9 498
5 765
3 295
3 635
0 455
6 811
6 751
6 757
4 542
2 1622
8 224
8 551
2 5089
5 229
9 287
10 443
12 373
11 26
5 315
10 734
14 47
5 68
1 6450
9 245
11 748
3 257
10 584
11 478
8 833
12 737
9 582
12 592
14 707
0 160
9 413
12 566
11 751
12 9
9 381
14 825
9 333
9 687
6 326
12 335
11 469
8 370
14 10
7 96
12 217
12 274
12 117
------------------
output_vector_after
9
operator_revise_array
10 163
0 729
2 1095
8 507
13 628
7 541
8 554
6 473
12 274
11 748
2 440
2 2188
5 767
14 885
14 652
4 610
------------------
output_vector_after
9
operator_revise_array
10 68
6 208
9 753
4 369
8 862
5 513
11 629
1 3211
1 2926
3 116
2 1399
3 457
13 442
6 63
1 177
3 102
------------------
output_vector_after
2
operator_revise_array
1 3948
2 3440
0 214
9 504
14 898
11 678
5 69
6 894
10 737
7 819
5 349
4 549
10 351
13 867
13 698
10 490
5 812
13 398
1 1474
13 328
14 415
7 690
14 715
0 127
14 601
8 810
7 231
13 589
6 570
8 594
4 370
13 35
5 866
13 618
3 37
12 341
6 193
13 303
8 86
8 335
10 521
11 753
10 132
4 686
4 810
12 733
5 379
13 363
4 536
5 67
13 777
9 705
13 314
4 450
12 80
1 803
12 12
9 239
11 60
0 772
2 1729
5 130
14 187
0 266
------------------
output_vector_after
40
operator_revise_array
14 434
6 461
5 172
11 282
3 812
11 459
13 727
8 316
------------------
output_vector_after
9
operator_revise_array
9 297
8 529
------------------
output_vector_after
2
operator_revise_array
0 277
6 9
11 504
11 607
8 674
4 163
8 223
2 3268
1 6129
11 760
4 638
0 29
12 276
5 488
9 321
11 210
12 222
10 298
2 1328
14 360
5 325
13 487
0 69
3 23
5 693
2 1713
12 141
4 254
6 568
5 135
13 408
14 475
14 196
1 601
5 729
9 556
0 9
8 486
4 765
5 292
9 695
8 771
10 528
2 4148
8 410
1 3531
4 510
12 679
8 607
0 169
1 2685
12 96
4 215
14 273
4 177
14 314
3 26
6 505
5 567
4 770
9 600
2 1668
1 6186
1 6473
------------------
output_vector_after
10
operator_revise_array
12 312
9 696
5 489
3 228
10 642
1 4163
4 626
1 6173
13 175
12 639
0 537
9 78
2 3603
0 29
12 436
7 435
5 142
0 399
14 575
10 492
6 42
4 653
13 347
4 522
1 1362
2 2782
13 618
7 103
12 314
4 726
13 518
2 973
11 394
6 650
13 165
7 495
11 234
7 423
13 189
3 648
13 99
3 699
13 412
12 387
4 184
6 615
6 214
13 190
4 631
8 618
11 606
2 4052
13 380
7 93
13 563
2 5005
9 389
4 480
13 201
3 603
10 479
9 494
8 251
1 3959
------------------
output_vector_after
10
operator_revise_array
13 225
2 159
7 548
9 601
13 568
9 721
2 763
12 664
13 486
14 153
2 5455
8 732
10 382
11 687
1 4565
3 149
8 371
8 51
0 224
1 5287
2 326
6 69
7 148
8 256
1 5733
4 463
10 462
0 69
14 274
8 518
0 43
13 258
------------------
output_vector_after
6
operator_revise_array
7 389
3 422
1 6244
6 447
8 382
2 210
14 518
2 3697
9 18
6 440
2 6176
13 167
1 165
14 253
9 534
2 1224
9 12
10 435
5 723
9 85
5 184
9 85
10 705
14 699
11 755
11 678
4 397
1 5590
10 720
0 517
4 739
8 508
12 132
0 615
14 368
9 557
10 337
2 4535
4 394
7 404
5 71
14 215
3 279
14 514
3 441
6 149
11 557
7 244
9 635
11 406
6 614
14 189
0 761
0 465
0 442
9 172
9 36
9 102
14 176
8 764
2 2131
11 396
5 378
2 6381
------------------
output_vector_after
10
operator_revise_array
12 372
9 596
4 291
4 745
1 3788
2 232
8 695
3 650
1 2878
10 596
8 641
13 309
7 320
5 421
2 1897
1 1364
11 58
7 760
3 476
12 25
4 78
8 46
13 614
7 465
1 3634
0 701
5 449
9 420
2 1566
4 67
1 1759
11 414
------------------
output_vector_after
10
operator_revise_array
11 261
10 473
7 108
7 99
1 373
0 84
8 457
11 578
14 381
1 3189
5 186
3 542
8 604
13 223
14 629
8 775
8 658
4 417
3 465
11 649
4 107
10 548
13 523
9 591
9 460
2 214
6 475
2 1781
7 339
12 64
9 630
8 271
------------------
output_vector_after
2
operator_revise_array
6 639
2 2950
1 3757
5 385
0 344
2 673
5 497
7 109
10 718
7 712
2 1114
3 767
8 132
9 624
7 141
14 61
13 196
2 1028
9 505
10 335
12 452
13 746
10 433
13 347
3 70
11 566
14 204
3 271
5 364
13 491
0 601
5 386
8 702
2 4954
6 656
5 531
1 1187
8 724
10 554
5 127
13 503
14 24
3 744
13 10
13 699
5 462
2 3550
9 373
8 417
11 463
11 464
4 194
11 698
5 460
11 437
10 16
13 628
3 66
12 414
1 5369
3 157
0 122
12 689
2 5658
------------------
output_vector_after
2
operator_revise_array
0 762
9 34
0 380
2 2006
8 336
12 297
1 2920
14 420
3 52
7 291
2 5077
11 169
7 420
2 2239
10 142
12 82
0 392
13 773
12 15
14 648
10 159
14 311
12 14
1 3283
0 486
7 206
12 280
0 269
7 487
5 474
14 74
12 316
6 473
9 616
13 809
9 728
0 238
0 92
9 279
0 418
11 388
8 12
1 6155
3 724
0 263
6 409
2 2470
8 434
2 5559
13 836
12 151
13 213
5 167
1 2318
14 765
1 2866
4 756
14 214
9 649
6 268
3 101
8 513
7 355
7 38
------------------
output_vector_after
10
operator_revise_array
7 706
7 686
6 93
11 474
6 269
4 383
8 228
14 272
8 297
3 133
4 54
5 69
9 167
5 184
6 257
9 67
------------------
output_vector_after
10
operator_revise_array
12 385
2 2352
2 4851
14 325
10 371
6 470
1 1299
8 211
------------------
output_vector_after
9
operator_revise_array
10 503
11 359
------------------
output_vector_after
10
operator_revise_array
1 2590
6 292
10 625
7 658
10 393
2 450
7 159
6 306
0 641
14 240
11 289
8 788
0 398
12 609
5 621
6 604
6 297
6 142
6 559
12 158
12 28
2 1144
4 325
13 336
14 736
8 27
10 619
7 7
13 6
12 131
12 208
6 602
11 615
1 726
8 75
1 4377
2 894
6 501
4 369
4 559
14 132
3 580
13 71
11 525
13 271
11 466
11 48
11 132
3 607
9 245
4 195
4 553
13 494
1 5384
13 135
6 76
1 4690
5 230
1 5534
7 234
3 406
5 548
1 5253
1 544
10 102
4 350
7 610
7 291
10 517
8 95
0 507
1 2355
10 282
7 572
5 469
3 285
1 1626
5 337
11 256
7 355
6 453
7 624
4 603
7 668
2 892
4 75
14 290
11 629
2 4357
13 75
5 542
9 339
4 370
11 485
5 193
0 635
7 69
3 573
6 317
5 550
2 2572
13 293
9 273
13 568
8 314
4 576
8 404
14 592
2 1176
14 59
2 1560
12 637
6 71
0 324
5 238
12 366
12 94
1 2483
5 451
14 110
8 623
4 30
13 598
11 410
4 526
14 31
12 121
12 567
------------------
output_vector_after
10
operator_revise_array
14 469
7 245
12 601
1 76
12 140
14 401
13 368
14 606
0 143
9 231
4 804
7 568
0 447
14 143
5 328
13 310
5 30
10 77
6 639
7 296
10 29
2 4629
13 525
11 13
2 2518
5 364
4 722
11 471
12 308
6 345
14 336
14 409
------------------
output_vector_after
2
operator_revise_array
6 150
11 604
7 652
3 703
8 130
9 374
12 352
10 567
9 161
8 83
1 3399
1 4921
2 3726
13 207
5 724
13 55
3 562
1 1960
14 21
13 522
4 445
4 648
1 1474
1 1791
14 270
13 386
0 320
0 716
10 545
5 717
11 258
5 296
------------------
output_vector_after
2
operator_revise_array
11 774
7 407
14 456
9 619
12 288
12 31
1 1471
2 6120
13 98
11 228
0 216
5 225
4 527
12 608
10 719
7 600
------------------
output_vector_after
2
operator_revise_array
1 3124
9 374
8 742
5 90
7 55
11 669
4 565
3 239
0 415
13 168
13 98
8 91
5 657
13 655
4 457
14 704
3 470
11 470
4 537
9 639
13 442
4 14
4 718
12 544
9 243
0 547
8 476
12 169
1 4220
9 523
7 606
14 187
------------------
output_vector_after
2
operator_revise_array
10 334
5 201
13 389
10 630
7 734
8 274
6 86
7 664
5 206
10 660
3 355
5 549
0 553
10 406
10 50
6 604
0 132
14 620
5 237
5 697
6 146
7 320
5 23
6 257
5 613
3 472
6 378
11 466
12 463
8 206
2 1928
0 341
------------------
output_vector_after
10
operator_revise_array
7 346
8 567
9 197
8 448
0 627
0 693
7 46
9 301
3 702
5 550
1 1143
10 237
3 135
0 128
7 137
14 140
14 266
4 210
13 286
1 896
4 387
13 174
9 400
3 747
12 368
12 724
3 316
5 228
9 777
6 521
6 352
7 448
3 547
13 719
12 563
2 2008
4 685
4 709
13 269
0 276
13 595
7 332
7 497
3 161
9 491
13 324
13 58
5 649
1 1564
12 227
12 62
6 349
7 288
13 195
4 506
4 445
4 385
1 4587
3 513
2 1932
3 105
2 5335
3 213
6 594
12 244
8 421
9 300
10 620
0 125
11 438
5 412
7 25
4 642
0 247
8 486
8 345
8 549
1 5378
0 49
7 294
6 267
0 667
5 150
6 587
4 91
9 603
8 464
12 53
14 440
12 587
3 92
10 31
4 171
7 26
7 38
13 488
1 5563
0 114
8 72
14 108
14 86
10 335
5 374
11 398
14 9
4 460
11 439
9 378
6 189
0 474
2 2413
3 616
2 874
0 644
9 111
4 249
1 1927
1 4389
4 265
14 72
14 578
2 5591
2 5956
2 1692
6 394
10 575
6 475
4 491
------------------
output_vector_after
10
operator_revise_array
3 751
11 81
6 685
10 294
6 637
14 337
13 35
4 499
14 253
6 136
9 702
14 726
14 3
13 384
0 234
3 208
13 664
11 687
12 74
11 115
4 563
10 391
14 594
10 679
10 446
7 121
10 248
7 185
3 653
5 186
2 3765
4 158
9 174
8 679
7 331
4 194
5 572
11 213
12 728
4 377
11 400
14 602
5 751
14 727
14 121
8 742
11 363
7 223
4 624
10 108
0 389
5 258
12 114
13 651
3 535
14 283
8 55
2 6435
8 368
13 328
0 97
8 283
8 154
6 432
6 654
6 624
1 3121
9 436
1 580
2 1862
14 387
4 364
1 1239
8 559
3 178
3 461
4 541
5 339
12 36
7 748
1 1957
10 381
6 543
2 363
4 335
11 518
6 686
1 3215
10 57
6 365
12 193
8 289
0 364
7 155
10 160
11 78
14 82
11 430
1 4751
10 241
7 646
0 648
13 667
13 643
14 94
11 500
9 743
0 394
1 1839
12 292
5 599
4 714
10 284
0 70
8 498
4 264
12 82
12 358
12 233
9 363
6 228
3 306
13 291
2 3087
5 407
1 217
14 746
1 3455
------------------
output_vector_after
2
operator_revise_array
4 138
13 312
4 687
10 544
12 41
7 38
1 4225
13 737
14 99
4 256
5 243
7 546
3 401
2 4147
12 532
0 324
2 5636
0 113
5 767
9 176
9 642
6 284
11 611
9 387
11 348
14 426
1 28
8 77
11 475
2 954
8 385
14 535
------------------
output_vector_after
10
operator_revise_array
8 412
13 165
8 384
8 564
5 71
4 368
0 741
9 480
9 258
0 174
7 310
14 66
3 124
6 552
2 6143
0 33
------------------
output_vector_after
2
operator_revise_array
7 496
7 759
10 495
6 690
4 732
13 727
3 312
6 489
14 65
1 2983
12 399
8 683
0 403
10 445
5 541
2 719
5 713
13 44
10 427
13 680
13 377
8 6
11 629
0 572
1 1999
7 531
10 191
6 170
4 401
10 524
9 311
11 513
------------------
output_vector_after
10
operator_revise_array
1 4256
12 617
11 107
6 357
13 610
11 427
14 17
11 489
12 527
3 208
1 2484
5 214
7 662
9 460
13 16
3 483
7 615
1 4503
0 743
1 2980
14 241
11 393
5 216
7 545
8 141
8 490
11 465
2 757
3 476
9 10
1 126
11 289
5 179
3 498
7 647
6 615
5 180
11 367
2 2752
8 192
5 371
9 287
14 339
1 369
6 425
14 755
12 680
9 424
6 432
1 4681
0 735
2 1274
13 371
6 653
14 213
3 402
13 236
9 458
9 289
9 37
0 347
8 350
7 135
6 765
6 701
3 199
10 754
0 643
4 754
5 297
12 36
1 583
1 4575
12 478
8 665
2 3097
1 4042
14 200
14 737
12 695
9 85
13 440
3 773
1 632
3 446
2 846
11 730
10 777
9 716
14 377
11 720
0 800
4 326
10 791
7 535
11 247
3 346
11 784
6 526
7 127
7 498
12 123
10 741
10 614
10 158
3 486
1 6455
8 508
10 722
4 781
0 782
9 824
14 314
2 2895
9 437
9 97
12 19
7 652
10 818
9 558
3 55
4 212
11 505
11 72
5 252
1 2674
4 383
12 180
------------------
output_vector_after
2
operator_revise_array
11 72
8 541
12 665
6 567
2 1355
6 281
6 759
1 84
8 723
11 79
4 700
6 430
4 288
14 186
3 608
2 5993
5 438
14 480
2 1366
4 381
7 644
1 2910
8 17
4 505
4 107
5 77
0 710
3 40
4 375
9 245
1 6453
12 459
13 298
6 55
4 250
0 107
6 373
2 362
0 230
1 946
14 271
7 56
14 429
4 263
9 794
3 112
10 227
8 89
6 676
2 4497
3 16
12 77
8 367
6 359
0 164
1 1187
2 3243
10 83
5 129
11 352
5 165
4 95
12 699
8 127
3 532
12 308
6 482
13 681
4 596
14 59
14 280
3 45
10 418
11 223
10 199
8 644
8 123
12 626
0 447
7 305
13 215
5 7
1 4120
1 424
10 45
2 5289
11 714
12 590
1 4386
3 371
8 166
1 3639
6 309
6 573
9 489
6 674
3 400
10 638
12 691
2 41
11 247
9 595
1 3920
7 369
0 361
14 253
1 3757
5 14
0 284
3 692
6 287
0 408
4 125
11 185
10 485
14 369
6 358
14 554
11 739
7 271
4 33
9 826
1 952
12 649
8 345
12 802
8 610
10 490
------------------
output_vector_after
9
operator_revise_array
3 557
9 486
0 363
13 54
------------------
output_vector_after
2
operator_revise_array
9 557
8 371
0 775
5 87
0 564
14 492
2 4170
6 181
4 564
13 12
0 522
10 335
7 149
7 492
13 679
9 702
7 629
5 63
2 3862
9 528
6 326
0 707
6 303
6 237
13 575
11 431
2 2304
6 683
12 295
10 586
11 669
7 204
------------------
output_vector_after
2
operator_revise_array
1 4998
8 559
1 2190
8 287
11 739
8 657
12 644
7 502
2 2848
2 5139
8 295
13 650
1 1478
13 628
0 199
13 721
3 616
3 733
11 453
6 393
1 3952
10 502
3 544
7 287
6 375
0 676
11 28
13 239
3 323
6 662
1 5020
14 347
12 640
14 514
5 78
1 732
13 420
9 364
11 732
4 339
13 482
6 58
8 730
3 586
0 171
5 373
1 1829
10 147
2 2458
12 226
4 114
5 366
14 235
0 469
6 566
3 657
5 60
10 301
4 655
3 86
10 427
13 23
11 308
3 446
8 178
0 121
12 289
2 1457
8 87
12 617
9 71
5 558
9 83
8 725
6 626
0 86
9 634
8 83
13 560
9 161
2 4198
12 435
3 537
10 700
3 518
4 294
9 541
12 388
10 341
12 63
6 651
4 15
13 508
4 25
0 492
4 401
5 440
0 572
2 2118
12 19
5 262
11 438
14 156
5 274
5 505
4 479
9 528
14 481
6 597
7 62
2 4956
3 576
3 709
13 9
0 493
4 296
2 1034
0 401
9 468
5 630
8 89
2 581
11 612
12 443
1 3081
5 506
5 594
7 231
------------------
output_vector_after
9
operator_revise_array
12 746
13 92
12 132
2 2579
0 497
14 194
7 144
1 5887
4 714
6 358
10 586
11 43
1 1156
5 259
11 40
1 3528
------------------
output_vector_after
2
operator_revise_array
8 624
6 47
13 735
11 641
8 728
4 568
10 328
12 67
8 263
11 205
2 1687
6 702
2 1185
1 1805
1 2964
10 578
1 4951
7 700
9 564
10 657
0 501
13 449
4 671
14 642
2 2623
7 335
11 492
6 356
11 55
3 381
10 255
1 526
12 86
4 62
13 740
10 47
3 341
5 161
9 589
7 147
11 362
5 115
9 705
14 653
2 4366
2 94
1 4273
5 685
1 3665
10 752
14 647
13 614
5 115
9 693
7 5
2 5884
1 5637
13 766
1 6164
7 637
0 516
10 194
6 572
3 537
------------------
output_vector_after
10
operator_revise_array
2 4897
1 5146
7 298
6 18
14 582
9 292
3 704
4 553
2 1276
0 321
14 285
11 452
6 147
9 64
7 232
1 2685
7 774
9 682
5 415
10 335
4 417
1 3269
5 375
6 38
7 45
9 445
8 374
7 335
7 328
2 2691
9 277
14 591
12 810
9 707
8 801
5 135
7 37
3 224
13 313
7 751
11 135
4 863
6 64
9 847
12 240
14 679
6 634
4 598
13 662
7 559
5 856
0 839
6 810
8 359
13 603
9 519
13 156
7 714
9 140
10 377
14 126
12 866
7 695
9 765
------------------
output_vector_after
9
operator_revise_array
0 475
11 713
0 172
14 673
13 674
2 5435
14 240
10 353
0 390
4 142
13 457
6 383
10 229
14 579
11 96
10 447
9 678
9 295
0 395
12 66
1 2648
13 234
7 445
2 1662
6 685
12 570
13 21
6 243
10 632
6 652
8 264
12 47
------------------
output_vector_after
9
operator_revise_array
2 3326
6 592
2 2417
2 1846
6 330
14 375
12 17
1 6334
10 581
6 380
0 176
3 331
0 686
14 499
12 130
1 1595
5 430
13 265
2 1243
0 11
8 471
5 223
2 3525
3 574
9 147
13 290
13 82
4 474
5 504
6 309
11 132
6 112
------------------
output_vector_after
2
operator_revise_array
4 614
1 5171
10 309
13 232
10 380
6 325
3 658
12 546
12 732
8 565
10 474
12 214
7 379
14 694
8 249
14 630
4 328
11 541
13 75
6 798
1 3285
11 114
5 702
10 163
12 64
11 170
6 399
5 96
12 478
2 4916
12 590
13 512
------------------
output_vector_after
2
operator_revise_array
14 72
12 616
13 640
12 516
9 656
1 1702
12 114
13 387
6 330
9 464
9 57
7 235
8 29
5 303
14 99
8 47
4 34
3 653
10 228
2 600
10 757
0 758
2 3825
4 532
11 547
9 141
4 269
4 220
6 266
13 509
2 812
6 711
1 1315
7 343
10 220
1 5824
11 67
11 445
8 725
13 612
0 714
7 224
1 35
8 623
12 636
1 3904
12 466
2 5882
8 258
0 401
6 149
10 111
6 463
7 706
9 36
2 3003
7 610
11 71
3 179
11 703
5 533
6 717
8 255
1 1835
8 130
0 288
11 539
6 74
5 131
13 620
4 696
14 76
1 4750
5 331
7 296
14 10
14 403
10 199
2 320
13 575
12 463
3 276
1 4979
6 6
12 67
12 726
3 44
8 71
8 211
9 359
6 279
2 2534
2 4111
3 53
5 141
5 299
4 709
0 595
9 360
4 120
0 160
8 334
11 432
11 210
3 572
13 514
14 195
4 589
2 4658
4 450
13 615
6 435
10 510
14 122
14 588
11 369
1 3936
1 2559
2 5765
2 5000
9 611
4 107
14 679
11 724
0 68
8 686
13 424
4 248
------------------
output_vector_after
9
operator_revise_array
0 546
0 444
4 347
11 576
2 4468
11 235
9 87
4 50
11 51
13 473
10 576
2 3370
12 405
0 453
8 474
3 511
1 3459
13 326
3 689
3 70
14 733
14 411
8 263
7 390
6 551
11 274
11 427
9 173
5 315
5 112
8 400
9 236
7 204
13 240
0 177
0 143
2 5843
6 614
14 286
2 127
4 510
13 31
9 447
14 168
0 591
14 132
3 446
13 328
6 656
1 3682
9 201
9 397
8 256
13 411
1 1925
3 446
14 24
11 657
6 565
6 305
14 635
1 5830
9 633
9 252
------------------
output_vector_after
2
operator_revise_array
14 48
13 659
13 289
0 294
9 509
11 560
8 759
0 346
11 307
4 207
10 511
8 50
6 547
10 166
13 176
3 444
1 5180
9 37
5 129
13 642
13 514
9 423
11 255
13 683
7 59
1 970
3 52
5 193
12 743
3 128
14 612
13 90
------------------
output_vector_after
46
operator_revise_array
14 145
12 735
6 742
11 270
12 622
12 735
7 92
1 3283
7 92
0 588
8 365
1 805
10 157
13 726
14 258
12 102
14 238
5 733
7 177
1 6244
4 517
6 814
12 651
9 579
9 471
1 1147
3 378
9 306
11 534
13 170
6 404
10 323
7 346
4 287
1 6038
6 441
9 775
11 699
0 112
1 242
14 513
2 2931
8 621
13 290
0 699
8 211
7 237
9 654
3 495
3 269
12 730
2 4554
1 896
8 578
4 174
5 123
3 148
10 197
1 5808
9 601
12 59
7 348
11 249
2 4275
0 467
10 105
0 42
9 234
12 436
7 620
0 267
4 684
14 473
4 182
10 257
8 606
4 404
10 128
12 789
0 327
10 525
3 242
13 418
8 264
7 492
8 485
5 114
13 170
9 673
10 80
8 155
11 140
6 189
4 326
10 526
0 772
0 386
6 251
14 348
9 490
2 2321
0 370
10 606
5 796
7 700
11 749
3 342
3 202
14 561
2 742
6 215
13 497
12 114
3 9
11 639
5 311
14 547
10 355
4 392
14 745
10 794
14 257
6 713
14 538
8 132
7 310
11 164
13 50
------------------
output_vector_after
10
operator_revise_array
6 531
4 464
5 656
5 793
13 621
12 755
7 131
4 525
12 408
14 607
13 398
7 701
12 166
6 72
5 58
10 114
------------------
output_vector_after
2
operator_revise_array
0 744
0 405
8 494
7 576
3 248
13 720
8 246
5 369
12 701
12 85
9 141
1 878
14 180
5 775
11 621
14 66
9 646
5 185
13 105
13 169
14 8
2 1012
7 35
13 725
11 98
8 112
1 4433
6 58
12 485
7 501
1 1542
5 374
2 5581
14 291
13 311
3 739
6 11
2 627
12 212
7 166
4 175
5 587
4 215
3 321
1 5982
12 535
10 631
13 652
5 182
11 247
12 661
3 94
2 4323
5 717
3 59
3 337
2 304
8 86
13 49
6 230
5 132
5 423
12 34
10 322
------------------
output_vector_after
9
operator_revise_array
14 323
9 699
9 295
3 52
8 509
0 483
2 945
5 444
7 290
13 712
0 418
9 517
12 643
12 635
14 145
7 524
12 208
10 288
11 342
13 707
12 216
11 501
11 336
11 492
8 676
6 51
9 511
6 394
12 186
0 345
13 95
11 508
2 6439
1 4643
8 683
12 649
11 705
4 428
2 2591
9 27
3 491
0 446
11 465
13 407
4 462
14 170
14 12
14 741
4 116
6 465
9 410
14 801
8 203
12 740
1 2524
2 1360
13 656
14 719
3 457
0 657
4 361
8 559
7 380
13 224
12 646
8 822
10 467
2 4711
4 306
13 21
4 406
14 612
11 193
8 402
6 269
6 323
14 676
13 432
12 769
4 128
7 654
4 530
9 217
6 706
10 403
11 396
12 252
14 700
10 841
6 34
8 586
7 261
13 133
1 5498
1 5120
1 2181
11 203
7 475
1 405
10 443
8 114
4 828
1 6686
4 506
10 733
13 360
9 299
10 459
4 609
14 354
5 114
1 5977
2 2569
7 289
4 359
4 803
10 539
4 495
1 4982
11 342
10 890
10 483
8 377
12 366
3 535
0 276
1 5220
10 444
------------------
output_vector_after
2
operator_revise_array
11 640
13 335
6 293
10 11
11 214
8 369
8 288
7 777
1 4139
6 529
14 442
5 163
1 4823
3 703
1 5259
9 639
8 296
7 353
5 190
1 3486
5 465
12 273
10 747
1 2381
1 3363
10 590
13 76
11 355
10 395
7 275
1 595
1 4350
------------------
output_vector_after
10
operator_revise_array
2 3364
10 76
7 650
7 409
0 707
4 200
11 337
11 686
12 187
8 197
5 346
2 420
1 310
6 375
2 5022
10 642
1 2661
7 116
4 133
6 82
1 6222
6 148
9 743
10 598
6 785
12 780
7 152
14 522
14 203
10 190
0 616
8 815
------------------
output_vector_after
2
operator_revise_array
7 598
8 237
13 222
12 77
7 510
14 110
13 218
4 46
------------------
output_vector_after
9
operator_revise_array
11 96
3 504
14 111
4 712
9 736
4 566
7 579
5 45
------------------
output_vector_after
9
operator_revise_array
14 782
13 763
13 311
13 38
------------------
output_vector_after
59
operator_revise_array
13 190
14 300
0 357
8 181
------------------
output_vector_after
67
operator_revise_array
3 175
9 356
12 127
11 291
3 191
1 985
8 192
9 74
------------------
output_vector_after
40
operator_revise_array
6 151
2 2393
10 129
14 284
2 1798
0 49
3 404
9 115
13 97
1 416
7 185
5 263
12 165
12 186
0 275
11 69
14 367
2 2774
6 177
8 261
6 205
0 24
3 124
8 172
1 2837
13 342
2 282
13 286
13 46
9 143
1 1335
4 224
------------------
output_vector_after
40
operator_revise_array
4 4
10 277
2 2867
3 266
13 120
14 74
8 133
1 1814
------------------
output_vector_after
9
operator_revise_array
14 124
6 179
7 40
8 220
------------------
output_vector_after
40
operator_revise_array
2 1937
11 100
12 238
9 343
10 238
14 28
14 202
2 1935
0 417
3 36
7 227
11 113
6 53
6 126
12 82
2 3436
------------------
output_vector_after
10
operator_revise_array
9 74
12 58
10 47
6 134
14 305
1 2908
9 150
8 32
13 254
14 96
1 438
14 248
2 600
12 333
0 83
2 2229
12 328
12 54
1 2833
6 149
13 34
0 73
2 2847
6 227
11 167
7 252
4 212
1 386
6 340
3 252
8 160
4 34
2 3263
13 113
5 120
8 38
11 85
3 80
1 1058
5 351
12 60
3 43
6 371
5 275
1 2355
10 206
1 146
8 280
5 55
12 170
3 390
10 355
13 336
8 138
9 23
13 69
14 341
2 2060
4 46
1 639
4 212
12 45
13 288
5 356
------------------
output_vector_after
10
operator_revise_array
4 252
0 9
0 140
10 369
14 271
0 170
7 376
11 17
9 382
2 1559
8 378
5 355
4 134
6 335
0 322
3 407
------------------
output_vector_after
59
operator_revise_array
3 373
5 323
4 259
2 2311
5 36
8 139
4 117
11 77
------------------
output_vector_after
40
operator_revise_array
9 157
3 240
5 162
2 1825
------------------
output_vector_after
40
operator_revise_array
7 314
9 170
4 185
4 211
6 131
6 253
5 130
8 128
8 100
5 139
14 100
14 144
8 254
4 342
8 252
12 295
11 12
1 1294
8 54
11 338
6 210
12 392
10 178
1 1319
10 341
1 2538
4 293
8 9
0 43
0 138
13 38
3 212
12 375
11 239
7 23
9 8
3 48
6 196
7 352
10 93
13 192
0 290
5 192
1 1760
10 202
13 87
12 368
7 171
2 810
12 214
9 310
10 158
13 18
3 215
0 71
6 10
13 221
11 301
2 1292
11 177
14 182
13 136
11 349
11 268
------------------
output_vector_after
67
operator_revise_array
4 195
2 1011
13 261
3 287
5 307
1 2688
9 349
8 27
------------------
output_vector_after
40
operator_revise_array
12 378
2 1433
6 22
3 6
4 381
6 300
0 90
4 193
3 346
5 287
10 174
2 3020
11 150
3 223
3 207
5 323
4 174
3 174
8 349
1 3094
6 16
10 333
11 340
4 382
6 24
3 384
9 328
10 157
7 357
6 52
7 6
14 367
------------------
output_vector_after
67
operator_revise_array
5 112
8 381
9 86
0 114
3 101
3 119
1 2378
14 171
2 1620
11 306
5 373
4 173
3 252
14 22
14 288
1 1127
------------------
output_vector_after
10
operator_revise_array
13 103
3 67
4 169
13 328
6 219
2 1157
4 233
11 132
5 242
7 99
4 352
14 169
14 200
7 378
8 26
4 182
4 322
0 160
1 180
14 15
1 3013
10 182
14 377
0 214
2 3105
4 423
13 23
6 394
4 119
11 225
2 927
3 112
------------------
output_vector_after
67
operator_revise_array
3 376
9 178
0 388
5 264
5 244
12 124
6 177
9 41
7 73
7 276
12 242
5 11
9 18
5 325
2 1351
6 196
10 181
11 293
5 224
1 2740
8 243
12 100
10 104
13 69
8 84
4 234
6 179
5 280
8 289
8 31
9 35
2 1569
------------------
output_vector_after
67
operator_revise_array
3 22
5 34
14 45
4 266
7 258
14 13
9 88
11 200
4 256
4 205
11 234
10 311
3 212
5 65
10 141
14 351
------------------
output_vector_after
40
operator_revise_array
1 2661
7 203
------------------
output_vector_after
40
operator_revise_array
14 51
14 176
------------------
output_vector_after
10
operator_revise_array
4 15
3 134
3 132
10 69
1 1649
8 144
6 169
12 250
12 355
13 313
2 551
9 271
14 8
13 113
14 114
5 57
13 306
11 32
0 148
2 448
6 12
2 2372
14 28
3 50
14 310
0 47
8 195
6 185
0 123
11 292
4 38
11 304
0 260
4 29
13 114
3 219
7 344
14 185
13 418
3 322
9 262
3 347
14 185
7 287
8 406
3 360
3 383
10 308
11 421
2 113
8 335
11 288
5 56
12 41
0 423
2 1644
1 1244
7 215
8 403
14 259
5 386
5 250
2 277
4 339
4 457
12 153
7 214
4 225
6 340
6 129
4 44
1 1908
1 1204
4 371
5 263
6 71
5 28
1 2512
3 371
12 224
11 324
13 435
9 14
10 150
14 179
5 189
12 330
8 332
2 966
5 181
1 796
12 13
14 389
0 78
9 108
12 5
4 177
0 235
7 425
12 163
9 201
8 163
6 341
10 388
8 215
11 157
8 437
2 488
13 242
3 237
4 429
5 105
10 98
3 86
12 268
8 395
3 424
10 355
13 14
14 215
11 137
6 436
3 116
5 273
13 246
6 218
5 73
8 299
------------------
output_vector_after
40
operator_revise_array
5 175
0 275
3 126
11 351
7 346
13 208
0 290
11 350
------------------
output_vector_after
10
operator_revise_array
7 330
14 264
9 213
3 12
10 87
12 124
10 378
11 208
6 214
2 3107
8 29
2 746
7 401
10 363
2 2419
4 345
------------------
output_vector_after
10
operator_revise_array
9 319
7 263
3 103
4 159
2 1418
8 335
11 24
13 305
4 184
11 27
4 377
8 5
10 291
11 270
11 299
2 2793
------------------
output_vector_after
2
operator_revise_array
3 91
13 339
14 121
8 55
9 170
8 78
7 98
11 192
5 314
13 282
11 46
12 298
13 112
3 350
1 2350
13 206
9 50
14 220
2 2260
1 2285
4 236
1 1417
1 2003
6 337
5 225
7 219
11 313
8 118
2 2416
2 2806
12 166
13 18
------------------
output_vector_after
59
operator_revise_array
1 1129
10 385
12 238
9 130
2 950
0 76
9 4
12 149
8 338
14 127
12 276
13 198
5 170
0 132
8 256
7 129
------------------
output_vector_after
9
operator_revise_array
13 50
0 113
0 13
6 340
11 90
14 15
3 278
12 36
7 199
11 213
12 143
10 250
5 284
2 277
5 57
4 318
2 2146
9 170
8 82
3 301
9 322
3 288
11 167
9 341
7 258
4 143
3 131
10 143
10 155
3 355
0 251
9 83
------------------
output_vector_after
10
operator_revise_array
0 59
3 222
9 329
0 5
0 358
5 25
9 162
0 353
9 99
10 234
3 182
0 243
8 325
3 98
8 198
14 119
5 276
13 22
1 215
13 224
1 211
3 242
13 52
4 342
5 169
0 46
3 103
12 32
3 333
9 6
9 141
7 146
0 97
14 275
0 28
8 136
6 341
4 177
1 1428
4 126
5 127
3 255
8 269
5 307
6 114
2 728
12 139
4 36
11 391
3 319
9 130
6 58
12 362
9 318
1 142
11 291
12 176
1 1884
3 93
13 9
7 145
12 387
6 277
14 169
------------------
output_vector_after
59
operator_revise_array
2 1886
10 296
4 151
6 93
10 33
7 351
0 263
14 261
5 347
1 2285
0 208
0 322
8 369
11 308
14 47
12 13
2 273
9 314
10 157
11 320
4 52
2 3530
13 212
0 408
13 194
12 101
2 2208
8 293
5 12
10 304
8 381
0 283
------------------
output_vector_after
70
operator_revise_array
7 288
8 92
14 276
8 107
0 309
2 591
12 415
8 183
14 96
3 72
5 241
10 297
13 381
14 28
0 23
11 142
------------------
output_vector_after
59
operator_revise_array
3 77
11 48
3 36
5 334
11 193
7 58
0 352
1 2209
3 261
1 2548
12 157
0 35
8 120
8 111
7 240
5 54
------------------
output_vector_after
40
operator_revise_array
4 230
7 174
7 127
12 290
------------------
output_vector_after
40
operator_revise_array
13 93
1 2052
4 258
13 118
------------------
output_vector_after
10
operator_revise_array
1 2779
1 1915
14 291
12 56
9 404
4 132
0 89
1 1415
5 386
3 30
2 151
6 160
9 373
13 248
9 260
5 279
5 246
13 32
3 88
7 337
8 170
8 325
1 2170
2 2326
4 169
2 1856
0 359
13 152
14 107
8 59
8 138
8 365
------------------
output_vector_after
40
operator_revise_array
2 1009
8 12
0 151
13 55
2 2418
4 180
1 2849
1 345
12 246
4 82
3 54
8 81
0 59
9 204
14 3
11 249
------------------
output_vector_after
40
operator_revise_array
7 64
12 58
14 292
1 612
14 297
4 304
11 109
0 339
9 110
12 410
9 327
0 104
13 92
8 229
9 369
12 258
------------------
output_vector_after
40
operator_revise_array
9 71
10 102
12 24
4 151
3 4
3 81
8 195
0 221
1 2458
4 150
9 178
12 70
11 99
5 276
11 364
6 354
4 76
9 195
11 287
9 356
10 34
2 1756
7 369
2 1456
7 230
10 131
14 3
7 340
6 202
10 30
13 19
13 19
------------------
output_vector_after
59
operator_revise_array
6 62
6 380
11 242
13 159
------------------
output_vector_after
84
operator_revise_array
5 344
0 193
10 126
6 94
10 260
0 243
0 117
5 64
3 305
7 215
1 1004
6 149
0 255
1 1025
1 1344
14 183
9 22
4 192
0 367
6 225
3 51
9 24
12 313
2 991
2 2373
11 241
0 219
6 72
6 364
14 366
8 415
12 409
------------------
output_vector_after
59
operator_revise_array
14 39
3 87
------------------
output_vector_after
59
operator_revise_array
8 23
10 258
------------------
output_vector_after
10
operator_revise_array
9 220
3 183
11 138
2 2474
13 180
13 249
4 37
10 341
0 370
7 187
9 19
10 161
7 350
6 85
5 215
13 27
2 1312
14 225
12 189
5 317
9 246
0 302
13 327
6 207
9 149
6 170
12 315
2 1720
6 133
6 92
0 42
7 262
11 236
12 73
9 46
3 224
11 52
14 9
13 103
3 310
14 274
8 144
11 198
4 367
13 91
0 270
0 373
5 32
14 209
10 193
0 334
3 211
7 312
6 135
13 60
10 136
12 242
0 27
1 908
7 177
0 294
0 228
3 24
1 2164
2 1492
1 2845
2 1096
6 181
10 291
12 196
2 2633
8 124
12 233
14 156
12 345
5 309
7 51
10 67
1 2640
10 302
8 308
8 347
14 360
5 98
0 66
3 124
12 107
14 146
3 367
4 83
8 182
12 186
11 184
14 230
11 340
13 200
1 265
8 100
2 1397
11 45
1 1934
14 56
8 261
7 119
11 198
12 331
14 323
12 105
13 133
13 121
12 65
4 127
14 73
2 1423
6 360
12 298
8 217
10 221
8 300
13 199
5 16
4 368
1 1802
11 125
5 52
9 317
13 260
9 175
------------------
output_vector_after
40
operator_revise_array
2 922
5 375
8 203
2 2534
------------------
output_vector_after
9
operator_revise_array
4 128
14 31
7 189
5 301
------------------
output_vector_after
40
operator_revise_array
10 42
14 44
------------------
output_vector_after
40
operator_revise_array
14 22
1 1830
1 2502
11 293
------------------
output_vector_after
59
operator_revise_array
14 32
11 332
2 3105
0 185
------------------
output_vector_after
10
operator_revise_array
5 76
12 109
8 378
10 286
3 206
14 33
7 324
12 128
12 104
5 23
11 196
10 8
13 339
9 77
3 259
6 299
13 276
7 285
14 280
6 310
1 881
0 348
3 231
7 148
3 165
4 162
9 404
0 260
12 69
13 144
14 118
7 151
------------------
output_vector_after
40
operator_revise_array
3 204
12 198
11 161
0 275
14 350
11 131
0 321
5 231
8 275
2 2825
4 239
11 193
9 8
3 105
2 2620
6 359
7 328
9 26
3 403
14 312
6 424
12 164
10 279
13 10
7 319
4 9
14 118
1 682
14 128
10 175
14 341
8 276
12 123
0 365
1 865
1 2970
6 318
5 432
12 10
10 197
8 82
12 62
12 315
14 295
13 307
4 422
4 93
2 915
7 338
1 1358
1 3348
7 437
1 3807
12 366
14 90
1 145
0 109
3 382
6 231
11 132
10 364
6 476
1 137
5 216
------------------
output_vector_after
40
operator_revise_array
4 146
13 36
8 352
1 1073
5 183
8 258
7 339
1 3025
0 160
2 600
7 77
9 68
12 298
1 2892
14 81
0 158
------------------
output_vector_after
59
operator_revise_array
8 181
6 5
14 35
7 193
------------------
output_vector_after
40
operator_revise_array
1 1605
4 363
2 984
5 204
5 99
2 2213
0 388
7 96
10 38
13 15
6 195
0 39
10 40
11 271
4 304
1 2007
------------------
output_vector_after
10
operator_revise_array
12 100
12 122
14 301
9 101
0 24
13 259
9 186
5 106
2 2009
3 270
10 242
5 51
11 302
11 98
6 11
12 192
------------------
output_vector_after
40
operator_revise_array
11 246
11 213
------------------
output_vector_after
46
operator_revise_array
14 333
6 365
12 247
12 167
2 2810
10 248
4 192
1 1418
0 11
9 69
14 64
6 186
9 311
6 376
9 25
13 81
4 123
5 178
9 241
1 692
1 884
5 250
0 383
3 75
5 79
8 297
12 395
0 153
1 1315
13 334
6 272
13 123
1 372
0 250
8 28
5 342
13 381
7 142
10 153
5 120
4 170
5 8
4 80
3 313
5 234
12 117
0 285
6 28
6 216
13 86
10 266
3 293
13 238
5 335
0 38
0 109
2 537
9 344
11 129
9 32
14 184
1 1698
2 2596
1 586
------------------
output_vector_after
67
operator_revise_array
7 304
14 297
14 17
0 356
------------------
output_vector_after
40
operator_revise_array
4 155
1 714
8 229
10 271
14 121
2 2078
1 1128
14 335
------------------
output_vector_after
59
operator_revise_array
3 94
14 160
3 344
9 153
12 91
11 244
1 1304
13 43
1 2873
2 1418
9 47
8 341
1 3008
1 2261
2 1940
3 154
------------------
output_vector_after
40
operator_revise_array
5 21
14 288
------------------
output_vector_after
10
operator_revise_array
11 188
0 370
6 346
10 103
2 1096
8 88
1 259
5 313
8 163
12 44
13 88
1 2991
8 182
2 856
0 361
5 110
13 220
9 238
6 309
10 219
0 243
3 18
12 220
9 178
13 197
13 296
9 184
1 2502
5 214
13 49
9 141
1 101
------------------
output_vector_after
40
operator_revise_array
5 68
12 27
8 3
12 152
7 21
12 91
7 249
8 120
1 862
10 289
12 77
7 151
7 129
14 75
8 267
8 366
------------------
output_vector_after
59
operator_revise_array
3 302
11 97
14 296
0 312
3 274
4 322
5 311
1 3010
4 125
3 165
2 2936
7 299
3 113
12 39
1 2442
0 129
------------------
output_vector_after
10
operator_revise_array
3 330
12 90
9 85
5 260
8 116
12 149
5 321
4 342
3 155
3 143
13 229
0 232
13 191
12 165
12 143
13 53
------------------
output_vector_after
10
operator_revise_array
10 71
2 3037
2 2617
6 188
5 351
0 154
2 987
0 280
3 184
12 111
2 2556
2 2088
2 637
10 367
14 298
3 368
0 30
2 2321
9 52
5 188
5 396
12 409
7 96
6 160
0 97
0 228
9 289
3 227
14 25
0 82
8 74
5 407
6 317
10 319
6 316
13 207
1 3040
8 156
4 134
1 2416
13 31
9 232
9 251
5 269
3 253
12 33
5 348
1 1403
13 251
13 364
11 340
0 245
3 9
5 169
9 260
8 136
13 287
14 333
2 153
14 358
3 105
11 147
7 313
4 325
------------------
output_vector_after
67
operator_revise_array
9 52
5 172
------------------
output_vector_after
10
operator_revise_array
4 5
14 278
3 79
13 387
4 132
1 2704
14 291
4 42
2 3054
5 379
2 1172
13 367
13 226
12 361
2 1851
11 285
10 346
5 62
0 326
4 30
1 2629
5 215
5 253
9 362
11 245
6 230
13 118
0 252
4 218
12 352
2 1080
10 33
------------------
output_vector_after
6
operator_revise_array
2 852
6 241
3 16
13 143
9 279
8 198
14 115
14 280
11 207
11 30
2 1713
9 408
5 238
8 312
6 204
10 333
6 141
14 190
11 358
12 325
11 313
11 321
11 106
2 1050
1 845
2 1890
7 189
2 3305
14 159
12 189
6 229
7 108
------------------
output_vector_after
40
operator_revise_array
3 266
5 104
0 242
14 171
10 186
0 9
11 198
7 216
13 249
1 309
2 774
6 308
11 337
12 190
0 211
7 103
------------------
output_vector_after
9
operator_revise_array
11 140
3 225
6 328
8 279
0 329
3 55
5 167
2 1031
6 345
13 59
14 353
14 399
4 389
1 2131
0 62
3 70
------------------
output_vector_after
40
operator_revise_array
3 355
13 186
------------------
output_vector_after
10
operator_revise_array
3 76
8 336
14 232
9 327
12 103
11 298
11 351
14 46
5 122
6 61
4 203
10 80
11 400
14 128
1 1800
12 398
12 325
2 2177
5 305
14 55
7 394
1 277
2 717
10 413
12 360
9 359
3 236
9 274
0 166
9 307
1 41
8 38
12 237
12 376
1 1283
6 287
10 7
4 227
12 184
5 420
9 114
11 84
1 2432
3 406
10 290
10 245
13 137
7 207
11 33
9 378
11 323
13 391
14 224
6 228
8 392
4 341
3 232
14 213
12 396
8 392
7 266
10 178
12 69
3 21
------------------
output_vector_after
40
operator_revise_array
2 589
2 1948
2 2824
13 90
4 148
7 39
12 56
13 226
6 292
14 229
1 2524
13 262
4 72
13 297
5 132
1 2400
2 212
13 27
1 423
10 233
4 23
13 290
10 207
11 51
6 42
2 1568
13 80
0 142
6 32
3 92
10 108
6 284
------------------
output_vector_after
10
operator_revise_array
5 123
8 225
10 229
14 221
3 235
1 1436
4 16
0 220
6 249
14 145
2 29
2 294
3 181
14 266
5 248
10 330
3 159
12 355
5 247
3 323
12 409
4 108
13 8
6 76
13 279
8 21
4 245
5 288
4 190
10 19
5 173
12 79
------------------
output_vector_after
40
operator_revise_array
6 291
10 87
12 215
2 600
9 317
5 135
4 41
8 232
7 189
13 88
4 166
10 39
1 1781
2 2103
5 26
10 118
3 210
10 255
5 87
6 236
2 1408
4 91
12 84
12 283
7 2
2 1772
11 105
8 362
4 236
5 282
1 752
5 46
------------------
output_vector_after
40
operator_revise_array
2 113
5 21
3 142
0 126
1 2417
1 1379
13 329
3 305
2 2164
10 231
4 382
8 104
0 162
1 572
14 280
3 107
------------------
output_vector_after
10
operator_revise_array
10 85
5 285
12 152
9 324
9 13
3 348
7 344
11 142
8 281
2 653
14 287
10 62
10 56
13 216
3 356
9 87
------------------
output_vector_after
40
operator_revise_array
13 210
1 2090
------------------
output_vector_after
59
operator_revise_array
2 2318
13 96
0 156
13 87
8 57
6 134
6 309
3 12
13 173
11 13
6 121
13 21
2 1367
14 154
11 8
11 201
------------------
output_vector_after
59
operator_revise_array
0 385
0 88
14 133
8 75
------------------
output_vector_after
10
operator_revise_array
14 139
11 122
3 158
1 924
------------------
output_vector_after
67
operator_revise_array
1 896
1 2020
12 211
12 186
4 46
0 361
8 333
12 382
9 380
11 253
14 323
2 3040
0 255
0 287
14 224
8 99
0 150
2 2639
1 1566
4 389
2 1764
11 393
4 230
8 213
2 1836
4 12
1 2884
9 352
1 2510
4 209
11 46
7 8
------------------
output_vector_after
67
operator_revise_array
13 32
7 76
7 331
4 271
0 312
9 14
5 227
3 314
------------------
output_vector_after
59
operator_revise_array
9 340
2 2197
1 267
4 20
13 162
3 67
13 185
7 126
9 23
5 225
5 252
7 265
4 225
7 78
11 13
7 340
14 100
13 349
0 179
3 174
8 64
11 179
8 312
8 104
6 216
0 208
14 271
6 226
1 2332
6 58
4 246
1 597
8 18
11 244
3 120
14 292
4 220
5 337
14 170
5 256
10 393
4 237
11 266
12 39
3 41
1 2191
2 119
0 367
13 44
7 37
13 219
9 346
13 269
8 290
13 204
0 159
8 181
3 79
9 64
14 276
8 304
11 147
13 124
14 33
------------------
output_vector_after
73
operator_revise_array
4 319
10 54
8 369
5 174
10 284
11 58
8 8
9 224
------------------
output_vector_after
40
operator_revise_array
1 3030
9 144
13 220
4 249
12 10
2 1745
0 118
6 69
------------------
output_vector_after
10
operator_revise_array
14 278
4 322
10 366
5 118
------------------
output_vector_after
40
operator_revise_array
7 209
14 133
7 18
3 88
2 2912
14 283
12 31
5 234
------------------
output_vector_after
63
operator_revise_array
0 301
8 167
7 295
3 267
7 385
5 146
1 42
8 357
9 108
8 227
7 64
2 1383
0 350
4 153
7 252
14 105
7 41
1 1361
12 227
1 274
0 304
9 327
5 306
2 2586
10 112
9 243
8 190
7 245
7 235
11 229
2 2170
7 71
------------------
output_vector_after
10
operator_revise_array
1 1729
3 213
1 1973
0 155
1 2187
14 118
6 256
14 38
10 318
14 324
6 399
11 386
5 14
14 27
14 192
0 325
------------------
output_vector_after
67
operator_revise_array
1 113
6 199
7 315
9 256
10 339
7 18
6 303
0 348
10 138
4 4
8 96
14 150
9 124
6 386
14 36
8 195
------------------
output_vector_after
40
operator_revise_array
13 179
4 74
------------------
output_vector_after
10
operator_revise_array
0 322
9 307
7 243
2 3061
7 348
3 221
12 287
2 1555
6 124
4 84
6 300
5 220
0 13
6 117
4 360
3 90
2 581
12 123
8 126
5 227
3 338
5 81
3 97
3 341
14 331
6 265
4 149
14 380
14 344
14 258
14 64
3 431
------------------
output_vector_after
40
operator_revise_array
14 244
14 93
13 165
8 161
12 105
13 87
8 122
7 185
13 28
14 248
2 2076
8 144
3 278
13 37
10 147
3 274
------------------
output_vector_after
40
operator_revise_array
1 1217
6 388
5 73
8 124
------------------
output_vector_after
2
operator_revise_array
1 1981
14 175
3 366
4 313
11 170
5 370
13 9
3 210
7 319
3 323
14 353
2 2038
12 187
10 291
8 356
5 293
------------------
output_vector_after
59
operator_revise_array
3 180
7 7
7 184
12 142
10 351
10 209
10 327
3 160
------------------
output_vector_after
40
operator_revise_array
10 57
0 50
6 40
1 3022
8 317
14 10
9 39
8 329
3 292
8 238
13 149
13 81
6 300
4 350
3 52
10 102
------------------
output_vector_after
67
operator_revise_array
2 2368
2 1733
10 357
6 214
0 213
1 871
1 1475
1 1909
6 201
1 468
7 63
10 32
2 538
13 362
5 352
13 327
------------------
output_vector_after
59
operator_revise_array
14 83
8 45
------------------
output_vector_after
67
operator_revise_array
8 145
4 170
14 31
3 130
8 335
5 395
14 69
11 303
------------------
output_vector_after
40
operator_revise_array
12 277
9 20
14 226
3 230
------------------
output_vector_after
40
operator_revise_array
13 238
1 1992
------------------
output_vector_after
67
operator_revise_array
3 84
13 119
4 276
7 216
4 162
5 205
0 320
0 217
13 238
7 330
6 335
5 80
13 289
2 428
1 1868
12 89
12 342
9 351
8 263
2 2802
10 232
2 816
2 1876
5 278
5 92
11 263
13 91
12 168
12 284
8 6
7 171
6 37
------------------
output_vector_after
67
operator_revise_array
6 26
14 64
0 329
8 370
2 2917
13 244
2 2485
13 202
0 126
3 24
13 272
4 251
2 1429
6 316
4 166
0 261
1 152
7 135
12 274
0 202
9 272
11 294
12 270
14 205
9 56
1 1692
14 318
10 312
6 210
13 98
13 294
13 217
------------------
output_vector_after
67
operator_revise_array
7 64
0 282
9 193
11 61
5 227
12 255
9 193
7 280
5 303
4 226
7 386
8 131
5 158
4 219
2 1502
13 202
------------------
output_vector_after
67
operator_revise_array
1 2768
11 145
1 2219
13 230
------------------
output_vector_after
10
operator_revise_array
5 277
0 349
8 75
6 267
7 306
2 305
13 242
11 166
6 13
12 310
13 244
11 45
7 190
7 230
0 320
10 111
4 358
7 302
3 14
4 215
3 287
12 192
11 197
12 338
4 37
6 90
9 100
9 33
12 115
6 337
12 286
8 107
------------------
output_vector_after
67
operator_revise_array
0 95
0 30
11 34
7 29
3 347
10 52
7 224
10 89
3 12
3 24
5 327
3 327
13 306
6 22
13 28
13 107
------------------
output_vector_after
67
operator_revise_array
14 204
5 113
------------------
output_vector_after
59
operator_revise_array
5 119
7 207
14 316
7 352
10 323
10 300
9 69
8 150
10 355
9 386
10 214
6 249
7 404
6 56
14 86
12 4
------------------
output_vector_after
67
operator_revise_array
12 248
0 233
11 374
5 38
12 358
1 2665
3 232
9 89
4 147
14 324
13 316
3 84
8 286
3 38
13 304
9 216
1 1576
13 99
12 111
2 542
8 84
9 18
14 164
13 125
7 266
7 96
9 79
7 138
9 242
8 205
14 76
0 130
------------------
output_vector_after
67
operator_revise_array
3 377
12 327
10 247
13 153
7 18
8 205
11 256
1 2420
1 3011
3 134
0 284
9 107
7 70
6 114
11 224
5 157
6 25
10 17
1 640
1 1490
8 160
13 260
8 257
1 2215
9 27
11 339
5 124
0 215
14 335
6 95
0 161
8 136
------------------
output_vector_after
40
operator_revise_array
11 151
1 2059
4 386
12 165
12 317
8 341
14 277
12 231
------------------
output_vector_after
40
operator_revise_array
10 95
3 33
7 351
14 230
7 52
11 253
12 9
4 19
10 159
12 180
4 79
0 302
10 246
6 174
14 416
9 264
------------------
output_vector_after
59
operator_revise_array
7 100
7 273
5 40
13 261
------------------
output_vector_after
40
operator_revise_array
3 317
12 13
7 353
10 143
6 99
2 2197
7 206
7 188
12 92
5 55
3 39
2 1073
1 795
7 185
13 187
1 1019
------------------
output_vector_after
46
operator_revise_array
3 55
13 383
8 163
13 62
11 305
1 2381
14 102
1 1001
7 156
7 363
6 154
3 311
5 65
2 1044
0 185
2 2772
2 884
12 70
12 321
13 120
9 372
11 65
0 53
13 231
3 107
13 80
6 226
4 309
9 31
7 50
9 50
9 8
7 6
13 133
10 258
12 133
12 242
11 213
13 221
4 81
7 28
10 106
10 262
1 1336
7 177
2 2197
4 184
4 219
2 313
2 1238
10 207
9 257
10 219
5 246
14 57
12 131
8 298
3 226
10 17
11 41
10 124
1 303
12 114
9 93
4 187
8 37
1 1634
14 56
12 140
12 119
6 277
10 5
7 119
6 110
2 1597
12 288
1 2119
11 264
4 277
8 207
11 255
10 194
3 6
3 283
4 235
1 1838
0 139
14 112
10 218
13 76
5 155
6 4
11 251
0 157
9 57
12 122
7 84
14 124
7 314
9 234
1 365
6 346
5 359
2 1852
13 22
7 341
9 91
8 105
6 313
13 170
3 243
9 306
1 102
1 1867
4 230
6 323
2 1910
0 251
14 108
0 145
5 138
8 271
12 142
2 2609
6 309
7 239
2 644
2 2236
------------------
output_vector_after
59
operator_revise_array
7 292
7 63
8 367
3 8
3 153
11 154
13 6
5 144
------------------
output_vector_after
40
operator_revise_array
13 174
14 226
7 80
14 269
9 51
10 221
3 41
0 433
------------------
output_vector_after
59
operator_revise_array
11 30
9 251
10 224
0 198
9 104
2 1440
14 218
3 137
9 312
3 87
11 329
4 298
1 1927
13 173
7 199
12 174
------------------
output_vector_after
59
operator_revise_array
0 330
5 251
7 248
7 331
0 9
10 186
3 126
12 65
9 129
5 301
13 177
11 367
12 243
11 189
9 186
9 214
12 143
4 125
12 212
2 2484
9 47
0 32
4 100
4 104
4 80
12 248
6 324
4 7
4 235
5 340
0 293
11 212
------------------
output_vector_after
10
operator_revise_array
12 143
3 109
8 185
11 305
2 2795
6 8
9 242
2 1205
2 2630
13 292
10 125
6 193
6 8
11 236
2 2380
1 329
9 223
11 285
2 481
12 41
2 701
11 7
3 137
6 223
2 2645
5 50
9 227
4 22
14 135
6 375
2 1905
4 29
0 245
11 280
12 132
3 304
0 266
5 35
10 322
5 30
1 2459
1 884
3 161
2 146
12 232
0 105
9 165
13 26
13 159
11 26
1 317
2 2324
0 198
9 319
11 226
4 199
12 171
12 303
11 24
4 57
7 307
9 36
10 53
10 365
------------------
output_vector_after
40
operator_revise_array
5 204
10 377
6 97
13 58
14 352
4 123
5 260
1 987
7 266
0 44
5 53
9 71
11 65
6 212
11 125
0 340
7 333
2 751
6 256
11 199
6 145
8 149
11 333
13 59
3 172
3 92
13 24
12 63
3 298
5 319
4 145
1 2475
------------------
output_vector_after
40
operator_revise_array
7 307
1 1363
7 172
0 307
7 137
11 156
10 59
12 306
7 151
9 302
0 183
11 132
0 355
1 2827
3 71
10 370
------------------
output_vector_after
59
operator_revise_array
12 31
14 34
5 378
10 245
2 2172
14 4
13 190
0 238
------------------
output_vector_after
73
operator_revise_array
8 314
13 53
11 265
10 308
10 98
8 165
8 48
8 339
12 193
2 1669
6 78
12 380
7 41
6 221
0 83
14 284
------------------
output_vector_after
67
operator_revise_array
10 54
13 35
3 167
10 185
13 81
2 569
11 196
2 1425
6 330
6 281
7 259
13 157
5 49
12 75
1 620
9 289
0 129
7 106
1 896
8 19
4 69
11 258
8 281
3 91
6 281
9 175
0 77
10 319
9 17
12 85
5 195
14 197
------------------
output_vector_after
40
operator_revise_array
2 1363
10 105
14 7
5 88
1 1200
14 48
10 135
1 347
13 126
3 208
13 317
14 190
4 47
11 101
7 214
2 1769
13 304
9 225
3 323
3 21
11 322
4 43
3 279
8 287
6 249
0 267
5 91
1 457
13 250
3 180
0 376
10 151
------------------
output_vector_after
40
operator_revise_array
2 2106
0 232
------------------
output_vector_after
59
operator_revise_array
7 147
8 255
0 307
14 236
10 243
7 285
13 238
12 190
------------------
output_vector_after
40
operator_revise_array
0 229
1 2336
0 304
12 140
13 32
5 121
0 160
2 971
------------------
output_vector_after
67
operator_revise_array
6 123
12 224
3 209
13 39
4 37
2 709
10 167
13 5
12 258
11 168
2 180
0 210
12 19
5 159
4 131
5 18
12 53
0 249
8 72
4 184
5 277
2 1620
1 2098
13 91
10 35
0 172
0 310
6 202
12 250
1 1824
4 129
14 241
------------------
output_vector_after
59
operator_revise_array
1 2559
0 259
14 37
8 6
------------------
output_vector_after
9
operator_revise_array
7 174
9 216
1 2694
11 124
4 282
8 18
1 952
4 137
------------------
output_vector_after
59
operator_revise_array
5 366
5 14
0 69
8 301
------------------
output_vector_after
40
operator_revise_array
12 344
10 344
2 2353
3 347
13 360
7 11
8 269
3 334
4 62
2 461
5 160
11 212
12 197
2 328
1 2850
5 132
------------------
output_vector_after
59
operator_revise_array
14 254
3 48
5 109
5 8
------------------
output_vector_after
46
operator_revise_array
14 298
3 123
7 284
11 249
8 234
6 246
14 24
3 8
6 19
9 203
10 305
14 282
1 2872
6 345
3 335
12 127
------------------
output_vector_after
65
operator_revise_array
11 259
10 80
4 376
9 242
9 195
7 310
0 188
1 964
12 344
14 169
8 163
8 36
8 307
5 250
3 311
6 236
3 139
13 235
7 85
14 366
10 278
10 370
12 113
7 71
0 265
4 386
12 228
10 200
2 2064
0 20
1 2485
5 22
------------------
output_vector_after
67
operator_revise_array
2 612
14 34
0 85
14 382
14 78
14 305
0 74
13 234
------------------
output_vector_after
10
operator_revise_array
14 141
10 199
11 229
13 319
1 2919
5 264
14 358
2 2058
2 1595
4 197
13 369
0 291
1 2620
2 1208
12 235
13 339
9 78
4 72
14 202
10 39
9 23
9 377
13 75
9 168
6 222
5 382
14 223
0 287
13 188
7 45
11 309
10 348
9 334
9 146
3 96
3 178
6 26
3 235
14 336
13 25
12 48
13 324
9 311
0 289
5 204
6 144
1 2926
13 73
14 43
9 325
7 144
8 317
2 289
2 2059
10 272
14 71
5 132
5 21
6 373
6 76
7 94
0 212
0 323
9 205
------------------
output_vector_after
10
operator_revise_array
2 389
8 69
5 363
9 10
8 178
0 320
10 345
14 102
0 134
3 293
4 285
5 221
6 412
14 310
5 286
12 150
10 145
12 148
12 253
12 144
10 131
7 43
4 200
2 473
7 125
2 1375
13 23
10 16
14 45
5 166
2 331
4 361
------------------
output_vector_after
40
operator_revise_array
13 89
4 253
2 787
13 37
6 258
1 1856
6 334
3 145
11 51
3 199
14 33
3 12
13 196
13 20
7 206
12 312
5 171
7 143
13 206
1 2408
7 113
11 33
14 20
12 316
2 1066
14 299
13 339
2 839
3 81
4 309
12 165
9 263
------------------
output_vector_after
59
operator_revise_array
11 364
6 119
4 76
14 239
5 259
6 26
11 82
2 1358
3 171
8 206
1 1627
2 2550
8 30
4 254
13 95
1 2827
0 171
4 236
9 109
13 278
6 126
0 345
13 140
0 27
13 225
0 237
14 140
0 232
10 241
9 271
3 203
12 35
11 98
9 85
0 346
9 90
1 2349
3 196
0 162
0 137
6 266
11 74
7 136
5 157
7 23
2 2401
10 331
11 315
8 139
5 300
11 111
13 3
14 218
10 66
9 299
12 318
2 2433
2 1314
10 284
11 217
9 203
0 151
12 68
0 342
------------------
output_vector_after
40
operator_revise_array
3 230
12 270
5 254
7 28
14 106
14 324
4 199
9 19
4 385
1 1985
11 403
14 299
8 415
4 428
2 1185
3 358
13 132
8 23
7 81
9 35
3 67
12 301
10 96
4 418
2 1140
2 2753
3 373
10 412
14 32
13 171
2 1940
3 115
14 75
3 284
0 105
7 409
9 55
10 282
5 117
6 319
3 151
4 122
10 167
9 346
4 434
2 275
4 56
0 380
4 289
3 360
11 376
0 123
12 38
11 226
2 3139
6 420
10 242
9 232
13 24
5 368
1 3395
0 353
4 144
7 73
------------------
output_vector_after
40
operator_revise_array
1 870
4 137
3 107
12 197
2 1147
10 354
3 64
9 24
7 342
6 297
9 299
4 273
14 292
0 121
9 81
4 219
13 233
6 242
6 282
6 310
6 84
10 77
4 288
5 247
1 1133
6 172
12 298
1 1142
0 88
6 120
12 281
2 1898
------------------
output_vector_after
40
operator_revise_array
9 109
13 356
5 158
5 129
3 49
13 83
0 212
14 168
1 351
12 279
8 177
8 355
6 298
1 1889
10 131
0 159
1 2287
12 75
2 160
5 365
7 292
9 260
5 179
2 1359
5 271
4 214
6 333
2 1295
3 225
7 291
6 31
6 296
------------------
output_vector_after
67
operator_revise_array
6 305
11 321
13 253
6 327
14 203
12 385
9 177
2 1097
5 327
12 356
6 363
8 356
1 730
6 235
4 201
9 263
------------------
output_vector_after
9
operator_revise_array
3 81
10 94
2 508
4 361
4 143
13 41
4 359
6 96
3 19
1 1538
0 287
2 999
12 184
12 6
7 22
5 12
3 256
8 255
2 2873
6 174
0 103
1 2974
3 92
5 347
7 161
3 146
14 65
13 320
13 50
5 213
10 191
0 247
4 299
0 10
4 215
13 125
10 279
8 290
14 177
11 113
6 104
2 284
7 63
5 122
8 157
2 902
0 106
1 716
8 320
0 303
3 96
11 349
12 113
5 322
7 19
9 183
11 234
2 916
12 308
14 183
2 1098
4 321
10 42
0 200
0 212
8 19
12 304
10 159
3 270
1 813
10 258
10 40
2 428
0 250
4 51
7 186
13 328
7 171
2 2186
0 273
8 332
1 2166
13 308
8 92
8 221
8 209
11 131
2 526
14 191
7 97
3 50
8 185
13 40
14 312
4 47
8 248
7 156
4 235
6 222
13 209
0 238
9 111
1 1064
6 227
11 89
1 1095
2 2598
6 317
12 136
10 269
7 254
7 109
9 156
11 280
12 183
2 809
3 151
12 285
5 150
9 99
6 7
8 311
5 283
2 367
2 1775
11 74
0 4
10 100
------------------
output_vector_after
40
operator_revise_array
4 361
14 299
13 284
14 308
10 37
7 279
14 190
8 157
13 355
11 232
12 44
11 412
1 1622
7 32
12 363
2 1144
3 15
0 47
9 59
1 2394
9 216
7 194
3 202
5 355
11 63
1 1051
10 7
4 97
6 321
12 249
11 315
12 296
0 247
14 288
11 33
4 144
4 399
13 303
4 38
4 311
5 291
4 160
9 73
1 2263
0 124
11 12
12 157
12 42
9 264
11 163
4 269
12 397
8 40
3 141
10 237
2 2902
13 71
0 219
8 303
7 87
6 331
3 368
2 234
14 138
------------------
output_vector_after
2
operator_revise_array
9 108
6 212
13 193
5 28
11 196
11 227
1 2811
6 196
13 78
6 261
9 68
7 220
0 272
12 88
13 29
12 41
------------------
output_vector_after
10
operator_revise_array
2 317
5 37
3 235
5 325
8 369
13 65
12 318
11 223
------------------
output_vector_after
40
operator_revise_array
7 119
4 228
8 130
13 196
12 18
13 21
7 39
14 40
11 66
3 145
14 341
10 363
6 153
14 16
1 768
9 368
7 89
7 17
11 286
10 154
2 2297
0 146
0 248
9 66
2 2560
13 50
14 186
13 268
0 13
1 1636
2 2718
1 128
5 285
8 60
9 393
2 3264
13 317
4 243
3 105
14 136
5 105
2 1816
6 351
6 206
3 52
0 211
2 920
7 17
9 218
6 203
14 294
6 6
5 125
4 293
0 67
11 306
2 2737
6 179
10 93
2 3331
5 21
3 242
3 302
5 88
------------------
output_vector_after
67
operator_revise_array
6 142
9 222
------------------
output_vector_after
40
operator_revise_array
1 1461
2 1409
8 36
13 237
------------------
output_vector_after
59
operator_revise_array
1 2529
12 247
2 108
11 202
1 1015
4 351
12 213
5 167
3 314
10 369
11 174
13 385
8 193
2 1340
10 152
0 145
------------------
output_vector_after
40
operator_revise_array
1 1111
8 378
5 181
5 316
3 298
11 181
14 189
3 137
------------------
output_vector_after
40
operator_revise_array
2 1158
6 325
1 601
11 107
11 306
11 46
1 798
5 282
------------------
output_vector_after
40
operator_revise_array
14 146
1 759
4 36
2 2559
14 167
8 280
8 22
4 259
------------------
output_vector_after
9
operator_revise_array
2 2074
11 176
3 377
0 31
13 269
11 75
7 311
8 83
9 66
7 323
8 14
2 1974
14 16
10 321
11 260
11 320
6 5
2 931
7 45
1 1122
9 196
11 230
13 265
12 324
3 277
8 285
0 82
2 48
6 342
0 121
12 306
11 52
------------------
output_vector_after
59
operator_revise_array
7 209
7 198
0 256
14 68
------------------
output_vector_after
67
operator_revise_array
9 50
4 217
8 326
7 295
5 271
8 338
2 2471
13 146
------------------
output_vector_after
40
operator_revise_array
12 178
6 216
2 1483
1 753
------------------
output_vector_after
67
operator_revise_array
14 227
6 167
2 1444
5 107
------------------
output_vector_after
40
operator_revise_array
7 191
11 174
12 23
4 205
8 288
3 157
0 367
14 204
------------------
output_vector_after
40
operator_revise_array
14 146
0 106
12 49
14 317
12 409
14 295
7 41
14 234
4 353
3 144
12 191
1 3670
10 165
6 171
9 217
8 51
11 324
1 3600
2 3238
13 188
3 276
10 297
1 3099
10 45
11 136
8 177
8 145
7 428
11 148
3 307
3 430
0 186
8 191
5 217
1 2564
1 2778
1 1816
11 142
13 403
2 3032
0 411
4 336
11 329
12 138
0 8
4 92
8 343
5 385
3 394
10 404
7 317
9 322
14 424
7 248
6 447
14 427
2 1873
14 374
2 3101
1 159
5 354
2 1804
10 266
11 244
------------------
output_vector_after
67
operator_revise_array
6 170
0 212
7 175
0 213
------------------
output_vector_after
65
operator_revise_array
12 62
12 88
3 137
6 382
12 135
10 321
1 2255
13 89
------------------
output_vector_after
78
operator_revise_array
7 105
4 80
14 202
8 306
0 16
8 267
7 65
14 276
8 39
13 142
4 42
10 106
14 284
6 129
4 116
2 3280
------------------
output_vector_after
73
operator_revise_array
13 293
8 18
0 139
9 284
0 3
0 40
14 127
3 337
1 2015
9 134
1 2327
6 76
1 1046
12 47
2 193
6 215
------------------
output_vector_after
10
operator_revise_array
7 373
11 70
11 168
14 308
14 56
2 184
11 112
2 3060
1 898
4 56
6 166
1 472
6 300
9 276
3 55
4 360
4 38
1 557
1 723
8 426
2 3209
12 78
5 190
14 246
12 72
1 2441
6 433
2 649
0 279
1 3146
3 178
0 22
1 1745
10 259
4 95
8 72
5 408
4 57
13 5
4 13
3 134
8 237
0 214
5 103
11 395
3 355
6 192
1 998
9 244
13 124
5 308
8 406
2 1820
9 258
13 330
5 340
11 279
12 212
2 2113
3 295
11 146
0 320
7 175
1 3088
------------------
output_vector_after
10
operator_revise_array
2 1792
14 198
1 1482
9 177
13 185
10 36
10 268
0 140
14 308
13 66
11 225
14 71
9 119
1 941
9 254
3 324
------------------
output_vector_after
40
operator_revise_array
2 440
8 383
9 19
5 329
8 221
10 136
9 370
12 317
7 12
11 59
12 170
13 179
0 130
8 5
2 1192
3 159
------------------
output_vector_after
40
operator_revise_array
4 344
10 132
14 50
13 160
3 344
8 123
4 309
14 19
3 331
11 16
11 356
0 383
4 218
7 305
14 154
4 215
2 2906
0 404
6 83
13 285
13 52
10 152
11 177
9 323
13 136
6 248
11 197
14 67
1 1154
10 322
1 424
1 2725
10 259
12 343
0 281
0 361
11 345
4 344
10 51
2 1400
9 157
8 192
7 261
8 291
8 348
12 360
12 233
13 59
2 1531
5 88
14 292
4 93
1 2556
7 59
5 207
12 293
14 373
13 33
13 269
12 336
5 289
10 338
11 241
0 325
------------------
output_vector_after
40
operator_revise_array
10 109
0 225
7 215
12 95
4 314
9 318
4 364
13 208
9 264
4 132
3 306
14 88
0 317
10 366
2 1391
14 152
6 310
8 381
9 59
2 1979
5 180
6 331
0 291
3 51
12 333
11 383
7 147
14 120
9 53
6 116
5 77
2 1503
------------------
output_vector_after
59
operator_revise_array
7 246
10 4
11 135
14 347
6 148
8 334
14 325
13 103
------------------
output_vector_after
67
operator_revise_array
5 301
2 281
5 300
6 92
12 226
6 367
4 344
6 19
7 27
7 165
2 1608
8 347
10 309
6 111
0 108
11 96
------------------
output_vector_after
10
operator_revise_array
12 202
4 101
1 2761
10 214
2 2487
3 309
3 350
3 9
2 2693
4 364
3 94
6 207
14 123
9 36
4 399
0 73
7 209
10 280
2 1500
9 336
10 276
13 164
6 20
13 277
13 178
12 110
5 272
14 192
8 80
10 352
5 171
0 173
------------------
output_vector_after
40
operator_revise_array
12 121
3 154
11 96
8 173
8 356
3 239
5 280
14 306
12 52
0 222
14 131
14 27
11 300
1 2196
13 397
10 83
------------------
output_vector_after
9
operator_revise_array
0 164
14 70
------------------
output_vector_after
40
operator_revise_array
0 161
8 38
12 370
6 354
6 39
2 2760
0 325
10 8
2 513
4 37
4 364
6 298
12 43
9 216
14 368
14 295
------------------
output_vector_after
40
operator_revise_array
1 474
10 310
3 192
4 220
8 71
4 179
10 208
11 226
1 621
8 66
3 176
13 325
8 236
4 156
12 92
8 241
------------------
output_vector_after
40
operator_revise_array
2 2859
14 235
------------------
output_vector_after
10
operator_revise_array
11 34
9 101
4 222
11 124
1 1473
0 264
13 7
6 117
12 61
9 49
10 200
3 260
0 265
1 1748
0 164
6 15
8 232
2 2904
9 313
9 185
8 329
4 248
1 1695
4 246
5 53
3 54
10 160
5 129
14 242
4 289
5 163
4 358
------------------
output_vector_after
40
operator_revise_array
11 109
8 176
13 308
8 368
0 140
0 62
14 265
3 50
5 288
11 152
3 211
11 280
14 87
1 2625
5 124
6 382
------------------
output_vector_after
10
operator_revise_array
14 165
8 22
14 19
4 266
8 95
2 67
7 248
9 338
5 32
7 140
7 210
3 21
13 207
14 115
10 304
3 38
2 2290
12 198
11 298
13 323
1 595
8 54
14 61
0 299
13 185
6 354
9 131
3 376
5 34
10 26
0 386
10 286
7 47
12 339
8 327
1 2159
5 14
8 62
7 59
4 107
14 237
2 3234
6 109
9 214
10 145
3 220
10 299
12 166
8 256
1 710
0 228
14 399
7 197
7 406
4 28
13 219
10 147
7 66
13 201
4 42
12 301
3 222
9 55
13 144
0 250
14 357
5 27
14 121
11 289
3 86
12 173
10 422
12 76
4 371
0 80
2 2124
8 4
14 402
8 379
12 317
2 2230
11 230
13 90
6 144
2 1619
10 46
1 2245
3 208
7 91
11 6
11 196
14 325
11 297
13 270
14 208
12 75
1 3335
14 81
7 189
7 239
9 36
5 186
14 395
1 204
2 3036
10 20
6 169
8 458
13 222
5 161
12 254
12 21
13 334
0 77
7 441
7 4
9 11
0 67
4 291
2 2027
12 11
10 124
3 349
9 228
0 402
6 349
1 180
5 84
------------------
output_vector_after
59
operator_revise_array
4 364
13 244
0 18
0 66
11 86
8 106
8 313
7 11
------------------
output_vector_after
67
operator_revise_array
9 116
11 147
13 203
0 140
5 189
2 1761
5 174
14 335
------------------
output_vector_after
59
operator_revise_array
14 30
11 388
------------------
output_vector_after
40
operator_revise_array
11 38
14 322
9 389
2 1976
7 57
0 348
13 63
11 384
8 337
9 318
2 2688
6 226
12 38
11 382
4 240
7 347
1 256
12 155
13 347
8 75
12 39
8 51
4 101
4 66
6 315
3 250
0 320
10 214
13 196
14 291
5 246
7 63
1 159
12 279
13 304
7 333
12 177
9 69
0 340
10 128
9 172
10 42
13 204
6 332
4 287
9 316
8 211
12 77
13 282
6 166
0 209
4 58
6 213
7 302
10 271
10 119
9 154
6 164
14 118
14 28
12 314
13 104
3 102
1 1999
------------------
output_vector_after
40
operator_revise_array
0 61
9 29
1 2529
4 33
6 346
13 209
4 282
10 307
------------------
output_vector_after
59
operator_revise_array
8 259
14 315
3 118
11 182
2 695
0 304
5 350
14 354
5 80
13 351
5 322
0 118
0 338
11 101
11 294
14 139
------------------
output_vector_after
67
operator_revise_array
3 280
6 222
10 304
10 116
8 233
7 274
5 192
12 115
1 1658
0 185
9 21
11 15
7 256
14 22
14 213
8 22
13 268
12 73
3 343
12 26
12 129
11 96
7 158
0 145
4 361
2 2465
12 165
2 806
8 306
12 281
12 99
4 37
4 215
3 324
8 368
12 67
14 404
7 176
8 256
12 196
2 1183
14 78
3 250
7 293
4 310
13 414
12 30
4 371
7 188
0 305
5 372
11 387
5 271
2 3672
11 424
3 146
8 161
9 107
11 148
12 69
1 1637
9 119
6 128
10 194
------------------
output_vector_after
40
operator_revise_array
4 344
9 260
1 880
9 233
0 74
1 2966
12 258
7 156
11 318
6 374
1 124
1 1979
12 154
9 380
3 199
2 2768
3 140
3 377
1 2728
2 2043
0 40
4 245
11 198
10 234
5 115
14 255
4 248
3 111
7 188
10 271
3 358
11 110
------------------
output_vector_after
10
operator_revise_array
3 156
8 269
4 245
4 276
6 54
9 112
6 224
7 103
7 254
2 864
0 78
7 156
1 2346
6 26
13 335
1 1432
------------------
output_vector_after
9
operator_revise_array
9 163
1 2029
------------------
output_vector_after
67
operator_revise_array
14 321
13 213
7 194
7 121
0 129
3 219
10 42
5 117
------------------
output_vector_after
40
operator_revise_array
5 124
10 301
11 315
2 1643
4 248
10 125
3 219
12 249
4 322
6 151
13 135
10 324
5 73
12 195
1 367
12 20
14 215
4 202
11 167
4 302
0 224
9 221
7 267
0 254
7 357
5 133
7 52
12 213
13 97
7 341
1 2793
3 105
3 350
9 61
2 1001
8 132
6 134
6 110
12 291
13 205
12 97
4 202
9 77
1 1692
0 262
7 164
4 173
7 189
9 181
6 150
0 207
10 197
9 135
8 296
14 259
13 296
8 91
11 202
6 13
11 133
9 241
4 93
12 39
4 173
------------------
output_vector_after
78
operator_revise_array
8 144
4 125
11 133
3 218
0 151
11 176
10 249
7 60
0 148
1 2258
9 375
2 1684
10 323
14 78
1 1060
10 153
------------------
output_vector_after
59
operator_revise_array
2 2728
6 131
4 194
12 241
2 2303
4 16
14 58
1 3251
8 129
14 87
0 177
2 2038
13 355
14 216
12 65
8 166
------------------
output_vector_after
10
operator_revise_array
0 98
2 1663
10 208
9 284
5 9
9 304
12 367
1 2202
6 351
6 186
2 1796
1 391
6 271
3 165
14 311
13 136
5 37
14 314
14 24
0 129
8 216
10 398
9 163
6 397
4 217
2 1156
2 3123
13 205
10 361
1 2340
12 281
8 49
------------------
output_vector_after
40
operator_revise_array
5 301
10 360
10 123
8 68
7 92
6 346
8 267
5 126
4 258
4 281
1 1866
6 338
0 236
11 63
3 367
14 239
------------------
output_vector_after
40
operator_revise_array
4 43
12 353
13 50
3 155
------------------
output_vector_after
9
operator_revise_array
8 196
9 231
6 245
13 299
9 183
12 89
13 185
5 31
5 145
2 768
10 192
13 5
3 151
11 7
13 210
4 274
------------------
output_vector_after
40
operator_revise_array
3 255
11 221
9 331
8 84
8 229
9 218
9 121
13 133
13 306
9 196
2 401
3 60
11 268
11 236
7 147
7 231
------------------
output_vector_after
59
operator_revise_array
10 73
14 264
8 61
13 110
------------------
output_vector_after
40
operator_revise_array
9 49
4 24
9 6
4 232
14 299
0 92
13 307
4 37
4 109
5 163
3 273
7 277
1 2199
7 58
12 72
11 223
------------------
output_vector_after
67
operator_revise_array
2 2066
5 172
------------------
output_vector_after
59
operator_revise_array
8 260
2 2084
------------------
output_vector_after
59
operator_revise_array
14 156
13 228
5 260
6 109
------------------
output_vector_after
40
operator_revise_array
9 362
3 304
4 115
4 153
2 2410
1 1048
4 192
13 231
0 80
2 1258
0 208
5 44
14 218
0 341
12 35
9 23
------------------
output_vector_after
10
operator_revise_array
7 251
2 2154
10 38
2 2981
7 307
14 178
14 42
12 33
5 71
1 24
8 135
0 49
10 42
0 251
8 304
6 152
5 56
4 337
2 2133
4 185
10 61
7 82
3 235
5 359
14 349
0 356
4 35
3 251
2 234
7 216
13 39
3 252
3 81
13 117
11 251
13 262
1 1357
9 275
9 132
0 118
10 109
5 109
8 147
2 2584
8 252
2 1578
0 70
14 234
11 336
5 293
10 262
10 305
2 174
3 240
0 296
0 298
3 255
13 198
1 1250
11 288
6 239
0 280
10 97
3 194
------------------
output_vector_after
40
operator_revise_array
3 301
4 61
5 383
11 8
7 149
13 167
11 29
10 181
------------------
output_vector_after
40
operator_revise_array
5 20
0 82
------------------
output_vector_after
40
operator_revise_array
12 249
13 229
4 295
6 83
9 354
1 749
5 308
3 133
------------------
output_vector_after
67
operator_revise_array
11 242
5 341
5 19
6 165
7 236
2 1816
3 18
7 220
5 133
0 239
6 141
14 316
9 83
6 266
7 151
14 178
------------------
output_vector_after
59
operator_revise_array
12 156
5 339
4 365
0 289
12 94
4 262
14 300
2 1672
7 187
1 1240
4 40
6 165
2 2743
13 29
5 301
4 257
------------------
output_vector_after
9
operator_revise_array
6 21
7 176
7 253
14 269
7 142
3 298
11 270
11 154
------------------
output_vector_after
67
operator_revise_array
2 2867
13 303
10 7
6 215
2 27
14 166
1 3093
2 1422
12 229
5 271
0 127
4 29
1 594
9 257
8 283
13 309
4 332
6 148
11 146
13 184
5 261
2 1081
5 175
1 1981
3 35
14 334
13 138
10 182
0 343
6 193
1 1886
10 177
------------------
output_vector_after
40
operator_revise_array
12 335
0 276
4 75
2 1132
------------------
output_vector_after
46
operator_revise_array
3 109
3 359
3 223
8 338
1 625
8 374
1 1320
0 217
8 183
9 118
3 198
8 86
5 376
12 25
9 230
10 45
7 258
1 275
4 11
2 1516
1 2916
7 293
6 33
4 46
3 207
0 54
1 301
3 340
5 213
12 159
6 327
3 10
------------------
output_vector_after
10
operator_revise_array
2 3104
9 112
9 164
7 150
1 148
12 305
11 247
10 182
13 286
12 116
2 605
0 134
7 152
3 133
14 179
0 107
1 645
12 312
4 31
6 88
3 215
0 218
5 61
2 2095
4 233
13 323
0 74
2 1653
7 373
0 292
0 306
9 343
6 79
0 237
13 37
5 140
8 198
8 311
6 243
8 158
9 220
14 329
9 320
9 418
3 365
8 286
7 340
5 230
1 1248
6 280
1 1795
10 359
6 284
12 369
13 241
2 2703
12 341
5 379
1 405
6 75
5 117
5 91
0 370
12 202
8 324
9 231
13 252
3 238
14 317
12 142
3 263
11 10
1 453
5 81
13 246
10 255
12 158
10 25
0 347
4 73
4 256
8 376
10 364
1 943
7 18
11 353
13 173
2 737
5 264
0 35
4 295
9 54
11 303
7 132
7 306
2 1168
11 172
5 121
4 12
5 7
8 13
14 57
9 231
6 404
9 184
8 392
12 320
11 352
7 61
8 65
9 207
3 404
2 1129
3 417
14 121
6 347
14 391
11 285
11 177
5 287
2 1112
0 34
4 119
14 145
0 29
11 123
4 413
8 36
------------------
output_vector_after
59
operator_revise_array
12 286
14 39
4 329
5 205
10 73
0 196
14 254
3 65
------------------
output_vector_after
10
operator_revise_array
2 624
14 271
------------------
output_vector_after
40
operator_revise_array
13 241
9 182
------------------
output_vector_after
40
operator_revise_array
2 2428
8 76
2 3036
5 316
11 100
5 106
0 251
6 156
7 326
7 231
9 287
3 104
6 32
14 182
7 172
6 134
12 327
12 184
8 200
1 543
0 404
9 71
1 2387
7 123
3 100
3 293
6 61
4 247
2 2687
7 185
11 396
4 411
------------------
output_vector_after
40
operator_revise_array
14 85
8 339
13 17
14 21
6 309
7 256
0 307
5 90
14 28
10 273
14 394
2 814
13 312
5 331
11 226
13 50
13 147
8 217
3 261
0 328
0 69
7 228
11 248
4 186
7 38
3 207
4 278
9 201
1 1749
6 202
14 153
2 1567
------------------
output_vector_after
81
operator_revise_array
11 95
10 313
7 300
4 304
10 63
8 268
5 325
8 83
------------------
output_vector_after
40
operator_revise_array
6 155
3 145
2 367
6 362
7 282
12 109
14 219
3 207
------------------
output_vector_after
9
operator_revise_array
1 469
4 171
7 56
0 94
5 335
10 12
1 1160
9 86
3 277
14 106
11 349
7 358
0 268
12 74
11 243
11 234
3 294
13 333
9 152
6 224
11 285
7 209
5 209
7 94
3 201
4 274
6 76
2 1059
6 369
11 333
0 302
7 309
5 23
10 288
4 49
2 2446
0 213
2 2488
12 84
11 219
4 181
4 124
2 699
6 324
13 113
0 293
14 52
3 378
4 65
5 247
13 387
13 154
11 216
6 45
8 305
4 78
8 303
2 1382
13 189
3 122
10 280
4 211
13 32
6 97
3 35
14 172
3 277
14 66
12 68
2 2362
9 157
9 234
11 351
5 76
0 319
1 1719
3 57
2 1313
13 43
9 12
14 31
8 16
3 383
10 361
2 131
1 1369
14 130
8 46
5 170
11 204
8 379
4 357
7 276
14 148
8 318
8 127
4 137
10 208
3 165
11 376
7 26
4 339
1 1067
3 258
2 2159
0 205
7 293
9 29
6 9
5 374
5 399
12 147
1 467
6 17
3 402
12 286
4 216
9 255
5 89
3 134
12 172
9 268
9 215
13 142
4 51
5 155
2 98
5 315
------------------
output_vector_after
40
operator_revise_array
14 234
11 378
------------------
output_vector_after
73
operator_revise_array
11 295
9 232
5 178
0 290
14 176
3 124
6 25
7 145
13 219
14 103
6 275
6 391
3 332
6 11
12 185
10 284
------------------
output_vector_after
40
operator_revise_array
10 234
5 122
2 689
5 207
3 287
14 102
5 332
7 50
7 115
1 1161
14 24
10 162
12 288
2 2320
6 157
14 309
------------------
output_vector_after
65
operator_revise_array
7 75
0 367
2 2609
9 203
5 190
0 229
12 206
12 171
8 127
7 54
14 110
5 56
11 120
11 333
7 297
3 141
8 203
0 147
0 356
9 253
6 240
4 264
12 169
9 298
13 248
6 188
6 360
11 351
4 387
13 362
14 301
0 165
------------------
output_vector_after
59
operator_revise_array
13 115
11 68
------------------
output_vector_after
46
operator_revise_array
7 238
6 254
7 261
13 265
2 249
10 152
12 60
11 164
6 58
9 274
9 208
0 363
9 278
9 277
10 153
10 50
9 255
10 102
5 282
2 2500
8 176
2 2851
8 114
2 2306
0 266
9 201
11 326
10 197
9 180
7 176
11 287
14 255
9 34
5 353
1 166
3 234
10 15
7 76
10 125
2 1348
8 307
12 379
5 174
3 329
12 196
9 55
5 270
10 318
9 200
4 76
3 226
5 50
9 51
13 217
3 344
3 60
7 370
2 453
7 352
14 133
10 345
5 318
6 84
13 22
------------------
output_vector_after
40
operator_revise_array
14 254
8 251
14 60
13 370
2 2692
8 45
9 324
12 116
------------------
output_vector_after
40
operator_revise_array
1 45
14 7
2 3213
12 33
12 124
12 355
9 392
0 205
------------------
output_vector_after
10
operator_revise_array
7 106
7 3
9 350
0 277
14 224
10 28
4 142
8 16
------------------
output_vector_after
67
operator_revise_array
11 23
7 198
2 1331
13 136
9 227
10 71
9 49
3 219
13 98
2 2231
7 96
5 31
10 206
10 79
2 1761
5 197
------------------
output_vector_after
15
operator_revise_array
10 84
10 163
1 224
14 118
1 673
2 2931
11 237
11 142
10 320
9 300
4 190
10 232
11 98
5 123
7 336
6 69
0 159
12 358
4 96
11 412
8 56
6 196
12 390
10 341
6 310
14 384
9 319
12 46
6 260
14 226
8 201
14 137
------------------
output_vector_after
59
operator_revise_array
9 334
4 152
10 318
8 103
9 68
8 141
14 267
3 67
------------------
output_vector_after
59
operator_revise_array
8 187
5 189
11 307
1 1998
7 261
10 34
5 334
9 41
9 370
4 55
7 6
14 373
8 114
4 36
9 34
10 110
------------------
output_vector_after
46
operator_revise_array
13 88
1 734
6 244
3 34
12 201
7 344
10 88
13 84
11 193
11 94
9 169
13 95
12 348
11 47
2 1709
5 171
2 617
6 197
4 56
4 291
4 206
3 227
6 305
9 307
12 273
2 2355
4 42
13 177
12 122
5 127
10 157
0 166
5 58
7 318
8 293
2 685
12 21
11 185
1 32
8 73
7 181
4 171
12 117
7 330
0 153
5 191
13 74
13 142
5 53
11 71
10 101
4 68
7 187
9 14
2 298
13 210
1 1543
7 5
1 1161
9 30
2 2263
6 14
14 71
4 290
------------------
output_vector_after
67
operator_revise_array
10 153
1 916
2 2168
2 1981
3 359
1 2302
7 278
10 52
2 2806
7 75
12 278
14 317
4 232
4 217
10 17
11 408
------------------
output_vector_after
78
operator_revise_array
11 16
4 45
12 233
7 179
2 449
8 297
3 368
9 81
4 275
13 344
4 213
6 362
13 220
1 766
3 156
4 304
2 1953
12 172
14 83
7 24
0 146
6 8
13 218
3 195
11 144
14 61
7 89
10 341
11 169
0 94
11 105
6 280
9 83
1 2258
0 219
8 207
12 63
14 103
10 75
6 54
2 2290
11 149
6 315
1 2524
1 419
9 235
14 18
6 273
6 357
10 266
8 280
5 144
14 274
9 312
12 156
8 347
14 142
12 358
3 11
4 137
0 31
9 352
10 300
3 307
------------------
output_vector_after
59
operator_revise_array
4 238
3 178
7 19
10 245
0 274
14 108
7 205
13 59
8 310
7 73
6 74
4 198
9 191
11 311
7 116
7 45
------------------
output_vector_after
67
operator_revise_array
1 48
13 3
2 719
9 277
11 198
1 429
0 241
14 144
------------------
output_vector_after
59
operator_revise_array
0 352
6 384
12 90
14 150
------------------
output_vector_after
65
operator_revise_array
5 158
12 116
4 137
7 382
10 286
7 210
10 221
14 55
------------------
output_vector_after
67
operator_revise_array
13 122
9 324
0 100
14 200
------------------
output_vector_after
59
operator_revise_array
0 241
5 359
5 115
7 189
0 142
4 268
7 16
4 338
1 30
3 361
0 296
6 260
12 90
11 355
1 1138
2 2401
------------------
output_vector_after
10
operator_revise_array
8 286
9 124
7 117
5 143
0 26
6 14
4 106
11 101
4 38
12 124
8 200
10 5
7 295
1 2050
13 113
12 334
5 94
7 332
0 381
8 82
8 332
9 361
7 181
8 280
12 345
13 72
1 927
7 6
5 94
13 38
11 28
14 312
14 172
8 240
5 80
7 84
4 46
2 2605
6 159
1 2473
5 236
2 1043
8 291
6 92
1 1961
7 299
13 182
10 95
10 6
8 18
8 64
13 143
9 215
1 2539
0 83
13 170
6 264
10 295
2 1398
1 1741
6 291
8 310
13 115
13 5
------------------
output_vector_after
67
operator_revise_array
0 187
7 367
10 129
4 175
11 384
5 265
12 220
14 347
9 50
11 119
14 154
7 405
9 196
0 271
1 1550
10 196
------------------
output_vector_after
59
operator_revise_array
11 60
9 207
3 173
3 310
0 102
11 171
9 333
7 377
6 366
13 295
6 281
6 306
1 290
9 4
8 300
13 22
9 50
0 180
2 1531
14 310
10 107
12 358
3 222
13 389
0 314
1 1231
12 6
4 310
9 26
0 133
6 175
2 961
------------------
output_vector_after
10
operator_revise_array
13 313
5 205
1 1582
13 343
9 61
9 201
11 337
10 92
7 150
4 151
5 279
11 291
1 29
13 190
5 142
3 323
10 316
2 942
0 116
11 65
12 118
9 86
14 289
1 1336
0 213
2 2788
4 25
2 433
12 134
12 45
9 176
14 314
------------------
output_vector_after
40
operator_revise_array
2 2920
3 148
13 233
3 15
13 129
12 305
3 189
5 276
10 86
12 56
10 240
1 562
4 89
6 303
13 293
8 329
------------------
output_vector_after
40
operator_revise_array
13 222
12 60
14 334
11 5
8 208
1 2734
14 9
10 73
5 272
14 78
2 921
9 265
4 32
1 313
11 348
12 281
------------------
output_vector_after
10
operator_revise_array
3 318
6 17
10 192
10 174
11 64
5 125
1 559
8 210
14 337
12 68
9 344
7 132
5 43
6 211
2 216
13 206
------------------
output_vector_after
67
operator_revise_array
6 243
7 313
8 232
14 46
11 204
12 279
8 223
7 287
11 135
3 106
13 34
9 74
14 240
3 293
12 248
12 352
11 286
9 298
0 78
5 22
9 119
3 55
13 41
13 303
4 209
11 284
2 693
9 292
10 40
4 218
9 157
14 344
------------------
output_vector_after
40
operator_revise_array
12 59
2 1917
14 139
12 397
------------------
output_vector_after
40
operator_revise_array
11 94
2 469
11 95
10 374
13 115
7 355
1 2511
11 351
2 2285
4 344
13 285
14 256
2 1156
2 269
10 240
8 186
------------------
output_vector_after
40
operator_revise_array
9 94
9 304
13 226
5 48
------------------
output_vector_after
59
operator_revise_array
8 152
12 212
13 70
11 293
4 28
2 529
5 107
4 137
------------------
output_vector_after
10
operator_revise_array
7 320
2 58
1 2483
7 103
3 114
1 1957
6 196
7 64
2 330
10 78
0 161
12 353
9 93
7 242
5 265
5 17
10 60
13 306
2 1043
8 156
5 161
5 107
2 2115
12 102
4 38
10 279
8 197
5 247
1 2904
12 217
4 149
5 214
14 356
11 34
6 341
2 2480
6 44
6 306
8 218
1 1440
9 157
7 331
7 104
8 331
1 2495
5 57
11 67
11 78
0 328
10 337
10 301
6 149
4 181
13 105
0 9
5 25
6 48
2 1724
5 5
13 95
13 97
13 237
6 79
7 134
------------------
output_vector_after
2
operator_revise_array
7 84
2 681
4 353
9 220
7 264
5 245
11 31
9 370
6 75
12 385
6 113
13 93
13 336
2 1588
7 64
14 138
------------------
output_vector_after
67
operator_revise_array
6 278
11 166
14 185
11 180
7 246
9 124
0 124
10 373
1 143
2 550
1 269
0 217
13 92
14 41
8 33
2 2931
------------------
output_vector_after
59
operator_revise_array
7 183
13 67
9 145
3 44
------------------
output_vector_after
59
operator_revise_array
11 29
11 271
3 325
14 196
6 35
9 221
3 248
12 245
11 37
11 96
9 376
13 184
12 251
3 294
10 320
2 763
------------------
output_vector_after
40
operator_revise_array
11 168
11 312
8 56
9 240
7 236
3 200
11 335
5 364
7 45
11 235
11 144
12 211
14 378
9 224
10 242
7 355
13 41
2 1145
9 157
3 233
8 164
10 342
6 195
4 55
3 214
12 290
3 209
12 107
6 327
2 2442
5 134
1 787
12 19
11 16
3 371
0 363
8 48
11 63
12 38
6 84
1 1917
2 2175
0 8
3 326
9 166
7 318
4 23
14 4
9 369
1 2222
11 184
6 160
8 92
3 308
12 18
11 293
4 233
6 288
11 306
1 2722
2 1927
8 125
5 373
6 308
------------------
output_vector_after
40
operator_revise_array
0 159
4 88
13 49
11 30
14 131
0 191
7 212
4 271
6 167
3 350
2 1090
4 94
9 139
0 18
2 2394
13 7
1 683
1 622
3 218
12 59
4 83
11 157
3 269
11 87
4 284
5 42
11 245
10 360
4 121
10 271
3 303
5 79
------------------
output_vector_after
40
operator_revise_array
2 612
10 216
4 375
13 214
1 139
0 200
5 89
3 303
------------------
output_vector_after
67
operator_revise_array
12 338
6 25
2 1734
12 219
14 87
2 762
6 153
7 160
6 166
13 144
11 72
10 129
2 875
1 436
0 166
12 102
------------------
output_vector_after
67
operator_revise_array
8 15
14 48
------------------
output_vector_after
67
operator_revise_array
9 32
14 216
3 304
3 43
6 132
3 218
13 241
5 118
------------------
output_vector_after
59
operator_revise_array
13 70
11 351
------------------
output_vector_after
67
operator_revise_array
13 154
10 206
12 119
7 367
13 127
2 2813
3 39
14 68
3 165
7 185
7 381
13 40
7 336
13 248
1 1010
3 41
------------------
output_vector_after
67
operator_revise_array
0 202
14 304
13 263
9 366
3 314
7 118
1 2074
4 210
------------------
output_vector_after
67
operator_revise_array
6 340
6 375
5 365
3 167
13 84
6 300
2 2114
6 19
1 2478
14 139
4 194
11 344
6 44
2 271
7 248
2 184
------------------
output_vector_after
40
operator_revise_array
10 167
4 116
14 122
13 316
------------------
output_vector_after
40
operator_revise_array
4 47
5 76
8 228
11 287
7 162
9 343
12 222
2 558
6 191
2 1179
13 162
7 113
5 183
13 361
2 891
11 329
------------------
output_vector_after
40
operator_revise_array
10 87
12 111
4 234
13 70
10 39
4 251
2 2184
2 1188
------------------
output_vector_after
78
operator_revise_array
1 2677
6 94
8 281
11 44
14 262
4 260
3 274
7 342
------------------
output_vector_after
10
operator_revise_array
3 282
7 201
11 208
5 200
11 355
10 40
10 44
0 27
14 277
7 183
3 41
2 95
3 218
13 224
11 141
13 180
------------------
output_vector_after
59
operator_revise_array
11 167
3 297
14 90
7 318
14 328
3 153
11 317
0 14
------------------
output_vector_after
40
operator_revise_array
10 250
5 19
3 385
9 214
------------------
output_vector_after
70
operator_revise_array
8 290
4 65
12 318
14 198
------------------
output_vector_after
40
operator_revise_array
3 35
13 235
5 328
12 224
4 79
1 1974
3 4
8 75
------------------
output_vector_after
67
operator_revise_array
11 133
5 137
2 2674
7 200
11 31
8 303
9 72
12 24
8 307
1 3046
7 321
9 238
12 153
11 33
7 91
3 21
12 281
5 131
10 87
0 321
11 143
13 246
12 278
12 166
14 205
14 32
8 375
2 2581
6 366
8 14
8 224
1 2304
------------------
output_vector_after
67
operator_revise_array
10 77
10 57
0 145
4 278
2 2448
13 125
1 2222
4 167
------------------
output_vector_after
59
operator_revise_array
4 57
9 177
3 327
5 116
12 288
14 303
2 1788
3 308
------------------
output_vector_after
10
operator_revise_array
0 29
0 191
9 193
13 237
5 246
12 222
9 167
0 82
------------------
output_vector_after
40
operator_revise_array
14 209
3 351
12 227
13 185
1 1036
3 125
12 18
11 7
8 268
7 194
11 306
7 346
7 208
10 175
1 495
6 92
------------------
output_vector_after
10
operator_revise_array
4 148
5 370
0 123
6 6
7 86
3 314
7 348
7 201
11 315
10 178
7 96
8 298
2 326
9 206
2 3034
7 328
8 147
13 144
9 183
14 118
3 235
13 274
12 256
1 1021
14 42
6 244
13 65
6 126
9 12
3 170
12 176
3 248
------------------
output_vector_after
40
operator_revise_array
7 382
8 136
5 355
5 313
6 197
2 84
9 243
9 370
8 330
13 178
5 322
8 363
1 1879
0 25
5 334
8 235
------------------
output_vector_after
40
operator_revise_array
6 128
13 315
14 256
9 75
------------------
output_vector_after
40
operator_revise_array
13 357
11 314
6 27
12 78
1 2398
8 11
14 268
2 1310
------------------
output_vector_after
40
operator_revise_array
11 222
10 387
1 2720
14 213
------------------
output_vector_after
2
operator_revise_array
5 32
13 62
1 453
0 89
11 135
5 155
7 34
9 269
4 96
1 1859
11 159
10 208
8 11
9 158
10 309
4 206
14 175
7 138
9 368
11 382
1 1263
1 619
4 261
4 85
8 116
1 387
10 47
1 153
8 162
12 288
13 264
11 190
5 284
11 61
9 355
5 287
5 237
13 290
13 262
12 6
12 275
0 68
11 202
7 333
10 296
14 202
1 1332
6 264
2 1562
5 139
6 166
14 263
3 143
1 2377
6 117
10 305
8 106
8 173
4 190
3 229
8 316
11 212
5 228
12 332
------------------
output_vector_after
10
operator_revise_array
2 2471
14 216
3 279
8 45
12 194
9 343
0 366
14 199
------------------
output_vector_after
40
operator_revise_array
0 122
13 164
3 229
14 48
------------------
output_vector_after
67
operator_revise_array
12 85
3 158
2 1310
9 299
------------------
output_vector_after
67
operator_revise_array
14 170
3 286
0 52
2 1132
2 1631
6 73
3 165
8 282
------------------
output_vector_after
40
operator_revise_array
3 80
7 258
13 210
9 130
------------------
output_vector_after
59
operator_revise_array
13 241
11 22
9 4
3 137
8 67
6 88
3 79
0 111
------------------
output_vector_after
10
operator_revise_array
3 277
3 152
4 244
11 226
12 40
3 158
14 137
14 291
1 605
13 318
7 74
14 138
14 117
4 243
6 120
8 403
13 244
10 108
9 162
0 190
7 387
12 14
1 1955
1 1432
12 26
3 406
13 271
11 413
8 423
2 1943
8 369
8 307
------------------
output_vector_after
67
operator_revise_array
4 81
14 140
7 416
9 409
------------------
output_vector_after
67
operator_revise_array
13 359
14 80
3 233
12 151
10 339
11 194
7 286
12 315
------------------
output_vector_after
59
operator_revise_array
9 67
14 10
------------------
output_vector_after
59
operator_revise_array
12 190
6 66
10 138
0 382
0 294
8 293
5 44
10 307
5 19
0 270
12 39
12 254
14 85
11 206
5 262
0 29
5 76
5 331
8 384
4 363
2 1734
11 375
10 399
7 87
3 215
13 13
9 213
10 108
8 241
10 140
4 76
0 27
------------------
output_vector_after
40
operator_revise_array
0 299
14 258
8 119
2 880
4 255
4 340
2 2248
13 202
------------------
output_vector_after
67
operator_revise_array
4 371
3 67
12 273
7 172
8 57
5 273
13 217
3 10
8 138
0 134
8 127
7 12
3 61
12 77
7 198
9 3
------------------
output_vector_after
67
operator_revise_array
12 3
0 88
1 3046
2 2418
5 255
1 1271
7 102
3 353
5 308
9 240
10 337
5 292
13 237
7 183
8 207
1 901
------------------
output_vector_after
40
operator_revise_array
9 125
14 277
10 201
0 301
11 315
3 322
9 419
10 63
8 230
1 1328
4 78
1 1201
10 227
13 212
8 361
9 306
2 1173
8 204
12 371
4 156
7 21
0 187
0 68
8 122
13 4
1 280
4 267
2 1917
2 1973
14 22
13 265
14 249
2 2560
13 160
7 220
9 330
3 230
12 280
2 533
0 175
7 89
13 100
11 191
14 108
0 274
9 298
12 394
4 158
3 104
3 262
9 335
14 60
1 1671
9 348
9 15
1 2824
7 56
7 54
4 167
10 169
8 424
14 288
9 341
8 332
------------------
output_vector_after
40
operator_revise_array
9 331
12 229
8 63
7 262
------------------
output_vector_after
67
operator_revise_array
1 1188
10 147
0 157
13 306
13 73
0 340
2 2201
12 224
------------------
output_vector_after
59
operator_revise_array
5 71
12 132
14 116
9 209
12 390
13 48
5 313
1 25
3 198
9 63
14 35
3 177
12 204
13 254
13 127
5 47
11 315
3 6
10 117
3 207
1 995
4 79
10 31
14 289
13 318
6 41
8 109
10 147
1 1503
9 149
0 305
0 186
------------------
output_vector_after
40
operator_revise_array
10 313
14 134
8 309
12 158
8 168
3 30
11 124
4 359
11 236
8 20
7 294
13 88
0 184
9 323
14 246
12 80
8 363
5 250
10 248
11 140
9 90
13 55
12 172
4 39
2 1871
2 2054
13 215
9 209
5 296
6 145
2 1770
5 289
5 199
0 38
9 113
5 189
1 222
8 72
12 202
9 313
10 290
7 177
2 149
9 248
10 334
9 166
3 334
2 475
3 337
13 46
10 149
5 151
8 61
3 293
4 136
0 106
12 230
9 277
12 86
14 262
8 132
1 2456
7 11
9 163
------------------
output_vector_after
67
operator_revise_array
9 175
6 127
8 134
13 186
------------------
output_vector_after
40
operator_revise_array
5 351
6 182
11 211
9 42
12 301
5 281
6 184
1 2702
14 66
6 44
12 277
5 213
5 174
7 33
14 36
2 1531
12 53
0 428
11 154
14 183
9 181
14 412
11 72
8 325
0 404
1 1279
1 2402
3 268
1 1037
14 229
7 130
1 366
------------------
output_vector_after
73
operator_revise_array
9 37
2 1773
6 97
5 106
4 169
4 109
3 121
0 170
2 2315
0 321
3 63
14 267
11 255
14 64
5 192
11 163
8 245
10 166
11 400
10 315
13 138
8 160
4 337
3 41
6 270
9 281
12 145
9 347
9 42
0 58
9 110
3 298
------------------
output_vector_after
40
operator_revise_array
14 116
4 191
7 254
2 3067
13 183
9 309
6 187
8 147
------------------
output_vector_after
67
operator_revise_array
4 109
14 210
8 74
6 192
13 369
4 207
11 216
7 184
------------------
output_vector_after
40
operator_revise_array
10 25
3 179
10 115
8 341
7 372
3 63
10 262
13 233
4 11
11 23
10 63
1 253
1 774
0 101
13 75
7 28
12 154
0 300
1 1805
10 64
10 163
12 123
12 25
3 283
13 51
12 81
9 269
14 197
9 143
11 112
9 289
13 278
------------------
output_vector_after
78
operator_revise_array
14 51
12 15
------------------
output_vector_after
63
operator_revise_array
3 36
11 92
6 351
1 1113
14 184
8 219
3 235
2 2063
10 92
11 354
3 49
0 399
12 174
13 392
6 95
8 355
------------------
output_vector_after
9
operator_revise_array
6 271
3 169
7 31
14 28
11 193
10 223
10 61
14 160
1 3144
12 52
11 350
13 9
9 264
14 12
0 218
12 27
8 275
8 139
7 285
9 32
3 354
4 26
13 352
13 218
14 109
1 2183
5 175
12 243
13 178
10 105
5 232
10 198
------------------
output_vector_after
67
operator_revise_array
9 198
3 29
7 100
3 341
8 252
9 366
6 124
10 131
------------------
output_vector_after
40
operator_revise_array
9 378
8 170
3 348
7 113
4 150
4 297
6 218
10 112
3 169
5 15
5 215
0 167
10 380
0 209
5 321
12 10
1 172
14 126
6 375
0 51
0 265
14 172
10 194
6 181
10 412
8 114
2 733
11 350
10 292
3 13
1 3298
5 54
1 3077
5 40
3 77
3 344
3 370
6 393
7 78
13 371
3 302
1 2725
3 272
2 473
4 252
2 2516
3 413
9 279
7 83
7 324
2 2612
7 248
9 358
5 392
14 53
11 127
5 376
1 965
11 109
7 112
8 37
10 385
14 176
1 2175
------------------
output_vector_after
40
operator_revise_array
10 313
12 253
9 216
13 178
12 98
12 311
12 118
13 144
10 203
10 198
1 2000
5 243
7 126
13 177
7 250
5 60
------------------
output_vector_after
40
operator_revise_array
12 275
3 217
14 286
5 27
4 355
5 200
10 239
7 166
1 201
7 349
9 73
1 779
0 326
4 205
1 2658
0 348
5 305
14 83
0 136
8 91
9 363
12 241
4 91
4 234
4 360
1 3287
6 231
14 243
13 304
3 376
4 388
13 90
12 238
13 135
14 118
1 588
1 1749
10 204
5 206
4 40
13 85
9 305
8 2
5 66
12 111
14 252
5 189
2 2552
11 87
13 105
1 1719
14 98
1 1129
12 317
0 102
7 124
9 50
12 330
1 1364
1 978
6 212
2 2311
11 6
3 341
7 154
4 37
0 301
11 171
1 1947
2 668
12 221
8 141
9 243
12 17
4 77
2 1914
6 56
12 30
11 287
1 539
1 1089
7 227
3 328
7 192
14 104
7 203
12 163
9 240
2 1019
0 177
12 260
2 2071
12 191
12 207
14 172
9 81
9 37
8 165
13 303
4 228
3 186
4 82
5 46
14 237
7 163
13 273
1 1586
4 22
12 339
5 252
10 63
11 81
10 301
10 243
14 251
11 59
3 36
12 210
7 220
13 179
14 59
6 301
8 163
1 2995
12 214
7 291
14 365
2 435
------------------
output_vector_after
2
operator_revise_array
0 312
14 145
5 92
5 405
7 83
14 360
10 130
12 282
8 272
14 78
6 330
14 39
7 205
1 1417
11 55
0 461
14 291
2 839
12 199
7 411
6 277
13 365
11 415
6 229
6 365
13 188
5 124
6 439
0 124
9 385
13 182
7 315
10 60
8 330
2 1127
12 369
3 336
4 136
6 133
6 135
3 263
0 436
8 92
7 262
3 296
0 57
9 382
2 1706
2 1784
4 51
3 430
14 297
8 305
4 281
2 2843
11 68
10 411
1 2423
4 365
10 228
2 1199
8 347
7 211
4 125
------------------
output_vector_after
78
operator_revise_array
8 281
11 115
7 42
12 193
11 253
7 57
1 2180
2 644
------------------
output_vector_after
40
operator_revise_array
13 245
3 354
2 204
11 340
6 281
11 51
8 8
3 113
------------------
output_vector_after
40
operator_revise_array
11 233
13 242
13 154
7 299
5 247
11 322
3 302
8 171
9 38
6 172
10 274
3 203
8 145
12 169
5 136
5 324
10 239
13 202
1 2465
4 60
1 1012
1 385
13 29
12 70
8 124
3 331
13 344
10 39
12 18
13 19
7 229
7 66
4 256
7 283
2 158
7 244
5 253
14 176
12 306
6 320
8 310
5 10
11 236
14 5
5 286
2 2763
1 2361
0 282
1 782
5 74
13 69
9 220
14 9
5 218
5 349
7 280
13 246
3 235
8 85
0 78
3 29
2 262
0 258
9 72
------------------
output_vector_after
40
operator_revise_array
11 178
8 93
1 1620
0 248
4 33
8 203
4 97
4 176
10 30
2 476
12 13
8 212
12 246
7 45
14 145
1 354
11 248
13 258
1 1642
1 3214
3 295
9 10
6 259
12 306
0 153
12 205
13 351
10 356
11 14
0 340
11 120
8 178
------------------
output_vector_after
40
operator_revise_array
2 215
4 123
12 134
6 362
9 57
4 59
14 124
6 109
5 93
7 378
14 344
8 252
7 37
10 163
13 281
9 35
3 38
6 251
6 357
3 136
5 269
7 330
14 299
11 184
5 202
10 76
12 362
0 116
14 215
13 368
4 239
10 174
------------------
output_vector_after
40
operator_revise_array
10 80
6 47
11 156
5 38
3 285
10 290
4 154
9 268
11 280
9 101
5 72
10 205
6 349
0 232
5 134
9 126
------------------
output_vector_after
40
operator_revise_array
12 302
11 113
6 352
1 414
8 329
6 28
8 379
3 355
1 897
12 359
4 355
11 189
9 150
5 286
1 605
1 3080
------------------
output_vector_after
40
operator_revise_array
13 20
2 273
4 283
12 48
7 312
10 136
13 74
3 335
6 238
9 335
3 216
11 198
14 346
13 130
0 305
11 133
4 202
8 344
10 120
11 278
7 309
7 106
9 234
10 95
6 256
7 110
1 2721
13 137
7 46
5 209
2 2363
13 340
2 2296
9 324
12 48
7 57
14 100
9 132
8 104
14 323
4 37
14 136
9 271
8 284
8 139
12 165
1 1703
0 103
1 2777
4 278
3 247
14 285
4 403
2 870
1 2405
13 334
10 303
0 63
1 2400
0 92
0 327
2 390
9 47
12 263
3 24
3 333
13 318
12 126
0 310
4 70
8 252
4 145
3 207
3 91
3 8
8 35
9 273
14 125
0 128
14 195
2 1385
12 60
0 83
1 3043
10 56
2 2175
3 131
8 290
9 189
3 145
3 183
2 934
13 38
1 2122
3 339
5 37
5 287
13 148
7 336
4 296
4 241
6 258
5 188
2 322
1 2675
10 351
5 412
1 2499
14 99
1 2153
11 388
4 357
9 171
8 21
2 197
6 284
0 293
0 168
13 135
4 165
4 84
11 86
7 233
4 247
0 370
1 1822
2 2130
0 392
------------------
output_vector_after
8
operator_revise_array
10 50
6 515
14 550
10 24
12 27
1 324
14 117
5 469
11 10
9 830
1 2974
10 588
3 823
3 378
5 184
13 734
6 316
5 669
10 609
6 178
5 148
7 315
4 709
7 115
10 820
0 443
12 186
11 180
5 143
1 993
14 289
6 651
------------------
output_vector_after
4
operator_revise_array
6 219
8 309
8 490
10 468
7 798
14 176
7 288
0 598
0 445
7 66
13 385
6 266
8 782
4 616
10 185
12 185
1 3340
5 385
6 649
7 538
9 388
13 35
13 540
5 745
8 552
11 458
2 5928
12 540
10 707
1 6271
9 79
14 369
------------------
output_vector_after
4
operator_revise_array
7 464
8 185
0 469
9 317
1 4361
12 230
1 2847
12 572
0 143
5 698
11 674
7 778
11 770
11 376
2 586
13 602
3 408
9 219
14 354
9 474
5 716
10 752
5 358
7 375
3 204
14 789
0 582
7 645
0 846
1 2790
10 212
3 841
9 544
2 2564
0 458
13 586
6 222
3 225
0 397
4 652
11 686
11 694
8 424
13 405
11 124
7 30
3 183
7 684
12 253
9 406
0 184
9 270
5 519
7 357
13 155
10 401
8 156
8 450
10 77
2 4560
9 386
8 261
7 387
6 481
3 366
8 514
14 137
11 597
0 737
1 3681
7 431
10 564
7 364
13 241
7 330
2 3829
9 203
10 307
6 514
7 619
13 632
0 59
0 411
14 708
5 328
11 534
9 409
1 1150
8 311
12 622
13 98
4 206
10 693
11 39
6 48
1 970
10 689
2 4639
12 72
9 413
13 756
6 722
5 333
0 603
14 704
4 612
14 691
13 293
5 662
0 362
1 5476
3 85
14 36
14 78
7 724
5 586
8 393
4 38
12 563
4 132
2 1559
9 711
10 567
13 582
4 610
10 461
14 558
3 630
------------------
output_vector_after
8
operator_revise_array
12 743
3 498
7 778
7 724
0 642
4 48
9 283
8 62
13 453
1 6468
10 117
1 4038
6 728
9 790
10 616
2 5004
0 727
5 147
8 759
3 814
7 254
6 597
13 125
2 2847
5 173
14 404
2 6350
12 468
5 162
2 531
11 214
7 257
3 264
7 672
0 755
6 284
3 743
13 336
6 597
1 3302
4 395
5 682
13 452
12 749
5 555
1 5615
1 5136
11 24
9 696
0 280
10 193
13 11
11 353
12 286
7 219
12 538
7 318
10 719
12 215
1 2031
5 254
7 776
8 379
6 540
11 468
6 602
2 2369
9 76
10 604
13 332
4 286
10 398
5 194
13 110
8 446
8 27
13 639
4 355
14 116
1 5634
7 252
7 617
1 268
9 594
7 423
3 612
12 208
4 462
0 721
2 2532
13 435
10 255
11 596
6 371
14 116
13 716
1 1254
10 74
3 567
7 379
0 125
4 234
2 1694
13 160
5 556
6 375
11 282
6 369
5 118
6 154
13 451
10 408
11 339
5 553
1 2431
0 645
6 494
12 522
11 426
4 23
6 272
0 243
5 160
11 154
9 272
0 470
8 672
0 208
------------------
output_vector_after
7
operator_revise_array
4 166
7 56
2 2871
10 812
11 288
2 3801
14 69
13 33
5 455
2 6369
10 303
7 632
0 805
8 451
8 760
14 631
------------------
output_vector_after
6
operator_revise_array
4 630
9 797
1 3125
7 433
5 659
8 281
7 644
2 2691
6 397
9 468
1 3794
8 425
3 120
12 661
4 288
12 474
2 4331
10 520
12 268
6 608
11 573
1 2488
0 197
2 3106
9 427
9 517
3 550
4 739
12 608
10 423
11 250
9 41
11 541
0 345
1 749
13 465
0 709
5 660
4 485
6 207
13 14
4 553
8 338
6 73
1 3611
4 604
14 649
7 305
7 25
10 38
10 526
0 85
10 308
0 648
1 3173
13 606
5 327
0 715
12 156
6 229
10 510
9 308
4 96
6 353
6 97
6 194
2 2531
6 642
8 698
13 477
14 559
8 603
9 495
9 497
2 1002
5 72
2 2310
11 213
4 575
10 769
13 479
0 116
11 318
12 452
12 757
6 223
8 533
5 540
7 464
11 456
1 2088
0 126
10 358
13 465
13 168
9 361
11 705
10 34
7 771
0 322
1 2450
10 569
12 10
8 330
11 203
12 336
6 512
1 3790
11 178
1 5617
2 3870
4 585
13 394
4 83
7 222
8 62
13 77
14 703
8 80
5 754
0 741
7 420
13 270
8 311
11 308
4 659
0 13
5 194
------------------
output_vector_after
10
operator_revise_array
10 21
14 382
5 18
5 370
10 103
0 305
14 284
11 175
14 370
3 97
14 312
5 101
12 437
3 144
13 190
13 94
4 277
5 425
5 313
12 306
14 319
3 145
4 15
3 15
10 74
8 174
2 2480
8 270
3 218
4 211
10 397
0 110
------------------
output_vector_after
6
operator_revise_array
5 224
6 363
13 283
0 361
2 2181
5 316
4 342
0 64
10 150
13 43
0 126
11 100
14 302
0 351
8 19
2 632
11 287
11 122
6 384
2 1134
10 271
13 172
3 79
9 22
11 304
7 210
7 87
1 1282
5 283
2 1747
13 50
10 299
9 73
1 368
6 193
4 55
5 144
0 240
6 157
8 13
12 152
6 225
14 35
13 335
8 334
8 89
14 50
8 385
14 68
4 182
4 343
5 318
12 328
10 355
9 385
5 265
11 396
10 333
1 2653
7 91
0 18
4 164
9 243
12 187
------------------
output_vector_after
9
operator_revise_array
4 73
12 57
8 335
4 333
2 2678
13 178
6 132
11 71
14 181
4 27
9 239
11 43
13 17
12 189
3 212
12 339
------------------
output_vector_after
9
operator_revise_array
10 283
0 101
11 23
8 90
11 68
7 244
2 1630
13 21
5 133
2 2683
10 302
13 14
5 269
6 187
2 1695
12 280
6 277
1 2439
5 243
12 110
4 188
11 130
12 93
10 157
5 314
2 892
5 275
0 200
1 1892
7 318
1 838
3 243
------------------
output_vector_after
9
operator_revise_array
9 264
2 1402
9 229
3 333
1 2506
4 338
0 150
4 254
6 265
3 144
14 178
9 239
11 115
2 1579
8 128
6 33
7 184
13 179
0 255
2 244
9 79
10 163
8 252
2 1760
0 175
10 422
4 363
3 229
11 241
0 124
3 323
5 126
0 221
7 28
2 1758
4 421
14 231
5 140
2 2006
12 261
7 11
10 83
3 215
3 219
10 327
11 361
1 616
7 226
1 3329
1 288
0 281
13 320
6 324
1 2413
2 3064
0 239
14 64
9 173
5 40
5 291
14 423
14 313
1 659
7 91
------------------
output_vector_after
10
operator_revise_array
11 14
0 225
10 52
1 2526
2 1107
13 323
12 29
11 100
0 251
4 266
14 84
12 337
5 106
14 72
1 1780
6 297
12 406
4 159
1 2053
10 54
1 1166
11 159
4 98
0 272
7 2
13 34
1 3039
14 51
7 238
7 268
3 186
0 150
14 385
8 195
8 285
2 2982
9 180
4 136
11 103
12 179
6 280
7 70
10 30
0 227
5 118
7 111
14 209
14 149
4 335
13 154
12 147
4 427
1 1634
10 321
2 2146
4 3
9 27
8 293
11 142
8 352
2 2683
6 299
4 271
11 176
13 304
5 98
6 86
11 56
12 31
6 89
0 328
0 4
4 416
10 421
3 424
4 282
4 297
9 411
13 76
12 161
3 258
4 9
6 392
7 255
12 142
8 22
5 5
10 115
5 384
8 141
5 133
10 229
0 186
6 147
0 44
4 337
3 264
8 218
8 367
14 379
10 14
9 132
5 217
9 388
4 219
3 104
9 232
3 254
2 1237
12 395
14 154
6 401
5 235
2 1338
10 306
10 326
13 387
10 330
14 114
7 24
11 81
7 45
12 372
14 414
10 253
14 357
9 447
7 91
------------------
output_vector_after
9
operator_revise_array
1 1064
9 108
12 161
12 239
2 282
1 1980
8 115
10 141
8 337
2 2990
12 182
4 89
1 2791
14 272
5 31
8 311
14 430
9 369
8 246
13 3
10 262
6 217
3 107
5 31
0 364
4 175
13 389
4 241
11 62
12 148
7 385
2 1280
------------------
output_vector_after
40
operator_revise_array
2 541
5 122
12 264
14 80
4 311
7 16
9 183
11 190
10 279
11 189
2 2333
2 3024
5 302
0 116
2 2824
0 213
11 233
3 5
10 260
13 196
3 274
5 246
14 158
3 259
3 52
5 232
13 141
10 41
14 58
4 292
12 129
3 95
14 179
13 81
12 124
7 344
12 82
2 478
4 209
5 46
6 91
9 205
14 217
9 119
9 398
10 44
4 226
13 50
3 140
11 285
11 365
4 415
3 70
10 157
13 93
11 16
4 315
5 51
13 298
3 250
6 224
9 81
2 3329
7 165
------------------
output_vector_after
2
operator_revise_array
12 351
9 65
9 247
3 159
5 313
5 294
8 387
5 378
13 76
4 332
1 2380
12 303
6 255
0 73
9 355
10 124
8 236
0 342
11 152
5 298
10 175
4 171
11 278
13 98
10 191
4 127
10 79
6 136
10 255
1 2557
14 261
14 4
------------------
output_vector_after
5
operator_revise_array
13 223
13 93
7 76
2 741
2 2320
13 102
14 254
13 259
14 294
10 5
12 164
8 298
4 233
4 59
3 261
7 192
2 193
14 226
1 1410
0 370
12 102
2 1051
14 352
14 323
10 206
2 2663
10 402
14 368
2 3257
13 102
13 299
7 314
7 29
14 369
9 265
7 3
12 339
1 2157
8 256
4 343
14 299
12 138
4 206
4 113
13 291
5 343
4 129
9 33
2 550
11 193
13 344
5 169
8 335
2 2185
13 92
14 356
2 2874
11 35
13 317
14 236
7 316
14 112
7 64
7 362
------------------
output_vector_after
9
operator_revise_array
5 201
13 51
------------------
output_vector_after
2
operator_revise_array
7 355
13 114
11 164
10 40
------------------
output_vector_after
9
operator_revise_array
11 283
12 15
0 36
9 340
4 17
4 201
13 16
1 2698
------------------
output_vector_after
9
operator_revise_array
6 360
10 20
0 143
7 50
4 101
4 310
13 197
2 2649
5 367
6 223
6 222
12 324
10 276
10 204
8 33
12 311
3 243
2 691
3 121
3 163
1 1248
12 61
7 7
10 19
13 110
7 329
5 288
7 270
1 386
8 54
13 50
13 159
------------------
output_vector_after
9
operator_revise_array
6 169
14 358
2 503
3 207
0 303
1 636
2 1153
14 165
9 409
0 164
11 252
10 391
9 428
4 418
3 192
0 437
------------------
output_vector_after
9
operator_revise_array
14 11
9 73
------------------
output_vector_after
2
operator_revise_array
3 184
4 190
10 274
5 238
2 314
2 187
13 327
9 3
10 11
1 687
9 62
6 87
5 198
8 306
13 82
4 314
3 148
6 242
10 86
3 175
12 124
9 331
6 64
8 238
9 197
14 177
2 2165
0 107
4 189
13 89
11 143
0 368
------------------
output_vector_after
9
operator_revise_array
9 336
0 241
12 366
14 132
------------------
output_vector_after
10
operator_revise_array
10 388
4 159
9 348
12 9
9 341
2 1488
14 156
2 520
13 307
14 310
4 289
8 380
1 3442
1 2650
9 92
4 356
7 162
4 316
8 356
5 10
14 247
14 170
0 272
0 355
3 351
1 2911
9 323
13 62
2 2555
2 1476
5 209
7 121
4 369
8 50
1 3204
1 1991
9 6
7 133
6 380
10 398
3 172
11 194
8 119
6 140
5 75
3 264
14 116
7 308
7 284
1 576
12 423
14 150
5 341
0 193
8 76
14 79
3 404
4 229
9 423
1 3623
6 374
12 14
14 302
7 423
11 284
10 294
10 458
9 295
13 239
8 38
1 3318
12 201
8 27
2 2236
12 163
13 474
1 2630
8 433
1 214
0 9
11 31
2 2871
4 313
3 168
11 426
13 259
14 342
11 428
9 299
12 187
3 94
10 97
5 423
13 263
8 476
11 316
2 2308
0 471
11 282
0 434
1 1702
6 96
7 318
1 1380
6 202
6 47
1 1630
11 367
8 74
9 235
12 55
5 373
11 12
5 167
7 208
3 84
13 302
1 1428
11 266
5 163
14 459
3 36
9 301
10 370
8 185
6 14
4 370
7 407
------------------
output_vector_after
2
operator_revise_array
9 18
7 150
11 239
3 204
13 104
8 330
7 123
0 309
4 339
2 2491
13 152
11 246
6 104
6 38
13 292
7 110
14 201
1 722
8 233
0 20
10 47
5 365
5 261
6 152
5 42
1 1358
13 220
13 103
12 278
1 1402
4 159
10 152
------------------
output_vector_after
9
operator_revise_array
0 209
11 334
6 116
6 310
5 290
0 390
14 53
14 151
1 2672
8 334
9 267
9 182
6 295
1 2592
11 426
11 78
------------------
output_vector_after
9
operator_revise_array
9 38
9 289
13 170
2 615
14 119
9 185
2 345
14 361
14 266
3 414
2 3276
0 306
10 169
9 365
0 383
3 151
------------------
output_vector_after
9
operator_revise_array
1 157
14 10
6 380
5 403
5 246
6 204
8 287
0 406
------------------
output_vector_after
8
operator_revise_array
3 269
2 3797
------------------
output_vector_after
2
operator_revise_array
10 689
2 1193
3 176
13 494
5 700
12 506
1 210
14 39
9 35
4 514
0 557
0 636
7 384
14 431
8 216
0 503
2 1906
11 12
6 669
13 347
13 138
0 674
10 301
1 4713
6 380
5 259
10 208
0 16
13 494
3 501
3 527
8 276
------------------
output_vector_after
10
operator_revise_array
0 707
3 200
7 137
7 485
2 3994
11 299
13 491
4 710
4 477
12 715
11 288
2 4341
7 365
0 130
14 398
12 544
1 4331
12 741
12 421
5 192
6 261
14 34
11 699
8 513
2 2147
4 638
12 222
9 392
9 448
2 1072
5 251
7 352
------------------
output_vector_after
10
operator_revise_array
6 488
12 486
6 229
4 549
10 396
5 124
2 2330
6 354
7 176
10 378
10 564
14 3
3 68
13 16
4 468
3 338
13 38
9 517
11 245
1 3016
5 623
6 155
0 307
6 635
12 696
11 642
12 318
14 645
10 538
10 258
9 392
2 2035
2 579
13 483
12 333
11 639
14 232
0 742
0 333
2 5184
12 711
5 132
13 481
14 369
13 27
13 680
12 718
12 172
10 687
4 75
11 437
10 541
7 434
9 17
12 687
11 330
8 526
10 260
14 595
8 318
3 28
3 211
1 3844
9 513
------------------
output_vector_after
2
operator_revise_array
3 461
0 680
8 200
7 369
3 306
12 447
11 733
9 582
7 694
7 446
14 649
5 234
10 11
0 76
1 543
3 509
1 352
13 438
4 589
10 406
11 633
10 479
3 444
3 125
8 164
1 4288
5 283
7 475
10 775
5 562
3 777
11 517
------------------
output_vector_after
40
operator_revise_array
------------------
output_vector_after
10
operator_revise_array
12 284
6 667
13 449
3 687
4 248
1 1855
4 192
10 568
3 272
3 147
3 14
1 2383
13 521
13 79
6 618
13 721
8 54
11 343
9 33
8 610
2 3454
13 132
8 215
8 80
6 403
12 392
2 2733
3 21
6 518
0 9
6 587
0 271
6 663
8 236
2 2690
12 290
11 655
0 245
3 133
14 286
6 700
2 436
8 637
7 531
5 191
10 489
5 422
1 405
9 660
14 352
7 387
5 154
1 4110
1 5155
12 367
5 153
3 411
14 118
10 237
0 538
5 42
4 23
10 462
11 464
------------------
output_vector_after
10
operator_revise_array
4 600
5 362
12 140
14 416
6 411
4 506
6 430
10 157
------------------
output_vector_after
10
operator_revise_array
14 388
5 478
4 641
9 641
11 656
5 698
4 224
4 485
2 2680
1 3035
13 564
11 524
10 42
11 314
4 102
13 408
10 357
4 375
14 99
12 184
14 504
1 3200
7 145
5 572
4 572
8 170
4 705
12 592
3 123
7 129
1 4214
8 224
4 116
13 91
7 495
6 628
1 5480
9 693
10 612
12 51
9 402
8 513
5 160
5 680
14 410
0 471
5 694
3 513
8 404
5 340
8 275
11 708
12 91
11 56
2 5344
0 261
4 554
10 190
10 377
12 343
7 575
6 184
7 31
4 171
9 533
4 364
14 281
3 672
6 550
12 90
11 167
5 497
13 554
14 759
13 116
8 647
2 4909
10 632
5 490
11 124
2 5150
11 51
6 599
11 315
1 5381
8 260
14 734
11 166
9 206
7 787
2 3101
0 326
1 4119
14 78
9 258
12 417
9 202
10 731
12 728
11 735
10 110
6 525
11 249
8 500
10 534
6 796
0 75
10 552
4 615
0 179
9 451
11 536
2 6031
10 685
10 358
3 787
10 661
13 315
14 405
2 4796
8 256
14 156
13 367
13 135
10 202
13 554
9 512
8 480
------------------
output_vector_after
30
operator_revise_array
11 56
11 384
1 416
14 94
------------------
output_vector_after
38
operator_revise_array
13 204
2 3072
------------------
output_vector_after
30
operator_revise_array
14 34
3 277
5 238
8 366
11 387
0 372
7 323
8 5
13 395
9 136
14 89
6 59
1 2219
2 3320
4 273
4 285
------------------
output_vector_after
30
operator_revise_array
7 233
14 216
0 77
3 12
4 365
4 430
3 199
6 10
------------------
output_vector_after
19
operator_revise_array
6 218
5 181
0 251
11 131
5 37
9 242
2 2543
13 385
2 3085
12 185
11 104
9 151
7 300
1 115
5 278
9 130
0 37
8 14
12 35
12 161
1 2044
1 2458
0 275
6 387
0 148
2 2921
7 22
9 71
13 347
9 255
0 196
11 345
------------------
output_vector_after
27
operator_revise_array
4 363
7 217
7 142
13 208
------------------
output_vector_after
30
operator_revise_array
11 302
2 437
13 364
8 183
7 56
1 2435
1 1751
0 122
8 224
7 72
0 220
12 210
9 299
9 231
3 357
2 687
------------------
output_vector_after
27
operator_revise_array
5 54
14 313
12 323
13 217
13 33
12 213
9 393
7 221
11 343
7 117
2 2295
11 172
9 252
14 44
3 385
5 49
------------------
output_vector_after
27
operator_revise_array
5 69
10 277
11 167
14 99
------------------
output_vector_after
19
operator_revise_array
3 309
13 71
10 123
11 40
------------------
output_vector_after
27
operator_revise_array
14 280
1 1117
0 131
8 267
3 62
4 389
1 2641
13 138
14 95
0 87
11 363
10 237
12 383
0 322
10 266
7 66
14 208
6 341
13 182
10 57
2 188
9 54
1 196
13 114
11 299
12 130
10 50
14 310
14 256
5 347
6 386
7 316
14 343
7 251
14 195
9 451
14 232
6 39
7 384
6 259
3 76
14 157
12 67
2 1381
13 372
11 486
13 192
7 12
2 3484
12 325
3 16
5 21
9 235
7 378
6 72
3 410
1 2405
10 59
7 180
7 288
11 224
14 391
0 326
13 124
------------------
output_vector_after
27
operator_revise_array
9 41
2 467
4 79
14 231
------------------
output_vector_after
19
operator_revise_array
14 56
6 49
------------------
output_vector_after
19
operator_revise_array
9 283
4 48
13 8
9 254
------------------
output_vector_after
41
operator_revise_array
3 348
2 355
14 314
2 2159
9 71
5 311
11 376
7 89
8 339
13 6
7 232
9 95
11 115
4 230
4 215
1 983
4 125
7 305
12 68
0 269
5 116
7 136
1 2869
5 208
7 310
6 26
6 316
8 169
1 1762
4 66
3 260
10 215
------------------
output_vector_after
30
operator_revise_array
3 191
10 132
3 50
7 84
1 589
4 187
9 61
7 384
10 401
7 197
7 226
9 339
10 65
14 138
0 171
1 2819
------------------
output_vector_after
27
operator_revise_array
10 167
8 303
0 87
10 395
7 175
11 97
6 361
11 265
5 399
11 386
12 214
7 56
6 107
8 357
14 76
10 48
------------------
output_vector_after
27
operator_revise_array
4 278
3 141
5 213
3 34
12 386
13 52
3 73
11 266
6 135
12 212
3 48
4 106
3 326
13 309
10 129
12 260
7 305
7 179
14 155
5 273
9 258
10 225
0 146
14 26
10 277
11 90
2 1406
9 283
7 75
2 1789
9 311
0 52
------------------
output_vector_after
38
operator_revise_array
4 355
6 266
4 372
0 98
12 146
11 361
8 172
8 134
0 313
11 242
3 61
11 223
14 282
8 302
8 279
9 233
5 274
11 355
9 159
5 146
7 380
2 2701
7 356
9 370
3 14
9 412
2 348
5 114
10 387
3 412
2 2692
3 248
------------------
output_vector_after
19
operator_revise_array
1 2566
4 8
3 379
6 107
14 51
2 3032
3 325
8 200
3 6
9 39
5 261
6 200
6 51
11 384
0 274
2 1268
12 112
12 51
7 123
10 275
1 3175
14 43
9 274
4 360
13 18
10 378
6 197
7 260
3 209
2 489
2 861
0 58
------------------
output_vector_after
19
operator_revise_array
4 271
1 2036
11 262
14 111
5 137
12 33
3 386
13 115
------------------
output_vector_after
27
operator_revise_array
6 117
2 2013
13 85
6 88
------------------
output_vector_after
19
operator_revise_array
13 58
3 355
5 137
7 140
6 255
7 296
7 183
7 116
------------------
output_vector_after
19
operator_revise_array
12 101
8 68
6 28
14 160
------------------
output_vector_after
38
operator_revise_array
9 91
5 120
12 309
9 220
7 277
2 1991
5 137
12 350
14 226
10 10
5 226
1 228
7 205
1 1829
13 267
13 280
0 145
3 106
13 97
14 271
11 160
13 311
9 85
13 136
13 284
0 178
10 242
3 192
8 84
5 29
0 164
5 302
------------------
output_vector_after
19
operator_revise_array
7 100
2 756
13 32
6 371
3 89
0 11
2 1992
10 151
5 112
0 265
11 123
8 128
9 183
5 104
10 134
11 263
------------------
output_vector_after
19
operator_revise_array
14 9
14 102
------------------
output_vector_after
38
operator_revise_array
2 1206
12 288
1 840
9 9
7 369
1 954
14 246
13 268
5 60
3 397
1 1734
3 371
2 470
3 127
7 154
11 350
1 2478
13 334
14 345
13 146
14 243
6 413
7 269
2 722
3 354
7 224
3 137
9 334
8 100
11 164
9 203
6 400
------------------
output_vector_after
27
operator_revise_array
3 146
8 113
14 180
3 328
12 25
6 62
2 3019
3 158
------------------
output_vector_after
6
operator_revise_array
4 397
5 242
2 2685
11 300
7 292
8 315
12 246
5 384
8 380
12 110
0 226
6 329
13 325
0 19
0 356
7 3
------------------
output_vector_after
19
operator_revise_array
12 314
2 933
13 86
0 281
7 188
4 237
1 1294
13 365
------------------
output_vector_after
30
operator_revise_array
1 977
3 126
9 175
2 915
3 135
13 325
7 21
9 10
1 1006
6 174
1 1422
14 317
5 374
13 151
2 65
2 2256
------------------
output_vector_after
19
operator_revise_array
13 76
14 211
------------------
output_vector_after
30
operator_revise_array
2 573
1 1984
14 154
11 94
------------------
output_vector_after
19
operator_revise_array
14 82
2 65
------------------
output_vector_after
27
operator_revise_array
9 115
9 347
14 250
9 288
12 401
6 108
0 346
2 1948
------------------
output_vector_after
27
operator_revise_array
0 318
14 169
14 257
5 281
------------------
output_vector_after
30
operator_revise_array
3 21
8 163
3 8
6 266
2 1414
3 218
10 86
7 263
4 153
2 582
12 283
3 210
5 111
6 107
10 295
0 186
------------------
output_vector_after
27
operator_revise_array
4 184
12 105
13 202
13 68
14 199
12 229
6 15
0 64
3 147
14 216
2 1654
2 278
10 31
2 397
0 95
8 311
------------------
output_vector_after
30
operator_revise_array
3 81
0 37
0 387
8 198
6 332
11 185
1 1521
13 349
4 386
10 58
10 34
9 147
4 267
2 2146
14 234
8 21
------------------
output_vector_after
36
operator_revise_array
1 742
11 294
------------------
output_vector_after
30
operator_revise_array
8 155
9 63
1 757
11 321
4 223
5 268
14 52
12 171
4 126
8 152
12 161
4 274
14 174
3 378
8 134
6 384
8 354
14 115
6 179
5 73
0 53
5 383
0 43
7 213
14 391
1 1401
7 348
12 113
12 198
13 274
9 368
14 109
------------------
output_vector_after
30
operator_revise_array
13 309
13 139
12 324
3 257
7 266
0 145
12 215
14 84
6 153
6 70
7 23
12 261
4 151
6 360
2 2767
7 262
------------------
output_vector_after
49
operator_revise_array
8 59
6 261
14 288
5 19
6 30
5 41
4 385
1 24
------------------
output_vector_after
30
operator_revise_array
9 292
2 778
------------------
output_vector_after
30
operator_revise_array
7 196
13 254
11 356
11 118
11 313
12 194
13 88
13 235
------------------
output_vector_after
27
operator_revise_array
9 26
10 330
------------------
output_vector_after
19
operator_revise_array
3 4
9 26
4 325
14 83
------------------
output_vector_after
19
operator_revise_array
8 44
5 339
9 265
13 362
13 183
3 214
2 649
14 33
9 171
13 161
1 1839
2 288
3 198
1 2490
12 73
7 243
------------------
output_vector_after
19
operator_revise_array
14 149
5 324
------------------
output_vector_after
27
operator_revise_array
4 172
3 239
6 307
7 140
9 154
0 241
7 290
4 234
9 360
12 195
12 136
12 210
8 286
13 102
6 384
13 98
------------------
output_vector_after
27
operator_revise_array
1 2871
12 20
6 394
7 273
12 148
8 266
14 182
0 208
2 584
10 226
3 266
6 155
11 161
10 101
13 71
2 1929
14 13
7 190
0 250
0 213
4 75
7 351
6 126
11 376
3 167
0 252
11 332
3 48
14 173
4 93
5 331
4 353
6 391
11 277
14 320
14 257
5 35
4 204
12 292
12 317
11 361
1 2273
14 55
5 371
9 237
2 2694
2 254
10 358
6 199
8 84
0 106
14 66
3 477
3 144
1 2882
12 123
5 393
9 299
4 250
0 398
12 64
9 168
9 337
10 317
1 3737
8 95
7 50
1 745
8 78
11 287
2 2910
9 49
8 306
1 767
6 68
8 331
0 198
13 262
1 2010
9 68
4 220
7 421
7 432
7 338
7 98
5 291
4 453
11 119
1 1278
0 398
0 471
11 443
12 307
5 20
8 396
2 707
9 364
5 313
10 328
14 418
3 308
1 3345
9 11
9 231
10 268
1 2775
7 403
10 274
11 275
8 468
10 136
12 95
5 335
3 34
0 67
3 277
12 361
0 106
0 66
2 1801
12 204
7 101
12 464
8 504
0 469
7 153
12 191
7 91
------------------
output_vector_after
30
operator_revise_array
8 225
14 59
13 89
6 374
------------------
output_vector_after
27
operator_revise_array
0 297
3 396
0 222
1 769
2 1159
5 78
13 342
11 64
2 1789
4 334
3 117
11 376
13 195
14 104
2 466
6 17
------------------
output_vector_after
19
operator_revise_array
6 235
4 243
14 101
0 35
------------------
output_vector_after
30
operator_revise_array
1 2342
11 141
------------------
output_vector_after
38
operator_revise_array
0 320
14 112
9 225
0 95
2 212
2 136
8 304
0 22
14 183
1 1821
14 412
4 341
4 32
7 9
4 334
5 119
------------------
output_vector_after
30
operator_revise_array
2 435
14 244
14 260
14 237
8 315
2 410
10 437
7 231
------------------
output_vector_after
30
operator_revise_array
14 106
14 374
------------------
output_vector_after
17
operator_revise_array
14 327
8 88
8 403
5 78
6 191
13 147
2 1219
7 144
3 75
10 160
11 136
5 339
5 314
7 147
9 405
1 3168
9 66
5 43
14 180
6 404
9 208
14 65
3 154
12 357
6 265
1 3502
7 358
10 380
0 295
2 881
2 512
13 144
14 102
10 135
10 101
1 1637
14 359
1 2076
12 313
11 427
12 403
10 368
6 163
8 370
13 435
3 58
1 1740
10 435
3 366
6 430
13 368
1 3085
5 98
3 272
3 379
2 758
14 46
1 2910
11 204
7 132
6 201
0 405
5 37
7 358
2 796
5 280
11 106
13 10
11 273
3 343
10 74
9 18
8 264
13 330
11 95
5 28
12 37
7 325
11 320
2 2272
13 267
7 211
0 256
0 163
5 252
8 32
12 257
9 289
12 126
13 95
12 247
4 190
14 70
14 200
5 64
8 178
3 329
6 244
2 476
7 263
14 331
14 202
1 521
14 268
1 1940
2 1942
12 369
0 210
9 216
4 101
11 5
11 338
12 293
11 26
0 162
2 2905
8 89
2 2501
10 158
9 276
5 79
4 115
14 134
12 306
6 289
12 185
11 49
2 691
------------------
output_vector_after
19
operator_revise_array
11 96
1 1229
13 68
9 4
------------------
output_vector_after
19
operator_revise_array
10 376
12 134
3 367
14 46
0 172
8 234
4 60
0 408
------------------
output_vector_after
30
operator_revise_array
6 226
5 345
6 222
4 328
9 279
3 170
1 2324
10 44
12 171
5 194
6 342
5 66
9 56
10 5
2 1226
7 241
6 190
14 197
12 291
1 333
10 361
8 18
4 255
1 1998
2 2657
3 211
5 240
6 396
4 153
3 416
6 153
14 19
------------------
output_vector_after
27
operator_revise_array
9 251
8 135
6 90
1 1916
5 358
12 140
13 277
4 38
10 121
0 159
5 100
10 64
9 213
8 79
3 16
1 466
------------------
output_vector_after
19
operator_revise_array
7 131
14 85
6 221
12 255
------------------
output_vector_after
38
operator_revise_array
5 289
3 367
14 13
3 139
14 221
3 171
2 496
5 14
2 886
2 2766
14 56
0 353
11 226
11 145
13 21
1 1802
8 73
7 38
14 32
13 144
6 327
14 177
8 408
10 420
8 321
1 555
7 207
10 18
3 73
12 23
12 101
12 127
------------------
output_vector_after
30
operator_revise_array
10 49
11 165
13 165
7 174
11 313
5 226
9 358
1 1011
2 2126
4 349
11 230
8 289
13 83
10 71
14 256
0 249
5 302
1 2093
12 127
12 49
0 26
1 1298
13 306
8 117
0 180
2 807
2 187
13 43
3 27
10 216
8 44
10 203
------------------
output_vector_after
30
operator_revise_array
5 162
13 88
13 31
10 129
5 123
6 237
9 3
14 5
8 87
2 1793
3 129
13 206
1 1486
10 296
3 27
9 78
6 297
0 117
9 114
9 151
12 74
2 420
14 371
5 6
2 1365
11 141
8 310
10 62
2 2573
4 165
7 340
0 251
------------------
output_vector_after
19
operator_revise_array
12 199
2 3092
1 175
9 246
1 2949
7 87
3 347
7 249
------------------
output_vector_after
19
operator_revise_array
3 66
6 277
0 64
5 201
13 72
4 214
1 2884
2 961
------------------
output_vector_after
38
operator_revise_array
4 329
10 308
2 1124
0 256
4 251
7 231
13 212
13 141
5 45
9 217
5 321
2 919
10 186
8 48
2 1678
5 118
------------------
output_vector_after
38
operator_revise_array
2 1336
13 195
------------------
output_vector_after
30
operator_revise_array
8 62
9 338
14 168
0 341
------------------
output_vector_after
27
operator_revise_array
1 1404
0 3
------------------
output_vector_after
30
operator_revise_array
6 155
4 49
8 309
9 101
14 310
12 167
0 30
4 36
6 145
9 379
2 174
0 22
9 332
10 403
11 348
8 98
------------------
output_vector_after
27
operator_revise_array
2 1065
13 73
7 50
4 73
14 97
13 34
6 302
14 361
13 178
11 80
6 316
1 2412
1 654
11 355
2 1957
1 1079
------------------
output_vector_after
27
operator_revise_array
1 134
14 132
0 71
14 386
------------------
output_vector_after
30
operator_revise_array
3 83
2 1519
5 196
5 114
8 256
9 192
9 152
0 134
13 161
12 232
8 147
4 313
5 60
6 245
11 133
10 316
------------------
output_vector_after
27
operator_revise_array
13 90
13 313
12 146
3 75
10 8
10 217
1 1342
9 186
12 18
10 196
7 322
12 178
3 151
6 229
7 69
6 294
1 695
12 146
0 263
7 26
1 2266
13 79
9 31
10 128
0 309
10 285
3 290
8 230
6 204
9 142
14 321
9 128
9 304
9 212
3 29
0 281
12 142
7 61
10 98
12 321
1 384
10 70
0 94
0 336
8 275
0 317
12 8
2 2032
12 226
9 32
5 304
4 84
12 323
4 156
10 250
6 8
6 325
2 1103
14 232
5 331
2 2581
6 123
3 129
7 260
------------------
output_vector_after
27
operator_revise_array
3 20
14 113
7 255
1 3351
12 374
7 429
5 248
11 345
------------------
output_vector_after
19
operator_revise_array
13 125
13 116
1 1964
10 356
------------------
output_vector_after
6
operator_revise_array
4 338
1 3025
4 289
13 259
6 193
11 340
8 263
6 327
5 93
14 6
1 1219
5 168
2 59
14 82
2 831
1 558
0 13
10 350
7 235
5 210
5 38
0 257
1 3189
0 270
10 424
7 44
8 246
0 217
0 420
5 161
3 170
13 306
3 380
11 97
5 95
6 366
10 316
13 255
6 183
10 185
0 138
1 451
6 375
7 224
6 371
1 2218
5 94
6 294
6 387
14 344
10 280
11 382
11 168
3 162
4 306
12 123
6 232
14 180
10 290
5 111
4 321
10 347
8 48
11 385
1 935
6 172
14 61
9 94
4 45
8 238
8 390
4 406
1 1377
9 438
2 2810
13 204
6 115
14 207
7 266
4 419
6 151
3 144
2 3430
10 100
13 185
7 420
4 248
2 1085
4 238
7 430
8 173
4 442
13 76
5 275
14 253
3 33
9 331
7 30
1 2541
12 139
8 351
6 428
7 36
11 148
13 382
6 34
14 181
5 190
3 135
6 369
3 207
14 470
10 40
14 361
10 101
11 391
2 3352
0 74
7 43
12 505
11 3
4 332
8 38
1 992
0 48
2 2259
8 184
1 3724
------------------
output_vector_after
30
operator_revise_array
7 363
3 351
12 112
9 100
2 316
9 370
4 39
5 83
6 351
4 89
0 237
7 228
0 58
11 252
3 83
13 186
------------------
output_vector_after
19
operator_revise_array
12 372
2 280
3 122
12 309
7 309
1 1634
11 296
9 319
12 368
4 19
8 28
13 379
1 3003
7 323
14 38
2 1680
------------------
output_vector_after
6
operator_revise_array
5 310
9 150
11 43
13 182
4 361
0 292
2 2860
9 401
7 382
5 177
9 388
1 2811
12 329
13 192
5 7
10 262
14 175
14 153
10 308
0 172
0 113
8 288
6 381
1 2717
3 45
11 175
6 356
5 190
12 393
10 74
6 204
5 39
------------------
output_vector_after
27
operator_revise_array
2 2893
7 53
14 149
13 406
------------------
output_vector_after
30
operator_revise_array
13 170
7 101
2 2428
1 2817
12 195
10 233
7 166
8 168
------------------
output_vector_after
38
operator_revise_array
4 249
8 260
8 242
12 119
------------------
output_vector_after
38
operator_revise_array
10 157
8 167
8 65
13 184
1 961
3 276
12 111
6 183
2 1130
8 301
11 147
12 95
11 323
6 76
11 100
0 4
------------------
output_vector_after
30
operator_revise_array
5 368
5 21
------------------
output_vector_after
30
operator_revise_array
6 8
9 46
------------------
output_vector_after
30
operator_revise_array
4 149
13 245
------------------
output_vector_after
6
operator_revise_array
4 211
7 263
7 190
9 75
11 45
9 8
6 106
3 284
9 15
13 387
11 252
14 205
11 321
13 182
3 339
11 236
------------------
output_vector_after
30
operator_revise_array
11 198
13 240
3 367
9 338
------------------
output_vector_after
30
operator_revise_array
4 196
0 233
13 245
11 194
4 310
13 255
6 234
10 219
------------------
output_vector_after
38
operator_revise_array
7 43
12 155
11 131
12 401
8 108
4 219
14 248
3 109
14 186
0 278
5 92
5 410
6 400
13 139
13 389
14 59
------------------
output_vector_after
30
operator_revise_array
7 357
14 336
4 19
9 173
7 325
8 267
0 267
4 172
13 374
7 238
3 380
14 47
14 89
10 96
1 2213
6 65
------------------
output_vector_after
19
operator_revise_array
13 63
14 237
10 309
0 297
14 349
4 341
8 209
12 217
------------------
output_vector_after
27
operator_revise_array
9 18
11 327
7 260
0 120
13 269
14 314
9 385
4 158
------------------
output_vector_after
19
operator_revise_array
9 75
7 132
10 93
4 172
------------------
output_vector_after
19
operator_revise_array
0 86
8 297
------------------
output_vector_after
30
operator_revise_array
2 2176
4 103
1 1989
14 306
4 150
9 321
4 329
13 336
9 124
0 13
13 166
2 2018
5 279
1 409
4 207
12 254
------------------
output_vector_after
30
operator_revise_array
3 350
0 391
6 172
13 220
7 194
12 37
2 2803
13 50
------------------
output_vector_after
30
operator_revise_array
1 1535
13 75
9 255
0 223
------------------
output_vector_after
19
operator_revise_array
10 20
6 182
11 377
7 228
7 66
0 11
2 3187
9 86
------------------
output_vector_after
27
operator_revise_array
9 269
1 97
5 98
0 329
3 50
9 99
6 167
7 259
12 218
9 274
1 2547
13 5
4 181
4 189
11 60
8 378
10 321
0 57
4 80
4 118
3 354
6 318
6 116
9 174
14 297
10 250
4 287
5 366
7 12
9 39
6 76
4 171
------------------
output_vector_after
19
operator_revise_array
3 43
12 301
11 218
10 347
4 202
4 207
9 283
9 3
6 57
10 223
0 359
7 335
7 134
5 342
10 69
4 344
11 299
3 364
4 359
9 288
10 403
1 1190
10 284
12 9
14 37
5 339
0 23
13 91
5 28
13 232
1 1627
0 338
------------------
output_vector_after
30
operator_revise_array
14 397
13 393
11 149
2 3252
13 44
1 2488
1 267
10 196
4 144
11 34
13 27
8 167
6 216
1 1695
8 3
10 40
------------------
output_vector_after
19
operator_revise_array
9 336
7 289
11 122
0 371
2 92
1 2573
9 401
10 391
2 1127
7 177
5 381
11 362
11 275
3 332
5 89
13 49
------------------
output_vector_after
30
operator_revise_array
13 245
14 130
3 400
4 310
7 187
9 99
2 1651
1 296
------------------
output_vector_after
27
operator_revise_array
4 174
10 85
3 354
6 344
9 253
14 390
5 147
12 144
13 226
14 47
13 129
12 378
14 172
7 176
8 381
13 165
12 86
8 231
11 43
3 311
1 862
4 390
5 149
0 119
6 279
10 217
13 313
7 212
9 386
3 219
14 295
3 193
1 2060
9 40
0 383
2 1125
13 301
13 115
6 336
14 67
8 211
2 2348
5 224
2 1161
5 73
14 218
4 96
11 292
7 38
5 211
7 36
7 155
1 2065
14 114
2 1283
13 330
4 272
8 228
4 103
5 46
2 2635
11 358
12 356
7 308
------------------
output_vector_after
9
operator_revise_array
3 271
1 2497
0 115
11 677
5 655
1 1361
8 537
6 252
14 257
6 209
12 467
3 86
8 671
10 254
3 408
3 178
9 156
0 243
8 627
13 619
5 140
14 704
11 193
14 668
1 210
2 3287
11 256
3 138
2 6172
11 592
5 627
4 690
8 619
0 549
9 442
13 719
6 80
8 116
6 133
5 391
3 214
5 118
8 498
7 189
1 2418
7 348
12 524
5 297
4 453
7 127
5 207
2 3565
5 285
6 575
9 45
6 511
6 395
9 540
5 156
12 145
4 207
10 549
6 127
4 116
------------------
output_vector_after
9
operator_revise_array
14 563
8 73
6 546
1 55
1 3802
4 291
9 155
2 820
------------------
output_vector_after
9
operator_revise_array
11 147
5 746
2 2505
4 73
13 207
10 126
8 61
3 669
7 239
11 511
4 495
7 637
8 319
10 186
13 675
3 306
7 620
12 183
11 511
6 418
4 275
14 205
2 1113
13 140
3 88
3 91
13 128
3 645
1 1087
13 430
8 573
1 885
------------------
output_vector_after
8
operator_revise_array
14 53
2 5803
12 537
2 5886
6 753
7 707
0 629
10 386
------------------
output_vector_after
8
operator_revise_array
8 141
3 143
4 506
12 404
14 141
1 6241
9 356
13 621
11 212
1 1966
12 277
7 71
8 84
12 386
6 357
10 194
5 204
3 364
11 488
8 678
0 86
1 1894
13 246
13 548
13 607
9 352
7 604
13 309
0 444
0 57
13 254
1 2249
------------------
output_vector_after
2
operator_revise_array
9 685
7 349
5 440
12 563
12 130
1 3561
2 299
3 148
8 383
11 50
6 690
3 663
0 723
3 206
4 705
5 89
14 521
1 3779
2 4098
2 127
14 205
4 698
2 2204
4 649
6 127
9 3
8 261
7 615
7 684
5 99
0 637
7 309
10 164
14 235
0 317
14 735
6 241
9 133
9 528
3 738
3 15
11 809
12 57
13 752
0 560
8 66
8 474
7 30
0 541
10 172
11 422
13 278
13 601
11 115
12 393
7 455
4 163
0 347
0 254
8 126
9 197
1 4406
10 161
4 533
7 164
0 451
10 205
13 84
9 434
11 571
12 395
0 754
2 561
11 662
7 362
8 647
1 854
4 288
7 148
1 29
5 743
12 38
0 471
3 137
6 582
10 527
1 725
8 53
8 750
10 95
5 170
1 1228
11 87
4 717
8 152
10 309
4 407
11 654
3 210
13 501
0 165
9 93
14 95
12 685
7 571
12 446
1 3083
11 94
7 571
12 161
8 165
11 498
8 46
11 238
6 46
14 131
6 335
14 407
12 258
14 412
7 97
2 1291
7 530
4 163
5 647
12 388
0 570
10 663
------------------
output_vector_after
10
operator_revise_array
1 1811
10 127
0 476
6 214
3 280
6 394
4 412
5 500
6 75
12 152
8 336
6 578
14 446
5 285
10 163
7 276
0 148
8 548
3 226
7 547
5 459
9 141
3 341
10 118
9 476
3 532
1 455
9 386
0 595
3 195
13 474
10 514
1 2423
3 79
10 680
0 704
11 537
11 452
14 387
8 518
2 1878
11 462
13 223
12 555
8 462
12 452
14 151
11 34
1 1521
8 587
9 602
13 541
1 710
5 452
4 94
3 643
7 244
12 359
8 393
8 345
8 746
5 276
3 75
2 2940
------------------
output_vector_after
10
operator_revise_array
4 739
14 35
14 766
4 4
11 94
7 759
3 455
7 196
9 264
8 762
7 235
7 564
0 664
7 768
7 665
12 253
1 1007
1 782
3 691
13 679
13 431
13 193
11 355
2 2820
9 233
9 474
6 279
6 560
8 579
8 623
6 602
13 581
0 306
2 2855
2 4255
7 737
11 479
3 632
14 387
2 1833
7 549
13 515
10 239
8 716
4 613
6 155
8 591
8 233
6 533
5 726
10 445
0 463
6 761
13 657
4 430
12 639
9 452
2 4949
2 1997
2 2887
12 674
4 762
14 334
10 155
8 455
4 498
5 373
1 2468
5 580
12 608
12 16
3 253
4 697
5 130
2 1660
3 364
8 482
6 391
5 584
14 21
8 213
4 327
7 731
0 541
1 4325
12 478
9 224
3 293
5 649
14 130
6 59
1 3409
0 297
2 1705
12 725
7 528
4 47
14 639
6 355
5 456
14 673
4 718
9 487
13 400
7 721
10 732
8 582
11 471
3 181
14 212
5 603
4 706
7 557
2 6717
2 822
8 659
8 886
14 490
0 310
12 705
6 172
11 848
12 608
9 266
11 435
11 270
12 160
4 487
------------------
output_vector_after
8
operator_revise_array
3 353
10 482
13 74
14 639
------------------
output_vector_after
10
operator_revise_array
6 448
5 63
7 315
7 489
9 589
4 161
0 661
13 180
4 285
11 689
1 2499
13 486
10 574
7 679
9 151
3 213
14 519
12 732
6 745
10 307
5 195
5 61
1 1129
2 3519
13 311
11 223
2 1299
9 451
14 399
5 758
2 5433
3 14
10 721
1 5727
11 521
12 415
10 515
12 649
2 2810
6 211
2 3805
8 315
4 114
2 3041
2 630
9 409
7 288
8 40
11 73
10 663
11 40
9 101
3 543
3 751
5 491
7 612
1 5857
12 162
10 210
7 389
10 52
13 376
7 148
13 344
------------------
output_vector_after
10
operator_revise_array
8 154
10 113
8 462
1 3527
2 4461
7 2
1 4155
6 541
2 1555
7 695
14 454
2 3505
0 296
8 671
7 641
11 178
12 683
3 452
8 106
2 4127
11 334
7 732
1 1441
6 368
11 426
10 362
3 55
4 614
5 553
13 242
6 304
8 180
5 302
7 417
6 571
0 733
4 677
0 316
2 2129
14 407
5 5
8 217
11 193
2 2398
1 6526
0 585
6 516
8 567
0 706
8 646
13 194
12 390
0 370
12 526
5 626
0 345
6 149
11 307
7 364
8 214
14 470
9 469
12 135
9 627
------------------
output_vector_after
8
operator_revise_array
6 597
6 430
8 727
0 61
14 104
12 89
2 6288
10 73
0 455
8 678
13 764
7 7
5 168
6 604
8 162
0 689
------------------
output_vector_after
10
operator_revise_array
0 668
3 78
5 266
9 323
7 698
0 228
9 75
5 532
5 737
8 421
11 421
9 262
2 5410
0 626
6 223
4 625
14 392
5 641
9 557
7 304
0 720
10 42
1 2290
0 610
9 385
0 728
2 5301
9 92
10 517
11 495
5 180
11 342
1 2537
12 477
4 44
4 229
7 164
3 561
8 425
8 580
9 354
4 594
9 665
8 635
1 5912
7 545
11 18
10 701
7 293
11 476
3 710
5 584
6 257
1 1266
8 62
0 585
5 430
11 213
0 41
8 545
12 714
1 2904
13 78
6 519
------------------
output_vector_after
10
operator_revise_array
2 1172
10 157
8 420
6 692
------------------
output_vector_after
8
operator_revise_array
8 532
10 643
8 241
1 4446
1 5823
4 180
12 468
10 7
3 50
4 618
3 743
10 251
3 574
7 624
8 73
9 189
0 505
9 598
6 473
11 751
10 636
1 2710
12 556
9 268
11 443
13 691
8 356
5 166
1 4002
11 21
1 5642
12 215
13 109
0 349
10 631
5 550
8 329
14 654
1 2359
5 593
9 326
0 42
3 8
12 714
3 551
8 480
10 113
0 231
5 246
0 100
9 520
0 517
12 271
10 537
14 705
0 197
12 199
12 519
3 659
0 372
10 542
9 536
8 199
9 525
------------------
output_vector_after
8
operator_revise_array
11 704
0 57
4 374
0 252
12 138
14 263
3 584
2 5746
4 105
6 62
6 475
8 632
14 218
8 357
13 291
4 262
------------------
output_vector_after
9
operator_revise_array
6 624
1 2902
1 5723
4 585
8 401
1 1277
10 51
0 692
0 262
13 702
2 2161
1 5856
4 225
5 281
11 511
8 154
3 237
9 101
3 346
14 658
7 588
3 580
5 556
5 514
2 6096
5 729
12 24
13 170
9 653
11 747
0 573
14 508
8 616
2 1459
6 490
11 533
10 290
12 448
3 764
13 11
14 320
13 666
1 1595
9 356
8 100
14 695
9 740
8 520
11 589
3 118
7 620
11 233
14 462
0 88
6 339
4 280
6 803
2 773
12 132
2 5609
5 455
14 775
10 498
4 825
------------------
output_vector_after
6
operator_revise_array
6 605
2 2668
12 529
5 745
3 156
10 20
7 578
0 317
10 288
2 5184
6 289
2 5008
4 625
8 708
0 82
1 3612
12 677
4 485
11 428
9 632
3 243
14 246
6 738
0 607
5 774
2 1167
13 109
0 713
10 299
9 735
4 280
10 407
11 199
0 718
2 4489
10 309
2 4287
6 134
9 254
3 702
11 118
14 152
13 556
10 167
3 603
2 2464
9 647
9 307
12 130
9 189
0 187
7 356
3 704
14 67
6 104
0 583
6 8
9 325
10 507
14 23
3 577
4 778
1 2161
6 464
1 6245
5 431
0 114
13 377
11 756
2 2567
12 430
2 4660
0 306
0 769
0 549
3 538
2 1179
10 267
9 345
10 397
1 5968
2 2444
10 143
9 437
8 340
2 1942
4 227
5 737
5 216
5 211
3 10
5 269
3 62
7 456
12 184
6 145
14 725
7 645
10 241
12 706
2 403
12 184
1 3892
7 449
7 280
5 769
9 738
12 550
13 783
8 560
5 518
13 31
1 914
4 383
5 276
5 122
2 1912
3 101
14 552
3 421
0 760
10 9
5 773
3 646
9 126
13 344
10 620
11 444
------------------
output_vector_after
10
operator_revise_array
9 201
11 253
10 704
10 471
7 82
9 335
2 5731
14 67
0 530
8 175
2 6092
3 472
8 506
10 156
12 280
14 757
------------------
output_vector_after
8
operator_revise_array
6 43
14 124
------------------
output_vector_after
8
operator_revise_array
11 516
5 730
10 441
6 602
14 533
14 294
11 98
14 312
------------------
output_vector_after
8
operator_revise_array
14 255
2 1524
10 709
6 672
4 427
6 312
4 702
6 427
------------------
output_vector_after
8
operator_revise_array
13 300
2 1987
3 517
3 628
12 531
2 4831
9 698
0 63
3 511
0 361
12 614
1 322
13 16
10 129
11 566
5 4
------------------
output_vector_after
9
operator_revise_array
12 625
9 589
7 494
13 7
3 461
12 536
6 274
3 351
5 203
0 331
12 40
12 559
13 319
5 82
13 439
11 216
7 729
3 114
10 663
2 1114
6 593
3 701
2 4476
9 87
12 452
8 617
1 2984
14 48
12 194
11 541
7 110
3 184
------------------
output_vector_after
8
operator_revise_array
5 310
2 172
------------------
output_vector_after
2
operator_revise_array
10 439
2 5602
9 604
3 319
4 578
10 402
8 676
13 322
10 653
4 572
4 548
7 421
4 283
5 643
14 161
1 224
7 200
3 550
4 497
6 462
6 507
7 582
13 773
6 334
5 224
2 452
13 343
11 222
8 421
2 4118
14 55
2 4130
------------------
output_vector_after
8
operator_revise_array
4 183
13 234
8 463
12 342
5 249
11 72
1 1489
8 111
------------------
output_vector_after
40
operator_revise_array
0 183
8 290
9 269
6 88
3 683
0 523
14 365
14 701
1 1014
7 322
8 395
4 185
2 4593
11 560
13 690
3 299
1 4234
5 678
5 96
1 1532
12 137
0 663
4 188
10 102
0 604
14 220
4 478
0 429
6 144
14 525
10 517
1 6122
0 782
9 537
4 519
5 334
14 569
4 468
13 170
4 810
3 460
13 432
6 120
10 22
8 666
1 4354
12 753
0 485
2 750
7 688
14 6
3 700
10 698
11 362
14 433
10 155
11 459
10 478
8 831
10 330
7 764
0 283
7 95
7 753
------------------
output_vector_after
8
operator_revise_array
10 401
2 2656
8 451
12 570
12 570
6 50
13 369
9 72
11 372
5 291
7 330
2 3390
9 366
10 597
8 239
4 371
------------------
output_vector_after
9
operator_revise_array
9 388
10 429
11 155
4 749
9 700
4 364
0 330
6 554
3 95
11 337
1 3699
0 600
10 698
3 87
2 1511
4 688
5 750
0 268
8 482
8 642
0 150
5 575
8 415
9 61
9 297
9 641
2 4111
6 60
3 494
14 374
7 307
8 96
0 276
13 231
11 6
8 461
10 39
5 720
5 106
9 123
5 75
4 340
7 75
8 150
7 377
1 4067
8 466
11 256
9 447
3 648
11 105
5 428
13 361
6 372
14 79
14 354
3 541
4 88
3 472
7 463
10 686
12 118
13 539
0 616
------------------
output_vector_after
10
operator_revise_array
5 219
8 503
9 367
10 294
14 193
13 394
5 309
1 2894
------------------
output_vector_after
10
operator_revise_array
6 171
13 397
2 3213
13 504
0 451
10 731
10 297
9 645
11 513
1 1129
13 292
6 513
2 496
2 1004
2 4318
5 696
------------------
output_vector_after
2
operator_revise_array
8 702
11 736
2 1908
10 588
4 138
1 4015
5 118
3 380
4 244
3 204
7 73
5 488
8 285
6 108
3 125
6 219
13 113
10 92
14 239
1 5134
13 172
2 4002
14 234
12 307
10 157
10 165
9 763
10 338
11 767
9 389
8 58
10 36
------------------
output_vector_after
8
operator_revise_array
14 112
14 568
4 304
0 138
8 687
5 69
4 170
0 169
------------------
output_vector_after
10
operator_revise_array
10 225
8 217
0 462
8 741
10 177
12 291
10 431
4 149
9 260
1 743
10 166
10 252
4 15
11 103
0 449
9 492
2 1715
7 363
13 75
12 603
8 3
9 337
1 1767
6 723
8 153
0 473
7 647
6 270
8 55
14 359
4 26
0 264
2 264
4 721
12 505
5 678
9 103
2 4798
13 363
5 239
12 670
3 211
14 645
14 553
8 295
14 733
13 661
4 3
5 345
9 211
0 433
10 59
12 513
1 3226
1 1514
6 427
3 435
14 679
8 443
8 589
14 659
10 602
12 722
11 469
2 2699
5 422
7 3
1 4507
1 2979
13 240
13 305
7 488
14 670
3 98
3 55
9 730
8 77
7 10
11 320
3 61
11 634
10 465
1 680
4 46
14 20
12 264
6 515
13 730
10 291
13 396
6 99
6 120
13 325
11 250
3 216
11 8
10 15
13 716
13 661
12 399
13 59
11 290
10 135
6 158
7 372
9 581
14 253
8 564
1 1366
7 599
0 461
7 608
1 5128
4 614
0 237
14 583
6 589
1 3047
9 193
1 397
11 398
6 392
0 29
3 232
4 8
9 434
14 506
13 504
------------------
output_vector_after
8
operator_revise_array
9 347
10 698
7 659
11 156
------------------
output_vector_after
10
operator_revise_array
3 149
6 588
9 303
12 259
2 1369
10 94
5 27
14 507
8 116
14 222
10 456
9 611
7 445
12 430
5 750
4 575
13 35
4 298
4 450
8 443
13 195
9 711
5 683
5 337
4 70
2 2355
4 172
5 540
6 314
0 507
2 2866
0 416
------------------
output_vector_after
8
operator_revise_array
11 600
1 3366
14 189
12 328
------------------
output_vector_after
8
operator_revise_array
12 131
9 653
14 325
0 190
------------------
output_vector_after
9
operator_revise_array
11 444
5 732
12 710
4 418
2 2831
14 702
10 552
9 117
9 352
7 278
8 154
8 590
11 773
3 352
13 348
12 649
5 259
7 593
9 531
4 101
1 163
6 369
10 66
8 34
13 78
5 755
3 241
11 393
12 753
10 185
5 38
14 613
------------------
output_vector_after
8
operator_revise_array
14 234
8 478
14 619
0 352
0 722
3 453
11 622
12 561
6 202
1 2787
5 510
12 174
4 683
1 4128
2 2398
1 2509
11 140
12 188
5 137
6 469
0 255
0 80
1 6458
4 388
4 241
14 647
10 41
10 599
11 685
14 150
6 136
8 601
6 490
5 464
0 488
12 645
7 406
10 823
1 1803
2 2472
1 1302
11 510
3 122
12 111
12 322
11 376
6 770
9 809
8 673
5 694
13 111
3 714
10 651
12 13
14 355
3 264
14 839
10 454
7 158
10 684
12 572
1 993
10 760
13 227
------------------
output_vector_after
9
operator_revise_array
0 422
13 4
12 209
1 875
3 338
3 165
0 480
13 430
3 347
10 475
3 115
4 341
3 239
4 715
0 369
4 202
------------------
output_vector_after
8
operator_revise_array
10 701
5 680
12 316
13 490
10 8
2 472
5 695
12 98
5 616
2 2708
5 206
13 498
11 169
0 541
13 242
11 42
------------------
output_vector_after
8
operator_revise_array
8 751
6 698
0 195
14 34
12 575
13 314
1 2667
3 275
------------------
output_vector_after
8
operator_revise_array
13 606
1 2660
8 443
10 124
2 1401
14 579
10 138
7 225
3 535
8 214
5 12
6 541
10 744
11 636
14 123
11 384
------------------
output_vector_after
17
operator_revise_array
8 596
4 406
12 304
8 14
0 572
6 583
14 6
3 522
14 332
14 68
1 6168
12 647
9 57
10 310
9 329
4 437
------------------
output_vector_after
8
operator_revise_array
13 263
5 601
------------------
output_vector_after
9
operator_revise_array
11 483
12 505
0 741
13 331
1 5456
9 693
7 480
14 83
4 277
11 190
10 349
0 680
2 6287
11 284
3 768
13 508
9 425
3 331
0 463
1 2713
1 1934
2 1123
8 754
10 605
9 750
14 347
11 500
12 435
9 146
2 1767
0 248
11 450
8 224
2 4747
14 216
14 298
12 151
12 53
7 618
10 32
4 639
14 38
9 483
12 491
9 119
9 217
2 5914
12 313
0 312
4 317
8 256
14 473
13 11
11 134
9 505
6 312
10 287
1 4809
9 729
0 114
3 407
2 478
14 650
9 513
------------------
output_vector_after
8
operator_revise_array
2 3674
10 699
14 576
7 705
14 718
11 431
0 453
11 81
14 571
12 450
10 201
11 558
14 314
12 774
6 462
8 620
------------------
output_vector_after
2
operator_revise_array
10 150
9 192
5 525
12 265
9 463
14 669
3 194
9 729
3 717
6 109
13 370
12 675
1 1822
2 4398
11 248
4 311
3 742
1 852
4 693
0 274
6 37
12 353
10 33
2 2502
4 41
7 733
4 353
1 386
9 178
1 139
7 590
8 610
5 163
3 130
0 298
7 486
10 205
10 96
14 108
6 106
3 630
1 1077
0 288
10 485
9 360
11 678
11 723
12 76
8 718
14 100
12 641
8 524
9 281
8 127
2 5889
0 397
14 517
1 5348
1 3566
7 520
4 325
4 40
10 600
4 295
------------------
output_vector_after
10
operator_revise_array
3 445
7 115
6 41
8 363
1 2990
10 674
6 563
4 439
3 325
10 645
5 312
1 1408
2 2928
4 668
12 298
11 597
8 457
4 424
4 600
12 136
14 250
9 192
2 2583
10 139
4 664
1 5670
7 235
13 282
1 2390
8 335
8 134
6 86
------------------
output_vector_after
2
operator_revise_array
11 225
0 24
9 3
9 194
14 248
2 166
3 541
6 368
6 130
12 67
13 727
0 355
10 681
13 643
14 506
13 440
4 69
8 242
7 338
6 81
3 257
13 557
6 629
1 1553
6 249
13 409
7 562
3 140
11 23
0 369
2 2939
1 3821
5 21
6 217
5 6
6 70
12 44
5 64
6 45
9 380
4 410
5 91
6 64
11 500
10 35
4 51
11 322
13 328
5 375
13 504
6 421
0 313
10 595
14 521
4 12
12 454
12 278
2 3014
4 564
12 85
6 487
8 286
0 456
12 144
6 74
0 428
11 520
0 71
8 39
8 86
4 125
1 1940
11 193
14 558
0 395
1 2202
5 369
7 86
3 24
12 438
2 3483
13 402
7 253
12 206
13 405
2 1575
11 618
6 121
14 568
2 4760
0 311
11 590
5 420
3 440
13 576
9 20
8 309
1 4280
5 512
4 157
5 497
13 89
2 3635
3 400
9 29
7 472
8 409
13 511
5 101
11 495
1 1591
9 58
3 57
3 455
0 27
1 3929
14 452
4 353
13 439
10 120
6 430
7 285
13 414
2 1252
9 292
13 180
0 153
5 206
------------------
output_vector_after
2
operator_revise_array
13 676
4 541
12 20
11 312
7 649
13 634
5 322
1 2597
7 188
0 70
9 316
13 396
0 349
6 254
1 4594
9 621
6 388
11 485
0 300
7 580
11 445
13 582
7 79
12 96
9 502
7 236
6 437
5 144
3 264
14 207
11 323
4 495
8 592
1 1601
9 186
11 516
10 518
14 447
5 329
3 231
14 257
6 168
7 392
7 208
0 615
2 1081
14 233
9 708
13 339
6 408
13 702
5 565
0 509
9 242
3 305
6 542
12 585
14 371
10 346
13 76
5 339
5 539
14 500
11 447
------------------
output_vector_after
2
operator_revise_array
3 43
10 308
1 4299
8 43
8 210
14 593
9 462
12 259
8 403
4 306
5 174
12 420
6 600
10 162
8 591
11 444
5 101
5 138
8 424
8 33
6 358
11 546
12 749
9 660
14 366
13 463
0 734
9 175
2 2598
7 546
5 463
4 170
2 2568
11 398
4 659
12 730
10 57
2 3649
8 237
13 91
5 543
5 244
2 3791
7 616
4 300
12 276
6 711
1 3489
7 605
8 460
2 1806
14 591
4 284
8 124
1 5752
9 389
10 397
10 556
0 146
9 56
4 657
2 1349
5 456
10 38
10 302
10 494
8 154
3 250
4 192
12 198
13 396
10 17
14 672
8 291
6 444
13 573
9 282
12 46
4 568
9 245
13 307
3 48
10 538
13 156
11 363
5 135
8 57
5 418
14 466
4 409
5 388
10 217
14 645
6 648
2 2838
13 165
11 162
1 3635
1 490
11 133
7 31
8 335
12 397
1 4755
7 305
4 449
2 418
4 441
14 411
5 664
5 509
7 4
7 79
4 480
3 72
8 335
13 643
11 443
10 167
6 473
9 31
6 171
4 400
0 588
4 649
0 387
10 257
13 265
------------------
output_vector_after
10
operator_revise_array
7 362
3 217
3 635
8 202
5 447
5 25
7 32
1 2511
8 698
4 66
1 4680
6 515
13 625
8 157
10 630
13 668
13 65
10 507
14 530
13 263
8 34
2 2832
13 226
12 389
6 279
10 605
5 449
0 560
5 459
7 21
2 2391
1 2818
------------------
output_vector_after
10
operator_revise_array
7 656
12 158
5 285
14 727
1 1630
5 632
12 460
2 1826
10 381
6 638
7 270
11 248
5 578
7 268
8 440
5 311
3 5
9 327
6 363
11 619
6 557
0 16
13 120
7 296
0 132
10 358
11 148
4 122
9 67
4 291
14 141
14 294
11 175
10 90
1 3679
8 12
6 39
10 219
3 696
10 304
4 624
7 632
12 33
8 54
13 738
12 101
9 392
6 664
7 224
9 261
6 526
7 231
11 410
13 509
9 666
7 7
13 80
11 279
1 1791
7 45
4 126
4 431
8 575
13 41
12 487
8 639
14 570
14 348
7 426
14 79
11 198
2 963
7 224
1 1743
10 524
6 606
0 725
0 298
7 726
1 753
11 238
11 310
13 86
1 4301
13 434
14 294
5 627
13 117
11 643
1 3009
0 177
6 301
11 123
10 271
10 433
13 478
1 3062
10 64
0 293
7 460
11 650
0 269
9 511
2 2923
2 1981
10 624
0 6
2 2340
9 422
9 82
1 2819
10 27
14 654
4 249
2 1488
11 685
0 495
13 327
5 286
9 294
2 4992
10 348
0 410
10 230
1 3157
1 3689
9 41
12 330
------------------
output_vector_after
10
operator_revise_array
9 105
11 254
0 526
8 81
2 1016
4 201
8 75
13 262
10 347
13 260
8 671
10 318
9 183
2 1494
14 365
6 484
1 1429
4 281
3 247
1 3189
0 376
12 485
2 2412
0 376
7 372
2 3021
1 3424
8 331
2 560
8 140
4 668
6 725
2 5468
0 415
8 49
7 661
13 672
1 206
5 14
11 176
8 14
14 6
0 139
3 601
6 56
12 704
2 4721
11 355
4 734
10 193
2 5937
13 287
9 529
4 343
13 300
11 141
3 27
0 167
8 233
10 425
7 168
7 53
10 83
13 243
------------------
output_vector_after
2
operator_revise_array
12 679
6 645
6 211
1 411
12 170
6 540
6 108
1 1105
11 220
12 664
8 139
10 217
7 546
0 672
3 436
10 279
7 683
12 502
0 133
0 186
5 241
4 710
10 605
12 359
0 568
0 528
8 300
4 79
9 226
9 606
6 616
13 466
9 539
2 2475
13 691
3 488
12 604
1 2243
10 562
13 350
10 528
3 395
9 575
7 125
12 469
1 5260
9 408
11 123
7 491
1 4737
4 283
13 210
1 130
6 541
13 68
6 289
8 142
0 382
3 642
11 308
1 5035
1 1505
8 364
8 644
------------------
output_vector_after
40
operator_revise_array
6 489
2 3917
11 527
4 353
0 362
11 492
11 632
0 416
0 546
0 479
9 58
3 335
1 861
4 192
0 443
9 109
3 525
13 98
13 245
14 399
12 5
7 45
1 4856
8 339
14 443
12 136
3 394
5 227
13 288
1 606
12 24
6 187
11 735
6 654
2 4027
2 1300
11 464
4 302
10 233
12 251
3 156
4 495
14 659
7 159
7 17
10 306
6 11
14 218
11 143
14 277
3 520
7 527
4 206
10 179
13 12
7 510
3 754
6 261
14 25
8 554
2 708
9 187
9 604
5 462
------------------
output_vector_after
2
operator_revise_array
6 506
2 4207
4 299
6 118
4 701
13 319
6 260
3 391
3 128
3 185
13 11
1 5644
11 601
2 395
5 164
12 572
------------------
output_vector_after
2
operator_revise_array
9 667
4 372
11 55
10 278
9 724
3 697
5 594
14 125
5 706
6 250
2 1554
5 309
6 595
6 103
10 605
5 677
------------------
output_vector_after
2
operator_revise_array
6 371
9 214
11 50
9 188
12 120
8 671
13 225
13 344
11 535
9 687
5 32
11 355
12 57
12 311
14 146
1 4245
------------------
output_vector_after
2
operator_revise_array
14 132
7 595
10 722
1 5378
------------------
output_vector_after
2
operator_revise_array
10 31
13 160
------------------
output_vector_after
2
operator_revise_array
8 519
0 190
3 72
3 434
4 335
14 194
10 738
10 557
3 247
11 242
12 243
12 656
6 84
8 408
8 600
8 546
6 435
3 669
4 195
0 554
10 559
7 685
1 4137
9 93
5 255
9 460
10 480
5 365
10 452
5 183
12 295
13 185
------------------
output_vector_after
2
operator_revise_array
8 59
12 329
14 560
12 735
12 423
13 107
4 168
13 613
10 519
10 334
0 240
5 552
12 15
1 2562
6 125
9 262
------------------
output_vector_after
2
operator_revise_array
14 124
2 2295
4 539
14 126
------------------
output_vector_after
2
operator_revise_array
1 5236
2 528
10 665
3 173
8 266
2 5010
3 263
11 659
10 607
1 3514
6 652
12 244
1 3107
14 111
1 5035
6 375
3 104
6 695
13 273
0 296
13 68
5 474
12 327
12 240
3 520
12 42
11 435
7 261
9 435
14 595
11 445
3 34
3 567
2 5649
12 162
14 302
14 718
0 335
13 437
3 571
7 675
13 325
12 493
5 210
6 470
7 425
9 269
1 790
2 4729
1 147
2 1109
1 2705
4 270
6 205
8 249
5 558
10 159
3 425
6 357
4 162
9 45
14 202
2 1584
1 3345
------------------
newcase
output_vector_after
8
operator_revise_array
1 92
5 81
10 95
4 105
12 122
6 85
6 50
0 37
14 68
11 47
8 11
4 139
10 205
0 213
5 228
3 23
------------------
output_vector_after
6
operator_revise_array
14 226
5 205
10 112
8 116
7 46
3 78
4 152
7 73
7 88
7 99
7 265
12 160
11 233
13 38
11 227
4 137
------------------
output_vector_after
8
operator_revise_array
10 215
9 243
5 143
6 103
1 1786
14 19
13 3
5 184
------------------
output_vector_after
8
operator_revise_array
9 145
8 33
11 110
12 168
11 202
2 690
8 62
5 66
------------------
output_vector_after
8
operator_revise_array
10 165
14 62
5 117
11 81
10 122
0 63
4 78
2 199
------------------
output_vector_after
8
operator_revise_array
4 21
9 117
------------------
output_vector_after
8
operator_revise_array
14 103
9 71
3 112
2 208
------------------
output_vector_after
8
operator_revise_array
9 185
14 47
------------------
output_vector_after
22
operator_revise_array
3 44
9 256
1 1115
8 184
------------------
output_vector_after
3
operator_revise_array
7 48
11 62
4 70
14 78
0 156
5 243
6 264
13 166
14 225
5 136
2 2119
13 231
3 136
6 261
7 119
5 178
6 80
10 234
11 231
2 791
14 190
4 96
8 202
4 233
7 265
4 58
11 94
7 123
10 219
7 240
10 108
6 285
------------------
output_vector_after
6
operator_revise_array
8 223
5 32
11 260
11 104
------------------
output_vector_after
8
operator_revise_array
14 79
14 42
1 2069
11 122
------------------
output_vector_after
8
operator_revise_array
2 61
7 138
0 21
6 53
5 207
0 105
5 147
0 94
------------------
output_vector_after
6
operator_revise_array
2 2051
10 49
8 195
1 1924
------------------
output_vector_after
8
operator_revise_array
14 7
7 193
------------------
output_vector_after
11
operator_revise_array
10 160
8 245
------------------
output_vector_after
8
operator_revise_array
12 84
5 18
------------------
output_vector_after
11
operator_revise_array
0 70
6 74
------------------
output_vector_after
6
operator_revise_array
0 81
7 244
------------------
output_vector_after
8
operator_revise_array
9 216
10 103
12 125
8 115
14 114
5 257
6 230
10 29
------------------
output_vector_after
8
operator_revise_array
11 78
0 104
3 21
2 90
6 171
1 992
8 257
5 225
------------------
output_vector_after
8
operator_revise_array
5 100
0 220
7 6
13 19
------------------
output_vector_after
6
operator_revise_array
4 55
2 2053
0 17
12 17
------------------
output_vector_after
6
operator_revise_array
3 18
0 195
2 907
5 31
0 82
0 60
8 134
0 256
------------------
output_vector_after
8
operator_revise_array
6 183
12 79
4 111
7 103
8 178
0 14
7 25
10 206
6 140
6 123
2 1524
1 96
11 50
3 10
14 3
10 173
5 177
14 150
11 57
6 270
13 116
4 68
14 191
9 245
8 110
8 7
3 71
5 142
4 180
4 111
13 34
0 107
------------------
output_vector_after
8
operator_revise_array
11 209
3 153
4 36
3 121
14 101
14 244
1 910
10 108
13 97
4 139
14 80
0 118
8 258
4 193
5 40
0 283
------------------
output_vector_after
8
operator_revise_array
9 6
14 259
------------------
output_vector_after
8
operator_revise_array
7 128
11 140
9 176
6 58
4 221
6 212
2 66
0 211
------------------
output_vector_after
8
operator_revise_array
8 246
6 130
------------------
output_vector_after
6
operator_revise_array
8 245
8 106
------------------
output_vector_after
6
operator_revise_array
2 1955
2 917
5 52
12 204
------------------
output_vector_after
8
operator_revise_array
5 209
6 136
6 157
1 106
8 211
8 219
6 125
5 200
1 328
4 242
2 1444
2 300
14 5
7 99
11 144
6 169
6 8
10 52
6 153
5 5
5 5
5 4
4 150
0 131
9 208
10 236
6 167
3 222
14 124
0 181
0 161
3 106
------------------
output_vector_after
8
operator_revise_array
0 164
14 24
------------------
output_vector_after
8
operator_revise_array
14 44
4 205
------------------
output_vector_after
8
operator_revise_array
9 115
8 198
7 228
1 1310
7 6
1 1691
12 168
13 195
7 153
13 153
13 178
6 57
1 1565
12 152
7 158
0 49
------------------
output_vector_after
8
operator_revise_array
5 102
3 175
3 162
5 41
2 1484
7 21
9 133
10 182
1 1261
1 63
11 195
1 870
3 119
12 111
6 153
7 92
------------------
output_vector_after
6
operator_revise_array
2 586
7 34
9 96
9 76
11 51
7 243
4 45
9 233
------------------
output_vector_after
8
operator_revise_array
9 22
10 84
2 89
4 156
------------------
output_vector_after
8
operator_revise_array
12 129
14 117
------------------
output_vector_after
6
operator_revise_array
6 147
0 24
9 83
7 256
12 95
0 63
5 24
12 28
0 100
7 61
6 100
6 54
10 161
0 35
9 130
7 18
------------------
output_vector_after
8
operator_revise_array
1 242
4 50
11 36
7 245
------------------
output_vector_after
8
operator_revise_array
2 2010
7 158
8 26
0 104
9 217
7 172
7 178
7 159
------------------
output_vector_after
8
operator_revise_array
11 218
7 251
------------------
output_vector_after
8
operator_revise_array
8 259
3 155
9 205
7 33
------------------
output_vector_after
6
operator_revise_array
9 256
6 22
4 258
0 52
4 57
12 230
9 49
11 218
------------------
output_vector_after
8
operator_revise_array
12 255
5 138
13 223
4 11
------------------
output_vector_after
8
operator_revise_array
3 15
1 1213
3 186
3 16
6 5
8 222
0 146
11 230
6 45
3 103
2 2010
2 1400
1 1664
6 95
7 62
5 185
------------------
output_vector_after
8
operator_revise_array
13 151
0 217
------------------
output_vector_after
8
operator_revise_array
12 229
0 60
14 195
1 1619
5 267
12 7
3 78
14 60
------------------
output_vector_after
8
operator_revise_array
11 5
9 134
------------------
output_vector_after
8
operator_revise_array
7 66
6 137
3 170
1 570
9 228
1 450
0 44
13 177
------------------
output_vector_after
8
operator_revise_array
9 41
4 4
6 10
14 189
------------------
output_vector_after
14
operator_revise_array
2 700
5 216
0 217
7 70
10 140
3 194
1 381
1 789
1 61
5 35
2 1263
2 262
6 214
3 81
13 89
8 239
------------------
output_vector_after
8
operator_revise_array
8 124
0 57
------------------
output_vector_after
8
operator_revise_array
0 128
6 222
4 132
0 146
14 113
1 1806
4 21
11 8
8 221
3 108
12 181
12 198
13 104
7 65
7 33
14 86
------------------
output_vector_after
8
operator_revise_array
10 76
12 207
4 96
11 81
------------------
output_vector_after
8
operator_revise_array
11 235
6 196
5 168
2 92
14 70
8 203
10 192
10 166
6 17
5 45
10 112
4 222
4 151
8 130
11 140
3 111
------------------
output_vector_after
8
operator_revise_array
6 78
11 29
11 138
14 22
------------------
output_vector_after
8
operator_revise_array
4 51
14 148
------------------
output_vector_after
8
operator_revise_array
13 66
1 745
2 1502
1 822
------------------
output_vector_after
6
operator_revise_array
2 190
0 244
------------------
output_vector_after
8
operator_revise_array
0 188
3 109
5 211
5 196
1 1716
12 120
8 194
13 95
11 137
10 31
7 235
10 225
10 5
9 61
0 54
14 221
10 58
6 122
5 4
0 62
12 150
8 94
4 153
7 178
1 446
6 233
6 187
9 180
9 42
7 100
1 1809
0 265
------------------
output_vector_after
8
operator_revise_array
14 52
8 201
4 88
10 252
------------------
output_vector_after
8
operator_revise_array
7 91
5 108
------------------
output_vector_after
8
operator_revise_array
9 5
0 208
13 120
0 47
------------------
output_vector_after
8
operator_revise_array
0 220
3 150
0 33
4 70
8 164
8 217
1 909
5 19
------------------
output_vector_after
8
operator_revise_array
4 87
13 156
3 16
13 7
13 92
6 120
9 109
0 107
------------------
output_vector_after
8
operator_revise_array
8 18
5 35
------------------
output_vector_after
2
operator_revise_array
------------------
output_vector_after
8
operator_revise_array
1 618
0 219
12 107
12 180
13 88
5 60
2 1817
9 120
------------------
output_vector_after
8
operator_revise_array
8 38
11 215
9 261
5 194
1 1422
6 22
8 191
1 665
1 234
9 73
13 9
12 29
11 209
5 113
12 48
9 229
------------------
output_vector_after
8
operator_revise_array
5 150
11 8
1 1047
8 54
------------------
output_vector_after
8
operator_revise_array
2 29
5 178
14 194
11 268
------------------
output_vector_after
8
operator_revise_array
1 1237
0 179
2 1478
4 47
11 199
1 1168
9 158
10 205
6 11
1 226
9 221
2 507
10 194
6 122
11 98
13 97
------------------
output_vector_after
8
operator_revise_array
11 209
8 6
------------------
output_vector_after
8
operator_revise_array
13 251
5 177
3 153
10 44
------------------
output_vector_after
8
operator_revise_array
14 18
9 264
------------------
output_vector_after
12
operator_revise_array
4 59
2 2024
11 232
13 35
14 229
3 189
7 146
5 257
4 122
9 68
7 179
1 1478
11 204
2 1954
2 234
5 8
0 258
7 147
4 54
11 24
1 1291
9 138
12 221
3 181
6 182
13 12
6 83
14 229
2 632
0 171
8 22
9 13
------------------
output_vector_after
8
operator_revise_array
2 2052
3 195
2 964
1 721
------------------
output_vector_after
8
operator_revise_array
3 156
6 146
7 250
5 73
6 262
9 66
1 734
7 185
------------------
output_vector_after
8
operator_revise_array
7 84
8 21
9 198
5 109
------------------
output_vector_after
6
operator_revise_array
11 110
6 23
4 218
5 133
7 116
5 49
1 1697
3 6
0 60
10 199
12 256
3 79
1 639
3 186
0 191
5 214
------------------
output_vector_after
8
operator_revise_array
13 191
9 207
13 87
9 95
------------------
output_vector_after
8
operator_revise_array
3 116
5 138
1 167
13 195
------------------
output_vector_after
8
operator_revise_array
12 202
5 35
8 145
6 122
------------------
output_vector_after
6
operator_revise_array
0 190
0 255
8 47
4 54
------------------
output_vector_after
6
operator_revise_array
13 260
11 256
12 136
12 170
------------------
output_vector_after
8
operator_revise_array
6 162
5 35
6 157
5 61
2 404
5 28
13 218
7 119
------------------
output_vector_after
8
operator_revise_array
2 1098
2 1147
11 8
9 64
------------------
output_vector_after
8
operator_revise_array
12 147
14 84
3 62
9 42
2 2195
9 257
7 149
11 44
3 65
6 133
1 1157
9 276
4 22
1 217
4 176
11 136
11 226
2 1107
3 172
9 101
0 288
3 256
12 197
6 81
7 165
7 272
0 255
0 34
9 207
4 201
4 110
6 92
------------------
output_vector_after
8
operator_revise_array
14 263
2 1972
4 62
2 1903
------------------
output_vector_after
8
operator_revise_array
8 58
14 94
------------------
output_vector_after
8
operator_revise_array
13 15
6 89
8 208
9 158
------------------
output_vector_after
6
operator_revise_array
6 226
12 31
------------------
output_vector_after
8
operator_revise_array
4 20
11 220
------------------
output_vector_after
8
operator_revise_array
2 1834
12 259
14 6
1 518
11 65
11 170
5 223
2 1098
------------------
output_vector_after
6
operator_revise_array
8 224
11 259
------------------
output_vector_after
8
operator_revise_array
12 93
9 257
7 72
13 111
------------------
output_vector_after
6
operator_revise_array
5 175
9 256
4 177
3 223
7 114
2 994
11 86
11 233
4 189
11 178
8 191
4 77
12 77
12 46
14 259
4 176
------------------
output_vector_after
8
operator_revise_array
10 154
11 162
12 32
13 5
------------------
output_vector_after
8
operator_revise_array
3 163
9 137
5 184
4 65
4 48
3 236
1 1703
3 141
10 48
7 247
1 286
0 235
14 153
1 2103
8 104
13 113
11 130
10 76
5 269
7 197
2 1888
6 211
10 38
6 216
6 155
10 101
10 184
7 72
1 784
3 91
9 195
5 80
------------------
output_vector_after
6
operator_revise_array
12 72
8 129
0 251
12 31
------------------
output_vector_after
8
operator_revise_array
10 84
3 7
------------------
output_vector_after
8
operator_revise_array
12 217
11 6
------------------
output_vector_after
1
operator_revise_array
11 243
11 153
13 64
13 99
2 1121
12 11
14 39
1 304
11 226
8 199
10 52
3 51
5 185
9 114
12 33
10 225
------------------
output_vector_after
8
operator_revise_array
14 74
7 239
9 203
12 19
------------------
output_vector_after
8
operator_revise_array
5 17
8 163
13 60
13 23
9 147
1 121
2 383
8 107
------------------
output_vector_after
8
operator_revise_array
9 231
13 54
------------------
output_vector_after
8
operator_revise_array
14 190
3 18
10 102
7 10
------------------
output_vector_after
6
operator_revise_array
8 241
12 37
3 173
7 187
------------------
output_vector_after
8
operator_revise_array
1 1044
14 66
------------------
output_vector_after
8
operator_revise_array
9 64
8 134
5 65
0 165
6 100
14 11
12 156
14 240
9 91
2 1333
13 10
3 32
2 160
13 172
2 1290
10 208
------------------
output_vector_after
8
operator_revise_array
5 38
10 110
8 243
5 144
------------------
output_vector_after
8
operator_revise_array
5 126
14 106
------------------
output_vector_after
8
operator_revise_array
7 25
12 133
10 207
13 216
------------------
output_vector_after
8
operator_revise_array
5 99
0 211
10 238
6 58
10 47
2 2099
14 195
10 115
------------------
output_vector_after
8
operator_revise_array
7 21
2 365
2 1817
7 117
------------------
output_vector_after
8
operator_revise_array
5 116
14 56
5 31
8 174
7 76
11 227
10 176
8 63
2 984
1 1127
14 129
8 307
10 63
12 241
5 236
13 278
------------------
output_vector_after
8
operator_revise_array
6 120
5 18
10 243
14 112
3 92
7 141
9 125
7 243
4 129
0 15
8 213
6 174
10 197
12 56
6 129
6 4
------------------
output_vector_after
8
operator_revise_array
12 221
6 141
2 774
13 19
------------------
output_vector_after
8
operator_revise_array
2 1148
7 74
11 75
14 230
------------------
output_vector_after
6
operator_revise_array
12 188
10 245
------------------
output_vector_after
8
operator_revise_array
3 29
8 241
------------------
output_vector_after
8
operator_revise_array
7 118
8 118
14 32
12 81
10 121
1 1583
5 173
9 130
------------------
output_vector_after
8
operator_revise_array
13 104
0 71
4 215
14 58
------------------
output_vector_after
8
operator_revise_array
2 401
10 261
5 64
14 81
2 1451
7 230
4 187
5 208
0 226
7 163
3 150
11 169
6 140
1 1676
7 130
7 102
------------------
output_vector_after
6
operator_revise_array
8 241
10 136
------------------
output_vector_after
8
operator_revise_array
3 132
5 193
13 208
7 79
7 16
14 47
7 183
5 90
------------------
output_vector_after
8
operator_revise_array
1 343
0 7
12 161
0 125
11 216
10 92
7 224
11 226
2 1547
9 9
9 132
11 11
13 59
7 231
14 258
9 224
------------------
output_vector_after
8
operator_revise_array
2 86
5 228
12 214
3 206
8 238
7 84
11 4
4 93
2 1665
2 2103
8 208
5 190
14 15
6 188
10 257
8 261
------------------
output_vector_after
8
operator_revise_array
5 79
1 1287
8 49
4 24
14 14
5 61
1 1791
12 223
------------------
output_vector_after
8
operator_revise_array
9 140
5 120
14 165
4 118
------------------
output_vector_after
8
operator_revise_array
4 31
8 44
14 169
9 261
------------------
output_vector_after
8
operator_revise_array
7 170
14 224
0 73
2 2004
3 135
13 122
4 147
0 205
9 87
0 233
11 161
11 117
12 146
2 1954
10 5
11 66
14 133
11 231
12 151
12 156
3 259
5 47
1 1159
4 122
4 251
10 154
10 27
13 122
11 109
11 177
5 100
8 188
------------------
output_vector_after
8
operator_revise_array
3 146
10 206
6 39
6 43
2 1807
7 183
6 59
8 18
3 22
1 668
11 217
12 46
8 6
12 181
14 34
9 172
------------------
output_vector_after
8
operator_revise_array
11 211
14 107
------------------
output_vector_after
8
operator_revise_array
2 108
11 147
2 947
13 129
2 1806
1 358
2 1341
0 139
4 149
4 26
14 120
0 102
11 204
14 123
10 67
14 294
4 53
1 190
11 74
6 49
4 207
10 250
12 157
13 119
9 81
10 149
6 279
6 156
12 218
14 207
0 71
2 1184
13 72
6 227
5 143
1 1472
0 228
7 151
14 13
4 216
2 2304
10 54
5 275
7 21
1 2241
8 121
10 102
6 200
7 151
10 141
12 152
9 35
5 166
0 140
0 26
5 73
12 152
8 57
12 32
14 122
10 217
10 43
2 1811
6 66
------------------
output_vector_after
8
operator_revise_array
5 242
5 25
5 75
0 208
6 110
13 189
11 130
0 152
7 106
13 96
14 179
5 109
9 76
5 105
6 88
1 1604
11 112
12 136
10 125
14 153
10 32
1 1204
10 191
11 176
2 937
9 140
6 75
8 180
7 195
5 27
5 140
6 58
------------------
output_vector_after
8
operator_revise_array
7 173
4 94
9 74
6 57
5 66
1 1985
5 126
1 995
0 72
8 44
4 176
5 120
10 60
13 12
1 31
4 127
------------------
output_vector_after
8
operator_revise_array
2 744
11 151
6 172
0 78
9 57
0 169
7 230
10 63
------------------
output_vector_after
6
operator_revise_array
8 67
7 170
5 96
3 48
2 178
0 246
12 51
2 1371
------------------
output_vector_after
8
operator_revise_array
12 74
2 1297
3 21
11 4
------------------
output_vector_after
8
operator_revise_array
0 252
12 150
10 65
12 68
------------------
output_vector_after
8
operator_revise_array
0 17
3 232
0 225
8 256
14 75
2 1960
0 270
1 1458
------------------
output_vector_after
19
operator_revise_array
5 205
10 149
0 91
8 253
3 188
12 85
9 31
2 656
12 97
0 27
4 117
11 65
4 216
10 80
2 919
2 1851
------------------
output_vector_after
19
operator_revise_array
13 98
14 137
14 74
12 170
9 98
4 98
5 69
2 2131
------------------
output_vector_after
8
operator_revise_array
6 4
6 174
2 1645
11 97
12 148
14 178
9 28
10 25
------------------
output_vector_after
8
operator_revise_array
4 257
11 25
5 89
5 109
7 250
3 134
6 35
8 146
------------------
output_vector_after
8
operator_revise_array
4 83
6 260
0 257
8 59
14 257
13 110
8 142
7 83
------------------
output_vector_after
8
operator_revise_array
6 107
0 166
14 39
11 246
8 99
4 235
3 70
0 114
------------------
output_vector_after
8
operator_revise_array
13 59
5 173
------------------
output_vector_after
8
operator_revise_array
6 35
13 225
3 104
14 114
5 21
13 73
9 126
13 171
------------------
output_vector_after
8
operator_revise_array
10 138
4 60
7 111
11 6
11 130
2 534
2 501
6 223
------------------
output_vector_after
2
operator_revise_array
9 260
7 9
11 135
0 11
10 13
14 237
14 84
4 50
2 674
4 285
13 225
9 74
1 998
9 229
1 1404
14 4
11 31
12 286
6 240
4 43
14 93
1 1772
1 1465
2 445
0 140
13 286
1 1231
11 73
11 192
7 141
5 239
14 223
8 241
13 178
10 75
2 1771
13 261
12 249
0 270
14 25
12 6
10 241
6 92
2 237
3 217
5 195
14 219
4 302
3 44
8 111
2 2113
8 236
10 33
7 21
0 207
1 821
11 139
11 296
5 258
7 135
10 36
0 244
9 78
1 2093
5 184
5 165
5 174
10 71
14 14
8 97
0 222
9 165
2 1435
12 151
2 444
2 696
11 151
2 1134
13 52
2 100
13 165
10 153
0 176
14 265
9 189
4 81
3 151
14 96
12 7
3 24
3 151
4 201
9 40
4 94
12 196
12 60
8 226
7 139
0 256
11 6
3 238
9 279
14 310
4 86
12 317
0 163
8 145
13 184
8 242
10 224
11 122
6 92
7 49
2 1245
0 128
0 145
12 177
13 137
8 109
7 223
8 232
12 87
1 98
0 41
0 187
8 83
10 174
14 184
------------------
output_vector_after
8
operator_revise_array
13 190
1 1075
------------------
output_vector_after
8
operator_revise_array
10 176
13 205
------------------
output_vector_after
8
operator_revise_array
9 103
11 182
0 161
11 6
------------------
output_vector_after
6
operator_revise_array
10 101
5 141
11 186
1 1930
0 251
2 2073
1 478
8 161
------------------
output_vector_after
14
operator_revise_array
10 120
9 140
7 162
8 191
7 138
5 63
9 193
9 77
5 218
0 255
5 186
4 171
10 148
7 66
5 19
6 261
------------------
output_vector_after
8
operator_revise_array
14 175
3 183
12 29
3 130
------------------
output_vector_after
8
operator_revise_array
6 256
2 1146
1 518
10 84
------------------
output_vector_after
11
operator_revise_array
0 208
7 255
------------------
output_vector_after
8
operator_revise_array
1 2102
13 9
------------------
output_vector_after
6
operator_revise_array
10 77
8 231
6 83
8 241
12 47
1 1956
1 98
6 105
------------------
output_vector_after
8
operator_revise_array
6 236
3 212
8 202
11 63
9 151
1 1243
13 24
8 152
------------------
output_vector_after
8
operator_revise_array
14 138
8 81
2 1456
12 249
1 1040
8 38
0 197
11 176
------------------
output_vector_after
8
operator_revise_array
9 48
10 68
11 89
13 203
14 76
0 55
5 55
13 126
11 98
4 103
10 130
5 102
3 79
12 221
10 120
12 269
------------------
output_vector_after
8
operator_revise_array
9 194
14 58
------------------
output_vector_after
23
operator_revise_array
0 162
12 259
2 1734
12 138
------------------
output_vector_after
40
operator_revise_array
1 821
0 43
2 2785
9 205
8 335
3 174
3 228
1 2622
14 130
0 23
9 166
2 352
2 651
7 118
7 113
12 306
8 25
14 386
7 70
1 743
5 44
3 122
6 123
4 164
14 250
1 1498
7 401
1 1477
9 44
6 59
6 288
1 3082
8 139
7 114
8 197
10 179
12 349
4 274
1 419
9 116
9 192
8 95
1 2262
12 287
7 122
8 95
12 51
13 142
3 313
13 258
13 137
2 2597
12 79
10 290
7 164
8 162
1 2728
5 163
11 66
9 261
4 162
10 78
2 612
0 66
------------------
output_vector_after
40
operator_revise_array
2 933
4 33
2 2432
14 169
8 359
12 226
11 76
3 104
------------------
output_vector_after
9
operator_revise_array
12 113
2 2223
6 194
0 21
1 2063
8 113
6 334
0 31
13 228
4 66
4 208
13 87
9 296
2 1015
4 151
5 63
5 200
10 129
13 96
12 233
14 4
3 87
5 163
11 286
5 340
12 262
9 320
6 332
2 2885
14 147
9 143
1 1904
------------------
output_vector_after
40
operator_revise_array
7 142
1 1837
13 260
4 154
4 28
11 314
1 939
5 35
------------------
output_vector_after
40
operator_revise_array
7 185
3 131
14 192
0 61
9 315
1 1058
10 286
7 348
4 11
10 170
3 17
11 372
10 167
5 175
12 245
8 329
------------------
output_vector_after
67
operator_revise_array
14 350
7 389
10 227
9 328
6 101
13 190
14 60
7 248
------------------
output_vector_after
46
operator_revise_array
7 82
8 53
6 245
12 281
6 317
11 234
1 2007
6 112
1 2771
3 265
7 169
10 276
9 117
12 96
6 203
3 221
------------------
output_vector_after
40
operator_revise_array
2 1680
10 270
6 231
6 75
14 118
6 369
5 204
8 359
10 165
12 175
12 62
6 313
11 139
13 375
11 88
5 121
------------------
output_vector_after
40
operator_revise_array
12 160
1 307
14 339
13 250
------------------
output_vector_after
67
operator_revise_array
3 146
11 378
13 322
13 220
7 188
12 314
3 15
10 30
------------------
output_vector_after
6
operator_revise_array
10 90
14 340
13 327
4 83
8 30
11 111
1 1317
13 126
14 137
11 279
9 335
7 283
11 177
2 1212
8 323
6 98
9 79
10 85
14 95
11 188
14 242
11 180
10 37
5 235
11 356
10 365
11 86
11 234
6 302
5 327
14 117
1 665
10 155
12 19
1 1973
6 367
7 366
11 260
8 294
2 905
12 84
11 398
1 2704
11 80
0 197
14 109
4 296
1 2787
4 231
0 35
13 54
0 242
12 133
2 2785
5 376
6 135
7 138
0 219
11 179
14 384
12 361
6 444
8 358
7 448
------------------
output_vector_after
10
operator_revise_array
8 249
0 121
13 277
9 54
9 330
11 116
14 94
0 212
------------------
output_vector_after
40
operator_revise_array
12 378
13 3
14 327
6 349
8 258
1 265
7 103
4 144
5 227
1 2713
8 257
0 227
2 3237
4 390
9 291
11 397
3 291
4 6
14 124
2 1243
14 71
9 326
0 51
3 429
9 29
13 407
7 276
2 3184
5 208
6 20
12 296
2 93
------------------
output_vector_after
40
operator_revise_array
12 14
5 59
4 288
13 68
2 2842
4 33
1 2508
9 18
3 356
14 220
11 41
10 355
9 169
8 188
8 47
2 1249
------------------
output_vector_after
67
operator_revise_array
8 303
2 2242
8 203
12 179
9 71
13 194
0 111
0 341
------------------
output_vector_after
40
operator_revise_array
2 1748
14 60
------------------
output_vector_after
40
operator_revise_array
5 354
14 253
0 243
4 179
4 76
14 134
1 40
0 246
------------------
output_vector_after
40
operator_revise_array
13 246
6 230
------------------
output_vector_after
40
operator_revise_array
14 143
6 60
------------------
output_vector_after
10
operator_revise_array
14 276
7 36
5 243
11 185
11 191
1 2041
13 229
11 33
8 74
14 274
13 187
12 364
14 342
12 384
8 347
6 383
------------------
output_vector_after
67
operator_revise_array
13 90
13 70
13 87
9 62
3 205
3 57
8 256
6 196
------------------
output_vector_after
10
operator_revise_array
1 1904
5 362
11 67
12 243
7 253
5 19
1 524
14 278
4 383
10 151
4 55
9 131
14 9
12 400
10 207
9 291
7 102
9 86
3 73
5 301
12 321
2 2140
11 366
7 163
14 395
12 224
9 193
7 69
4 250
7 281
11 72
3 220
------------------
output_vector_after
40
operator_revise_array
4 47
5 329
1 1465
13 65
0 172
4 252
12 152
6 30
------------------
output_vector_after
40
operator_revise_array
11 63
6 60
13 341
13 222
------------------
output_vector_after
67
operator_revise_array
13 242
13 145
1 2352
1 1220
------------------
output_vector_after
40
operator_revise_array
8 319
4 39
10 135
4 168
3 137
4 100
0 140
5 173
14 263
13 261
9 112
3 64
13 309
6 39
7 124
5 255
------------------
output_vector_after
10
operator_revise_array
5 318
11 190
2 1107
13 186
6 335
9 233
0 289
13 221
12 264
8 116
1 1908
10 90
8 37
0 343
3 175
6 74
------------------
output_vector_after
40
operator_revise_array
7 356
2 461
12 210
4 56
12 170
9 217
11 308
8 326
13 94
3 122
8 84
11 129
1 1905
6 153
1 291
0 70
4 342
2 1217
3 329
4 318
9 322
7 353
5 314
11 82
1 2838
10 35
12 47
0 154
12 201
3 45
3 59
10 124
------------------
output_vector_after
40
operator_revise_array
11 232
10 147
13 46
0 308
------------------
output_vector_after
40
operator_revise_array
1 163
4 149
8 304
8 127
2 1487
0 87
10 347
3 80
5 151
10 349
4 346
0 228
9 153
1 2143
13 94
5 91
5 163
8 198
5 296
13 354
6 116
9 59
2 1029
4 51
12 190
5 325
14 186
4 288
13 27
1 2105
11 302
2 2467
------------------
output_vector_after
40
operator_revise_array
4 28
7 253
------------------
output_vector_after
40
operator_revise_array
12 187
7 35
8 67
12 212
2 1438
10 14
4 24
13 90
------------------
output_vector_after
40
operator_revise_array
10 22
5 336
0 143
3 109
1 59
11 186
10 97
2 1405
11 250
4 281
11 111
14 200
1 748
8 0
1 2705
1 416
------------------
output_vector_after
40
operator_revise_array
0 333
8 309
12 163
13 165
12 188
9 216
0 156
6 310
8 244
13 167
3 256
4 122
8 202
0 41
14 270
6 26
1 761
0 67
6 221
10 5
7 36
5 167
8 141
11 75
0 107
14 124
10 118
0 64
0 177
5 54
13 97
12 267
------------------
output_vector_after
59
operator_revise_array
0 114
12 345
13 251
6 64
------------------
output_vector_after
10
operator_revise_array
5 171
14 85
13 195
4 243
6 364
11 328
6 24
1 1120
11 238
6 315
1 2825
0 37
4 82
1 131
14 66
9 285
14 286
5 357
9 48
12 3
13 316
12 337
12 211
10 337
5 152
14 157
2 32
14 272
8 332
14 373
2 1955
1 2932
------------------
output_vector_after
40
operator_revise_array
12 180
1 455
0 361
3 344
12 233
9 191
5 280
7 238
11 141
11 45
13 53
7 298
0 74
12 137
7 156
12 201
9 31
14 165
8 270
6 124
9 275
13 282
3 310
5 111
7 24
5 32
8 297
7 331
6 50
10 172
12 239
12 100
9 205
11 298
6 225
1 66
14 333
8 107
9 367
4 330
5 213
1 1786
13 301
12 293
10 114
6 252
12 100
1 604
6 273
10 174
6 163
14 163
1 2026
10 170
2 2315
4 370
3 83
6 253
13 68
1 2362
8 88
2 1255
3 81
7 98
------------------
output_vector_after
10
operator_revise_array
13 244
12 39
6 52
8 315
3 335
5 28
12 90
10 72
------------------
output_vector_after
9
operator_revise_array
12 187
4 287
9 338
14 50
3 212
3 315
7 8
3 197
------------------
output_vector_after
9
operator_revise_array
3 89
14 247
6 339
14 96
------------------
output_vector_after
40
operator_revise_array
14 4
13 229
------------------
output_vector_after
40
operator_revise_array
9 65
4 73
11 178
5 302
2 631
11 335
13 156
14 80
------------------
output_vector_after
46
operator_revise_array
6 253
12 37
11 53
11 49
14 157
2 1470
10 135
8 256
6 351
8 276
9 223
10 295
12 121
5 16
14 213
12 279
11 267
11 391
8 279
0 105
14 221
0 149
2 727
9 117
4 68
8 7
12 180
6 192
1 34
2 1224
2 1307
2 2186
3 203
12 395
8 115
6 323
1 853
6 143
8 372
11 158
11 265
4 322
2 2931
10 285
12 394
4 19
9 276
9 120
12 337
3 110
3 100
9 111
4 305
4 168
7 264
7 248
12 99
9 308
12 10
2 2706
6 67
9 197
13 76
7 376
4 207
11 182
11 328
2 3024
11 127
4 348
11 96
11 147
10 222
3 238
1 2351
0 97
12 77
6 109
11 168
11 238
3 116
3 236
10 311
4 112
7 96
5 115
5 134
4 234
7 196
5 147
4 94
7 76
12 180
12 201
1 2892
0 192
8 351
5 120
0 333
7 224
7 264
1 509
2 2500
12 367
0 47
14 334
5 192
5 211
4 278
11 301
8 194
13 142
4 228
2 279
6 184
5 83
13 73
5 142
0 232
2 1726
5 251
3 87
2 990
4 254
14 129
12 343
2 2540
4 16
------------------
output_vector_after
67
operator_revise_array
12 342
1 2553
10 44
9 15
7 292
5 189
5 62
7 107
8 222
7 53
11 344
8 256
1 1755
1 1308
14 298
12 46
11 262
4 109
12 267
9 184
3 128
6 43
12 107
11 4
6 213
13 108
2 2623
6 129
4 118
5 310
6 379
6 279
------------------
output_vector_after
40
operator_revise_array
13 342
14 365
12 406
5 250
5 118
1 1763
12 187
14 90
10 250
0 342
13 5
8 340
2 1496
10 311
11 238
9 383
------------------
output_vector_after
67
operator_revise_array
7 209
8 213
11 198
10 164
6 363
3 157
0 46
14 194
7 93
9 361
3 353
6 364
0 288
6 172
10 383
6 147
------------------
output_vector_after
10
operator_revise_array
9 326
11 305
5 135
9 93
14 332
12 301
13 98
11 259
------------------
output_vector_after
51
operator_revise_array
1 294
1 2531
6 193
2 68
0 66
14 265
4 106
9 187
8 268
4 74
3 257
12 171
7 110
11 386
4 358
3 171
10 189
13 338
13 93
2 1722
14 171
13 238
6 54
12 89
7 31
8 126
14 150
14 64
0 240
5 207
10 123
8 10
12 147
13 118
14 55
11 113
9 277
4 158
4 198
8 245
7 333
8 38
2 110
6 26
9 39
9 46
5 101
14 212
13 146
10 63
3 283
12 248
0 318
2 342
5 213
0 156
10 262
11 18
6 224
13 71
12 293
1 2532
11 282
10 251
5 148
8 274
4 152
12 185
2 1563
12 240
8 116
4 92
5 72
2 2137
0 306
3 96
6 133
5 152
1 2492
2 2433
0 64
2 1829
11 153
3 93
12 98
2 211
2 510
6 99
12 71
9 54
11 47
12 162
0 74
14 311
2 744
14 266
2 2302
6 59
5 66
8 39
10 59
11 71
3 209
10 228
7 123
11 75
8 23
3 83
5 331
7 150
5 235
0 157
5 60
0 324
3 187
1 152
7 242
11 184
0 209
10 294
3 20
5 65
11 184
6 284
9 47
6 219
10 40
0 305
------------------
output_vector_after
73
operator_revise_array
14 186
4 49
0 363
6 336
14 57
2 97
1 564
8 371
3 16
3 425
1 3254
12 22
3 109
8 348
1 1106
4 152
14 145
1 343
6 341
6 300
10 434
2 1667
9 174
10 94
8 38
9 444
14 150
11 343
8 112
7 381
9 19
10 104
0 244
14 161
3 443
10 322
3 114
1 3552
8 430
0 299
5 313
11 46
6 24
1 1090
12 201
14 479
7 293
11 23
7 256
8 14
8 96
8 464
8 38
12 242
13 213
9 48
9 342
11 154
5 61
0 228
9 473
9 337
9 298
6 116
13 120
13 29
14 163
4 311
14 390
5 150
3 66
0 397
11 379
14 483
8 189
2 2640
12 263
14 132
3 192
14 300
7 205
6 439
13 472
11 469
13 454
10 145
7 73
7 120
13 215
1 2027
1 2404
11 410
6 229
12 195
11 156
7 429
4 98
12 47
9 184
12 227
6 97
1 463
6 258
9 198
8 241
9 238
10 65
5 405
6 94
4 400
14 180
9 136
3 136
13 447
2 2332
9 298
0 344
5 340
4 29
13 183
3 208
7 392
9 93
7 191
11 364
3 112
5 345
1 2576
------------------
output_vector_after
40
operator_revise_array
9 238
10 113
7 195
3 339
7 129
0 146
2 2485
3 381
13 267
1 2874
1 1928
9 196
1 2443
13 148
2 2648
1 302
------------------
output_vector_after
40
operator_revise_array
4 367
12 368
8 267
4 107
5 234
6 50
0 284
8 202
------------------
output_vector_after
67
operator_revise_array
9 216
14 40
10 382
11 115
------------------
output_vector_after
40
operator_revise_array
4 233
3 19
13 378
6 203
5 175
7 346
6 4
1 1949
12 301
4 310
0 156
10 370
9 134
0 187
7 109
12 373
0 262
8 243
14 327
10 294
4 143
13 20
13 68
6 97
3 228
7 126
12 202
7 29
4 215
9 223
5 209
12 136
------------------
output_vector_after
78
operator_revise_array
7 172
2 2591
6 71
1 772
0 300
1 978
1 2213
9 16
3 9
1 786
3 154
0 203
10 158
7 186
2 429
3 119
3 146
7 169
7 150
3 3
14 325
2 2824
9 271
5 245
5 17
5 305
8 103
7 409
14 317
6 297
2 1314
2 691
------------------
output_vector_after
59
operator_revise_array
2 2671
8 220
2 2142
13 344
3 332
12 77
1 1809
4 20
------------------
output_vector_after
9
operator_revise_array
4 201
9 8
11 6
7 236
11 202
14 363
0 178
13 35
------------------
output_vector_after
59
operator_revise_array
12 376
4 200
3 209
5 244
14 133
6 354
3 299
8 80
------------------
output_vector_after
70
operator_revise_array
14 47
12 165
9 397
12 102
8 231
0 299
9 47
12 299
------------------
output_vector_after
59
operator_revise_array
0 350
12 40
12 270
12 83
13 176
1 1289
4 124
7 321
------------------
output_vector_after
40
operator_revise_array
12 134
4 352
6 306
1 2933
2 860
5 315
7 124
4 289
8 46
1 878
4 146
6 345
11 149
7 290
3 114
10 4
------------------
output_vector_after
40
operator_revise_array
13 11
10 191
12 251
3 45
7 325
10 214
0 357
0 91
------------------
output_vector_after
46
operator_revise_array
11 333
8 24
11 316
0 162
6 135
5 85
10 99
11 147
7 78
13 292
2 1393
4 176
4 164
6 234
3 93
13 112
8 59
0 187
3 25
6 251
11 324
1 880
5 252
6 26
10 224
5 190
0 200
3 99
4 197
6 143
10 113
13 21
------------------
output_vector_after
40
operator_revise_array
4 308
9 100
14 50
8 369
10 397
2 2958
8 352
9 59
------------------
output_vector_after
40
operator_revise_array
11 257
13 110
------------------
output_vector_after
40
operator_revise_array
2 350
0 347
1 1046
3 142
4 256
10 201
0 139
14 308
13 232
4 358
8 168
11 265
10 142
6 86
6 334
8 160
------------------
output_vector_after
57
operator_revise_array
0 92
3 136
11 187
11 135
10 28
1 3008
10 340
2 2530
7 108
9 74
4 97
13 44
4 302
11 370
10 283
12 233
------------------
output_vector_after
9
operator_revise_array
14 81
9 386
9 328
1 1233
3 350
12 23
6 86
2 1379
14 402
7 150
2 838
10 179
8 279
6 206
13 129
14 150
0 172
1 709
3 362
8 320
7 40
13 239
11 178
11 254
0 394
13 253
3 203
1 78
14 255
12 48
7 364
2 1103
------------------
output_vector_after
40
operator_revise_array
3 262
14 221
7 246
14 215
2 2149
4 207
2 3072
2 1160
5 321
3 380
5 184
12 285
0 328
7 214
2 743
2 90
0 304
9 220
11 406
1 1265
13 375
8 106
14 294
9 108
9 396
5 297
13 158
3 104
6 271
13 216
9 296
7 110
------------------
output_vector_after
40
operator_revise_array
14 106
3 323
1 969
9 24
6 360
11 324
14 150
3 154
6 309
4 252
12 18
7 235
9 220
13 79
0 32
4 244
------------------
output_vector_after
67
operator_revise_array
1 645
4 338
0 190
12 11
14 138
0 144
14 118
9 98
------------------
output_vector_after
67
operator_revise_array
14 169
2 2855
------------------
output_vector_after
59
operator_revise_array
8 282
7 376
11 54
0 109
12 36
4 26
3 276
13 170
------------------
output_vector_after
59
operator_revise_array
12 346
0 206
7 4
2 77
11 214
1 1437
11 102
8 348
0 336
4 75
13 178
1 590
4 317
7 307
10 267
8 108
1 1716
9 222
8 288
11 258
3 22
2 1971
7 356
9 11
7 160
14 78
5 218
14 332
1 435
2 1328
3 288
9 119
------------------
output_vector_after
59
operator_revise_array
14 109
4 223
9 56
13 59
------------------
output_vector_after
67
operator_revise_array
4 193
0 234
7 188
3 16
4 228
6 123
8 217
5 42
8 359
12 383
6 221
9 229
13 183
2 1025
5 276
12 182
------------------
output_vector_after
40
operator_revise_array
13 31
0 258
------------------
output_vector_after
59
operator_revise_array
1 1032
10 84
------------------
output_vector_after
40
operator_revise_array
5 100
10 279
7 363
11 179
14 249
6 295
0 287
2 2221
------------------
output_vector_after
59
operator_revise_array
14 388
8 185
3 173
0 184
3 152
10 152
4 82
1 1894
6 328
10 318
4 197
5 356
14 369
8 77
10 113
12 394
1 94
12 21
13 351
12 251
2 45
7 309
9 306
4 210
13 195
5 187
8 273
0 93
8 208
14 44
14 79
4 186
------------------
output_vector_after
59
operator_revise_array
8 363
12 34
0 342
8 343
0 11
6 299
13 176
2 925
11 188
11 82
1 2654
13 114
9 277
8 15
9 244
11 348
------------------
output_vector_after
40
operator_revise_array
6 233
14 149
0 158
9 204
------------------
output_vector_after
67
operator_revise_array
14 167
3 168
------------------
output_vector_after
40
operator_revise_array
6 224
6 71
14 329
12 43
5 334
12 154
13 117
10 365
------------------
output_vector_after
40
operator_revise_array
14 120
0 142
------------------
output_vector_after
59
operator_revise_array
6 240
7 217
14 111
0 189
2 766
10 34
5 164
0 170
------------------
output_vector_after
40
operator_revise_array
7 376
14 35
9 93
1 563
5 202
9 75
12 338
6 339
11 336
13 176
12 215
9 366
13 139
14 94
4 386
13 6
------------------
output_vector_after
40
operator_revise_array
7 277
11 375
2 2665
0 43
1 404
14 16
8 140
5 173
------------------
output_vector_after
40
operator_revise_array
2 79
6 321
14 359
6 220
14 320
3 145
4 234
9 373
------------------
output_vector_after
10
operator_revise_array
9 26
1 2649
7 22
11 320
8 367
2 908
4 227
9 55
6 70
1 583
2 2781
2 1943
9 318
7 159
7 127
12 320
3 189
3 249
14 56
12 356
3 28
8 314
6 341
5 37
11 376
7 330
14 76
7 16
9 217
4 91
1 2689
5 387
6 376
6 32
1 729
9 287
2 685
2 1827
1 87
10 274
14 212
1 2930
14 48
5 426
1 2449
4 76
10 130
11 312
3 327
11 316
12 253
13 280
5 141
9 110
4 350
4 215
14 285
14 161
4 245
8 356
8 24
10 9
1 2089
0 24
11 302
8 139
7 344
9 423
7 199
1 3420
7 338
5 261
11 97
9 304
5 142
11 57
7 417
0 364
2 2373
5 245
1 2584
12 106
0 3
13 52
8 430
13 431
6 329
4 51
12 399
8 2
14 170
10 305
11 382
5 354
12 439
8 164
1 2226
13 243
6 140
14 334
4 407
8 414
1 750
12 26
3 250
9 279
8 429
2 79
14 277
4 175
6 201
9 189
14 489
1 3053
3 122
4 444
5 190
3 229
6 274
3 331
3 438
10 118
10 60
14 340
3 391
14 248
4 251
12 426
------------------
output_vector_after
67
operator_revise_array
0 90
7 244
8 24
2 1518
14 211
11 368
7 278
5 218
14 344
6 199
6 209
13 24
2 886
10 47
9 46
6 382
13 71
0 109
12 92
6 305
5 100
14 23
3 39
11 59
8 186
5 146
6 80
9 8
6 249
7 250
3 88
13 183
------------------
output_vector_after
59
operator_revise_array
5 18
9 162
8 281
1 2890
3 227
12 265
12 67
4 218
2 469
12 12
13 62
0 143
13 306
9 310
11 36
8 293
------------------
output_vector_after
40
operator_revise_array
5 153
7 20
12 128
9 365
3 211
12 157
9 18
2 1793
12 278
2 1840
0 304
2 1022
12 178
2 1409
2 1341
2 2945
9 96
4 330
13 117
1 2885
2 1265
2 1971
2 1533
6 67
7 182
13 13
0 83
4 103
14 263
7 95
10 100
14 283
9 251
11 81
10 353
10 112
0 316
5 23
11 172
8 321
12 105
3 6
4 202
14 40
0 238
0 373
14 304
9 10
0 82
8 335
6 389
1 36
2 3250
10 284
0 85
1 1553
3 257
3 149
12 224
12 71
2 1698
14 385
6 398
12 16
------------------
output_vector_after
59
operator_revise_array
10 83
2 692
5 77
12 263
13 176
7 353
10 3
6 282
12 369
14 296
0 46
4 178
14 343
3 374
3 299
6 164
------------------
output_vector_after
40
operator_revise_array
5 228
1 2407
14 24
6 272
11 186
2 523
13 233
2 1697
------------------
output_vector_after
40
operator_revise_array
6 212
5 26
11 361
12 154
0 339
14 279
9 117
4 235
------------------
output_vector_after
67
operator_revise_array
2 2215
14 213
10 190
8 12
4 327
4 91
13 68
5 358
------------------
output_vector_after
67
operator_revise_array
11 344
2 219
14 350
11 28
14 412
10 431
5 63
1 941
6 69
2 3224
0 197
13 204
10 402
11 68
14 286
6 361
1 1147
7 159
2 841
14 359
12 84
7 262
8 326
1 1514
8 342
12 177
3 333
4 222
13 159
6 132
4 174
9 20
------------------
output_vector_after
40
operator_revise_array
13 123
6 128
1 1527
1 2800
------------------
output_vector_after
40
operator_revise_array
10 127
9 319
1 2507
11 291
6 176
9 365
3 236
14 192
4 127
7 43
12 3
1 763
1 1442
11 9
7 359
7 21
------------------
output_vector_after
9
operator_revise_array
2 2831
14 8
4 81
3 264
8 284
12 64
9 47
14 46
------------------
output_vector_after
40
operator_revise_array
2 2153
2 2233
1 809
13 176
5 223
5 159
9 282
7 19
------------------
output_vector_after
59
operator_revise_array
13 203
14 354
2 1221
10 179
------------------
output_vector_after
40
operator_revise_array
11 51
12 27
10 367
1 1823
6 377
14 282
6 208
6 327
2 2536
2 698
11 184
0 106
13 66
3 272
12 89
3 76
------------------
output_vector_after
10
operator_revise_array
12 275
12 278
1 1734
8 312
12 54
10 329
0 234
3 293
1 1371
10 189
10 239
5 99
12 61
8 332
10 243
13 101
2 1605
14 96
9 149
14 89
2 1757
5 206
12 334
9 131
13 76
7 308
3 55
11 31
14 70
0 358
7 173
3 164
13 277
1 1137
1 2574
7 166
11 215
11 226
3 246
4 290
4 174
11 38
13 307
12 82
5 174
2 700
1 1787
6 132
0 289
9 222
5 314
2 2153
14 125
12 202
13 31
14 104
14 90
8 149
13 8
0 159
2 1993
12 120
3 132
14 139
------------------
output_vector_after
40
operator_revise_array
10 100
10 162
14 75
9 323
0 182
7 175
8 64
9 93
12 168
11 7
9 44
12 228
10 166
6 325
3 363
4 43
------------------
output_vector_after
10
operator_revise_array
12 72
10 345
10 261
1 1829
9 165
6 376
7 50
11 74
8 160
1 1580
3 86
0 289
1 1985
2 1337
10 269
3 183
3 73
0 330
7 353
7 270
2 1419
8 228
7 243
10 210
2 1252
14 220
12 371
14 27
10 34
6 71
13 93
9 365
------------------
output_vector_after
40
operator_revise_array
14 248
11 20
7 28
3 25
5 135
0 18
2 2501
11 381
12 294
14 6
5 383
6 44
12 394
7 268
0 63
9 296
------------------
output_vector_after
59
operator_revise_array
11 163
14 380
14 92
8 239
8 209
5 217
13 75
4 186
10 381
4 135
0 162
0 208
8 304
6 90
4 108
7 170
14 232
14 121
6 404
10 320
11 14
6 133
9 325
1 330
10 391
8 271
10 131
0 80
7 202
7 5
7 287
10 381
11 280
14 273
11 90
12 420
10 226
7 440
2 2518
11 345
10 46
14 130
1 2743
5 227
2 3346
12 75
13 130
4 229
13 407
8 74
10 380
6 282
6 237
4 25
10 90
2 1458
7 371
3 116
2 2485
0 95
10 197
8 165
8 406
14 83
------------------
output_vector_after
40
operator_revise_array
13 239
9 205
13 307
9 326
14 306
6 61
14 12
11 150
------------------
output_vector_after
73
operator_revise_array
13 85
4 322
4 191
12 32
11 293
14 282
11 162
9 317
12 358
10 65
2 1836
9 204
13 352
4 164
9 143
8 332
0 327
4 80
12 49
10 22
9 274
11 191
6 158
12 126
1 2326
4 311
9 305
5 30
4 133
7 97
8 42
14 44
8 298
10 293
0 198
13 180
11 237
0 212
1 2476
7 96
6 20
7 195
3 38
10 162
2 2117
11 164
0 119
3 229
8 298
0 284
0 156
6 305
0 296
8 339
10 141
6 167
14 300
13 263
6 317
10 309
2 2627
5 75
10 248
9 276
------------------
output_vector_after
40
operator_revise_array
6 314
5 134
7 326
10 7
------------------
output_vector_after
59
operator_revise_array
12 119
9 192
5 230
14 155
1 2921
8 310
0 93
9 314
------------------
output_vector_after
9
operator_revise_array
2 2853
11 59
3 329
12 16
5 190
6 386
7 380
10 140
1 1371
0 286
2 1428
5 304
6 148
0 361
4 45
6 307
0 301
5 245
12 148
12 327
3 299
0 15
8 196
8 180
6 68
13 161
12 266
8 138
13 330
8 79
11 260
11 107
------------------
output_vector_after
67
operator_revise_array
7 228
3 206
11 226
10 207
1 1248
2 2970
11 377
10 66
0 307
12 241
14 128
6 386
14 125
8 136
4 67
8 296
9 224
10 434
1 200
0 74
8 195
0 86
14 145
2 2572
0 344
8 99
6 142
10 136
1 565
8 50
5 89
12 106
6 380
10 337
3 345
0 463
3 414
7 270
2 3672
1 1103
11 309
13 251
13 187
12 382
13 187
0 384
4 422
10 180
0 291
9 69
12 254
11 382
0 98
12 65
11 248
0 69
10 372
8 116
12 315
1 2502
4 276
13 174
7 398
3 218
------------------
output_vector_after
67
operator_revise_array
14 247
3 295
------------------
output_vector_after
59
operator_revise_array
1 138
3 135
11 235
11 210
7 284
12 88
7 316
13 63
------------------
output_vector_after
40
operator_revise_array
8 212
14 160
8 309
10 199
------------------
output_vector_after
59
operator_revise_array
14 43
4 378
1 2432
6 276
8 5
1 1498
11 340
11 12
------------------
output_vector_after
10
operator_revise_array
14 22
4 234
4 176
0 303
9 333
6 122
3 71
13 246
0 45
6 285
9 20
6 148
1 2896
9 55
0 98
7 157
12 94
4 378
3 267
0 368
3 228
5 34
14 71
8 263
2 2119
7 393
1 112
10 216
3 163
7 212
1 1066
0 374
------------------
output_vector_after
40
operator_revise_array
14 187
1 2938
1 1049
1 921
13 71
2 761
8 362
6 325
6 43
5 235
14 94
14 8
6 353
9 171
8 47
6 374
12 287
2 3225
8 159
10 397
1 2927
7 379
6 175
5 236
5 243
7 221
4 156
8 340
5 25
10 15
11 242
14 151
8 239
4 174
7 114
0 284
13 257
0 58
13 216
10 202
3 251
9 201
5 73
5 114
0 375
0 60
4 143
8 243
3 175
14 52
3 340
14 213
7 350
14 274
10 402
0 368
5 360
1 3165
8 365
11 312
5 52
13 184
2 693
1 2727
------------------
output_vector_after
40
operator_revise_array
4 11
13 193
13 281
12 334
1 1494
0 111
3 58
13 318
12 234
1 2418
6 46
5 86
6 86
2 2514
7 106
0 274
------------------
output_vector_after
2
operator_revise_array
3 139
13 204
11 285
13 339
2 1649
12 84
5 305
14 270
9 94
7 95
7 243
8 336
4 333
5 142
9 287
3 31
------------------
output_vector_after
9
operator_revise_array
14 252
3 157
14 89
11 378
------------------
output_vector_after
40
operator_revise_array
13 67
14 326
------------------
output_vector_after
59
operator_revise_array
13 60
6 184
7 85
0 29
------------------
output_vector_after
40
operator_revise_array
11 27
7 54
3 369
14 298
11 14
9 139
6 316
12 120
3 349
10 392
0 201
1 1058
10 126
12 207
11 367
13 85
------------------
output_vector_after
59
operator_revise_array
14 142
1 2473
11 39
10 27
4 111
7 316
0 346
2 1914
3 257
7 299
8 326
10 54
14 255
12 171
14 124
11 37
------------------
output_vector_after
10
operator_revise_array
12 315
13 262
11 186
10 156
------------------
output_vector_after
2
operator_revise_array
4 21
12 55
4 220
5 14
------------------
output_vector_after
2
operator_revise_array
6 73
12 74
8 58
9 99
13 108
5 152
5 168
3 102
11 4
14 198
12 108
9 7
5 146
7 155
6 42
6 164
------------------
output_vector_after
6
operator_revise_array
7 105
1 1973
0 188
5 74
------------------
output_vector_after
2
operator_revise_array
13 178
4 122
3 104
1 705
10 58
4 126
4 13
11 119
------------------
output_vector_after
2
operator_revise_array
4 26
9 46
14 257
0 11
14 34
13 22
11 274
10 76
------------------
output_vector_after
2
operator_revise_array
6 260
11 49
6 244
13 210
13 103
2 1597
8 188
5 188
------------------
output_vector_after
2
operator_revise_array
11 131
4 154
7 178
10 155
7 182
1 977
11 22
3 22
------------------
output_vector_after
2
operator_revise_array
2 1423
3 56
8 54
4 21
------------------
output_vector_after
2
operator_revise_array
13 19
1 1107
------------------
output_vector_after
12
operator_revise_array
2 1563
7 76
------------------
output_vector_after
24
operator_revise_array
------------------
output_vector_after
2
operator_revise_array
9 53
0 10
6 225
2 1365
5 18
8 182
2 1787
9 94
------------------
output_vector_after
2
operator_revise_array
2 1740
6 37
12 39
11 218
0 133
7 206
5 214
12 170
3 59
4 186
0 68
4 98
13 77
1 1984
13 8
2 54
4 100
2 238
6 209
5 230
9 107
6 180
10 123
13 169
3 87
0 49
4 205
6 70
8 107
14 110
5 144
4 73
------------------
output_vector_after
2
operator_revise_array
6 223
12 79
7 103
10 30
8 110
7 166
14 70
11 257
------------------
output_vector_after
10
operator_revise_array
8 522
8 450
7 275
4 532
6 107
13 670
13 209
10 9
12 505
9 162
2 804
6 696
5 561
2 5203
6 570
4 47
2 2724
6 267
1 4428
10 539
11 323
12 372
9 421
8 188
8 376
2 5405
4 273
5 642
0 608
12 655
2 3706
6 587
------------------
output_vector_after
10
operator_revise_array
1 434
10 70
14 546
7 110
13 487
13 602
13 207
13 114
10 59
2 3190
10 141
9 188
13 560
3 470
5 616
12 555
9 475
0 616
13 9
14 422
11 532
0 101
10 185
11 3
2 1599
2 3825
10 114
9 166
9 267
14 474
8 634
11 337
8 194
7 99
9 152
4 328
6 133
10 159
14 302
8 736
5 529
1 2830
9 355
8 632
1 1872
3 598
2 1723
7 159
4 281
6 650
5 645
11 357
10 705
0 293
1 3671
3 292
1 4397
6 136
13 589
2 4937
10 72
3 697
2 2278
14 369
------------------
output_vector_after
10
operator_revise_array
9 161
7 676
10 324
6 494
7 570
6 532
2 31
3 323
4 233
3 215
9 173
7 221
12 175
8 651
11 618
13 210
14 106
8 717
13 336
6 94
9 193
3 219
6 510
6 396
14 451
9 96
8 481
14 723
6 547
5 616
6 124
5 392
0 408
7 129
12 725
3 483
14 224
9 113
9 306
4 150
14 82
13 794
6 756
14 652
1 2244
13 103
0 36
7 535
13 275
1 5997
7 704
11 702
14 665
6 769
9 650
7 8
8 67
6 668
0 788
11 17
2 578
1 3307
6 240
2 3071
14 264
5 78
7 306
1 5497
8 314
11 799
11 169
3 126
5 559
14 503
6 807
3 157
9 450
14 57
0 264
9 237
10 374
9 343
7 382
10 799
8 807
9 622
10 337
5 564
6 519
0 446
6 472
8 564
9 279
10 610
14 580
4 833
7 709
12 274
12 342
13 48
8 245
13 132
10 329
1 3100
0 13
14 522
5 784
4 358
0 322
12 164
7 338
4 797
1 2568
5 462
14 648
2 3870
3 797
0 711
7 667
9 205
14 495
4 207
14 699
10 770
12 386
4 237
1 5986
8 42
------------------
output_vector_after
5
operator_revise_array
10 68
10 373
2 2752
9 8
12 625
10 231
14 636
10 380
4 363
8 109
7 163
7 696
14 23
5 325
6 413
0 19
5 296
5 300
1 5368
11 623
1 4818
10 716
10 127
13 640
12 158
13 657
11 649
3 637
0 669
8 385
4 459
14 427
------------------
output_vector_after
10
operator_revise_array
13 20
13 397
------------------
output_vector_after
10
operator_revise_array
7 300
0 681
13 227
10 608
------------------
output_vector_after
10
operator_revise_array
11 397
9 699
0 444
4 45
5 369
13 602
1 675
13 399
0 210
4 527
1 2826
0 440
11 132
14 614
10 550
3 43
2 3091
2 5210
11 627
14 224
9 605
0 573
9 644
1 1248
11 395
4 350
3 172
11 659
2 5934
10 78
2 2298
6 361
------------------
output_vector_after
2
operator_revise_array
4 322
9 586
8 120
8 356
2 4945
10 560
7 637
4 629
10 266
3 121
12 307
12 679
4 575
8 111
8 171
13 22
7 660
9 199
8 70
8 169
12 696
2 3745
5 556
4 479
11 562
9 266
11 308
2 1722
2 4996
7 530
2 4748
14 61
12 516
4 639
10 210
6 479
9 407
3 695
5 75
12 138
5 102
1 622
12 485
1 3122
12 715
14 366
5 461
3 262
4 507
10 616
7 415
10 3
6 416
5 659
6 112
0 525
14 428
8 316
12 354
1 3611
10 757
0 22
1 5016
6 117
------------------
output_vector_after
10
operator_revise_array
14 163
12 741
0 549
14 506
5 15
3 282
7 123
5 237
6 623
2 2532
6 538
12 413
7 241
2 67
13 381
3 67
------------------
output_vector_after
40
operator_revise_array
1 128
3 581
12 408
11 572
9 446
10 418
11 651
6 219
0 139
6 619
12 707
9 47
10 569
1 2904
12 609
1 3086
10 184
12 135
4 80
12 707
0 304
12 678
7 732
0 358
0 93
10 755
5 641
12 145
7 29
8 377
4 550
9 356
10 470
12 623
2 3979
12 668
4 549
1 5017
8 343
6 71
12 410
8 595
4 271
2 5132
0 671
2 5662
2 4549
12 487
6 429
14 196
12 644
2 1828
0 646
0 680
1 5015
0 710
14 124
4 373
0 513
14 392
7 535
2 3274
7 664
4 584
------------------
output_vector_after
2
operator_revise_array
1 1491
8 697
5 684
1 101
5 416
3 265
3 14
12 325
14 112
5 677
7 734
10 677
11 114
1 883
13 500
8 60
------------------
output_vector_after
10
operator_revise_array
4 137
2 5091
6 569
3 675
9 716
5 192
0 675
6 690
4 21
4 367
12 527
8 103
4 299
2 5450
2 5621
4 650
8 267
10 106
11 558
9 446
10 9
3 306
0 177
14 301
7 687
11 302
4 477
0 758
8 490
7 240
2 3590
1 4189
8 563
4 363
1 4730
2 1173
13 245
6 597
5 472
7 38
1 4060
12 738
0 363
9 645
14 536
13 277
8 321
12 504
9 70
7 52
5 137
14 150
4 10
5 336
1 360
3 385
9 716
10 224
7 619
4 625
3 33
3 726
5 59
0 17
13 63
14 728
10 305
10 571
12 57
10 76
2 2776
6 649
1 113
14 606
11 60
8 54
4 517
3 271
7 167
7 533
9 43
7 693
3 309
9 426
5 739
9 166
7 155
1 2218
13 155
8 287
3 414
11 689
9 637
12 496
7 276
8 430
1 1397
13 208
10 275
7 476
11 434
7 13
4 335
6 611
1 988
7 177
2 5658
8 591
13 721
3 68
12 609
2 1993
2 5754
7 380
8 65
5 104
3 658
7 13
2 1710
8 429
3 190
3 45
3 690
6 527
3 555
1 4325
7 159
5 241
------------------
output_vector_after
2
operator_revise_array
0 226
12 488
6 73
9 6
11 410
1 2362
4 524
5 20
0 388
3 253
9 227
12 224
10 523
5 160
7 295
8 185
------------------
output_vector_after
40
operator_revise_array
3 481
9 235
7 107
1 4462
8 673
13 149
6 138
14 424
12 251
0 64
6 294
8 732
12 734
7 97
10 658
14 139
4 325
12 712
10 34
3 359
10 564
11 678
14 168
11 759
13 61
2 665
1 6036
9 689
4 84
5 214
2 4883
2 115
5 230
4 367
6 372
10 205
14 503
6 658
0 496
14 259
0 102
9 800
9 155
4 590
1 4187
11 567
14 155
12 104
3 387
7 695
2 2435
9 400
5 47
5 567
3 615
7 597
3 396
14 826
13 824
13 95
12 110
9 45
3 52
6 739
5 330
2 5457
6 531
0 443
2 3009
8 400
4 540
5 156
7 105
6 752
5 123
5 486
13 104
14 652
5 716
2 2822
6 494
7 242
5 344
6 737
3 763
8 597
8 105
11 82
11 6
10 459
13 689
0 640
4 465
5 348
12 332
0 137
1 171
6 82
1 123
5 15
11 119
5 180
5 297
5 474
9 301
0 628
4 381
11 465
10 226
3 596
6 190
1 5815
4 665
8 22
14 462
8 492
1 5493
5 515
1 3511
9 695
5 323
12 102
10 717
5 545
3 378
7 145
6 736
8 21
------------------
output_vector_after
10
operator_revise_array
14 620
13 366
2 2902
6 539
12 283
11 567
2 785
11 313
4 401
8 42
12 69
11 87
8 494
13 79
11 178
3 4
7 129
3 249
3 323
0 552
12 691
7 102
14 69
1 3732
6 195
9 689
0 469
10 535
7 164
12 682
0 585
6 174
------------------
output_vector_after
10
operator_revise_array
8 360
2 3069
8 502
4 620
5 507
14 491
9 79
4 435
1 2804
11 332
5 119
11 750
13 229
4 317
7 369
5 330
9 139
11 713
8 580
11 197
14 722
5 729
6 348
6 450
4 641
13 211
8 300
4 152
0 55
7 15
3 65
13 271
1 4987
0 497
1 1610
3 342
10 224
1 837
4 429
4 64
11 561
6 42
4 25
1 1457
6 193
5 77
4 13
12 600
5 673
5 507
10 276
2 5414
1 4717
2 2345
5 200
0 693
3 72
7 17
12 645
5 369
5 481
13 353
2 577
13 688
------------------
output_vector_after
10
operator_revise_array
9 31
0 225
8 329
9 477
12 13
5 328
11 522
0 558
11 574
13 243
0 532
12 458
10 169
3 632
2 4935
13 227
9 391
14 483
6 392
3 639
12 252
7 279
6 430
2 2374
7 645
1 4130
5 44
5 555
11 500
8 497
10 555
12 566
------------------
output_vector_after
59
operator_revise_array
5 60
0 104
12 8
12 22
10 48
9 175
5 161
4 166
8 225
1 1242
9 99
9 231
5 40
5 130
11 192
5 11
13 75
1 1719
10 177
6 49
3 75
12 122
5 12
6 197
3 56
7 42
8 198
5 151
5 66
2 1058
6 8
11 44
------------------
output_vector_after
10
operator_revise_array
0 178
6 11
1 512
4 16
9 49
0 28
9 195
5 179
4 160
6 139
3 48
4 165
13 134
5 104
3 185
5 71
14 106
6 28
11 142
1 73
0 239
2 601
2 857
11 13
14 223
2 1817
0 199
10 30
0 189
2 39
8 120
1 292
6 108
4 23
3 237
4 66
13 168
3 99
3 73
0 113
4 113
0 80
8 66
12 11
0 37
11 24
10 114
9 186
5 101
3 214
1 550
3 205
3 178
0 40
10 166
14 167
5 187
6 112
10 131
5 79
14 70
11 75
12 206
10 24
------------------
output_vector_after
10
operator_revise_array
9 220
9 164
3 106
3 211
0 212
6 98
8 70
1 1885
8 2
12 135
7 73
3 93
14 128
9 201
9 98
2 748
------------------
output_vector_after
10
operator_revise_array
6 186
2 1183
3 161
2 1931
0 35
11 127
7 128
8 185
0 33
14 131
1 1558
10 238
6 184
3 199
2 1449
9 228
------------------
output_vector_after
89
operator_revise_array
14 42
14 45
------------------
output_vector_after
89
operator_revise_array
9 155
9 98
8 205
1 376
5 117
4 166
0 117
6 98
3 254
10 38
3 232
5 20
2 996
9 210
4 144
4 201
------------------
output_vector_after
89
operator_revise_array
14 16
12 244
------------------
output_vector_after
40
operator_revise_array
6 20
14 164
1 1638
13 263
12 59
9 24
0 188
2 1638
5 25
14 194
10 33
5 222
0 64
10 233
11 149
12 165
12 190
12 166
11 31
6 281
0 284
3 111
10 200
14 12
2 1332
10 51
5 46
1 2215
3 190
11 96
5 163
4 282
------------------
output_vector_after
10
operator_revise_array
0 231
2 1819
12 88
4 120
8 198
5 248
12 180
4 210
7 249
14 199
0 29
12 241
14 170
10 153
14 267
9 47
0 71
7 6
0 249
12 141
1 821
9 243
4 44
12 16
14 79
12 39
6 26
3 117
4 134
10 243
9 221
5 148
1 948
14 41
0 51
5 3
9 158
0 246
10 308
3 167
7 195
13 170
6 109
3 149
7 125
13 223
4 56
3 86
2 2068
10 174
13 155
12 150
8 73
3 156
2 888
0 122
12 99
1 148
2 242
1 729
1 992
7 28
7 202
13 96
------------------
output_vector_after
10
operator_revise_array
6 192
4 116
12 144
13 147
0 115
11 7
12 232
12 52
0 8
14 182
7 248
9 215
6 103
0 202
13 28
6 122
------------------
output_vector_after
10
operator_revise_array
5 176
11 29
1 1620
13 185
7 159
2 1627
14 27
10 87
5 172
8 116
10 62
7 47
7 46
8 107
8 110
9 193
1 1662
4 156
7 81
10 7
5 200
0 94
2 1622
0 172
4 28
10 234
7 22
13 197
11 178
0 211
3 179
0 84
2 1449
10 227
6 23
4 51
9 121
1 1352
14 229
0 101
2 1814
8 77
3 48
11 88
0 209
6 39
8 86
2 673
1 106
13 195
3 223
6 216
4 142
11 68
10 28
12 19
13 163
8 73
7 173
8 205
10 78
1 28
5 168
5 152
------------------
output_vector_after
59
operator_revise_array
4 256
8 214
12 108
13 171
12 79
7 143
5 57
8 27
3 168
13 157
8 182
0 192
0 184
13 27
1 1353
1 1450
0 152
6 53
5 31
1 1175
14 159
9 167
12 147
11 12
14 95
8 162
5 62
7 36
9 196
14 159
3 87
1 1685
------------------
output_vector_after
51
operator_revise_array
10 238
3 155
1 540
10 77
9 209
13 177
3 162
14 89
7 123
13 133
12 27
6 16
7 115
2 938
4 227
7 40
2 1418
9 66
6 90
9 102
8 218
1 752
13 123
2 636
14 152
8 154
9 32
2 400
8 175
12 182
14 14
7 21
------------------
output_vector_after
89
operator_revise_array
11 20
5 188
9 195
2 1177
------------------
output_vector_after
51
operator_revise_array
4 124
8 49
10 27
11 123
4 42
8 20
0 159
9 192
5 198
7 2
5 95
1 1717
10 239
11 188
8 85
7 23
0 53
0 188
8 205
13 54
9 135
14 200
5 105
2 398
3 89
6 179
2 1176
4 196
12 51
10 60
12 73
3 114
------------------
output_vector_after
10
operator_revise_array
13 111
13 166
12 222
10 192
12 200
11 117
7 128
7 162
------------------
output_vector_after
81
operator_revise_array
9 81
5 127
2 1801
10 83
8 112
13 13
13 152
14 94
------------------
output_vector_after
10
operator_revise_array
12 82
8 144
8 168
13 23
6 34
12 103
13 53
7 49
0 57
4 180
14 93
6 117
8 182
9 132
14 223
11 193
2 831
10 86
9 61
3 261
9 176
13 71
5 29
9 161
0 105
5 88
3 258
1 986
11 67
11 18
7 87
14 138
1 786
10 274
3 86
9 58
7 268
0 212
9 22
3 26
6 88
11 206
11 110
2 1003
14 265
8 261
1 2053
0 132
12 233
1 66
13 53
8 157
12 244
2 2042
13 272
10 253
9 214
9 88
5 105
12 44
12 214
0 233
1 2181
1 768
------------------
output_vector_after
89
operator_revise_array
14 64
3 159
------------------
output_vector_after
78
operator_revise_array
12 47
7 123
8 165
6 5
3 75
13 158
4 158
6 239
14 93
1 1250
14 141
10 82
6 214
12 250
10 43
14 153
------------------
output_vector_after
81
operator_revise_array
5 155
1 872
1 1801
14 50
------------------
output_vector_after
10
operator_revise_array
10 245
4 49
5 15
11 7
13 122
6 227
8 188
14 72
------------------
output_vector_after
81
operator_revise_array
1 463
0 175
11 166
14 92
------------------
output_vector_after
70
operator_revise_array
5 171
6 8
6 249
1 48
12 159
1 1362
9 228
0 65
1 1661
9 47
6 66
4 202
4 254
5 179
14 181
14 236
14 224
14 109
12 202
12 283
11 248
12 324
2 620
4 11
5 231
8 50
3 106
4 18
8 83
1 469
7 153
10 164
2 1811
11 99
7 111
3 182
3 258
8 179
8 37
3 308
1 1002
1 1873
0 107
2 1136
2 2328
2 282
6 68
8 7
14 345
3 259
1 2206
6 29
1 1711
14 169
14 147
9 323
10 107
0 349
0 6
2 1150
1 90
5 234
1 2428
12 6
------------------
output_vector_after
40
operator_revise_array
7 128
5 142
12 103
0 47
10 114
1 1777
4 123
3 186
0 179
9 134
12 255
11 164
10 89
12 207
4 22
8 48
4 159
2 904
10 21
9 77
12 225
1 2023
1 860
13 16
9 166
0 120
5 177
10 208
4 107
6 34
5 11
13 18
------------------
output_vector_after
10
operator_revise_array
7 19
10 219
11 250
2 612
13 178
2 978
9 140
10 82
10 29
6 60
10 19
11 223
0 79
2 1550
6 163
3 26
5 69
0 183
1 1034
7 177
14 46
1 521
6 135
2 1360
12 30
2 292
14 18
12 7
9 100
2 256
5 248
4 201
12 84
14 230
6 176
9 280
11 198
11 203
7 294
1 2151
9 102
10 267
3 55
6 233
5 204
6 181
8 209
6 49
5 235
3 140
3 42
5 215
3 64
8 169
1 1765
2 1833
13 162
11 284
6 158
8 143
7 28
13 28
4 236
11 156
------------------
output_vector_after
89
operator_revise_array
11 23
0 103
14 49
13 74
------------------
output_vector_after
51
operator_revise_array
4 55
3 6
5 130
5 202
11 98
0 102
0 241
13 94
9 186
3 20
12 156
11 103
0 189
14 38
13 163
3 86
------------------
output_vector_after
9
operator_revise_array
9 217
9 33
6 239
2 691
11 116
10 181
4 54
13 91
2 1285
11 28
9 230
10 29
12 106
13 23
2 1394
11 207
7 61
10 199
10 97
6 9
10 210
3 201
4 143
11 32
7 32
2 1854
0 72
13 221
3 161
7 167
7 187
8 111
------------------
output_vector_after
10
operator_revise_array
3 251
3 55
6 220
14 45
10 36
6 204
2 221
14 233
14 15
4 231
9 86
13 203
6 291
6 315
2 1662
1 931
14 13
11 300
9 161
14 265
8 65
14 237
2 2495
9 34
11 43
7 186
14 85
1 2430
7 53
2 1233
0 249
4 40
------------------
output_vector_after
40
operator_revise_array
9 196
14 7
11 199
6 87
8 53
14 235
4 133
1 669
6 35
13 251
4 109
9 145
9 199
11 244
10 107
1 95
10 267
6 47
6 207
10 188
0 156
3 125
10 168
8 177
13 112
10 231
5 277
14 22
5 66
5 40
7 50
9 229
10 12
5 149
7 98
11 217
12 209
5 139
11 145
12 16
3 167
8 47
5 94
5 109
12 151
4 142
14 118
8 127
0 185
9 9
14 280
3 171
0 164
11 186
13 41
1 1236
5 46
9 128
10 21
12 286
2 1065
7 49
13 54
3 32
12 39
8 246
10 278
4 3
1 1189
9 188
12 228
12 5
8 59
12 119
6 81
4 65
0 155
10 258
7 116
6 38
6 236
14 88
11 314
8 57
9 141
8 138
0 173
1 1041
7 159
3 96
12 183
7 189
2 211
13 266
8 56
11 52
12 133
5 247
13 179
6 28
2 536
9 278
13 216
7 7
11 63
8 245
13 115
0 173
4 45
8 63
9 215
0 92
3 87
7 154
10 266
1 538
8 17
8 252
3 262
13 37
9 5
5 191
0 104
13 77
8 97
6 159
9 100
5 176
------------------
output_vector_after
78
operator_revise_array
2 1419
9 58
12 212
5 239
13 248
10 113
14 42
14 68
------------------
output_vector_after
89
operator_revise_array
1 1123
9 59
3 21
1 79
4 69
9 187
7 59
1 1620
------------------
output_vector_after
10
operator_revise_array
4 59
12 190
3 97
12 85
7 156
5 12
12 232
6 103
13 13
6 245
3 212
12 55
4 32
7 77
13 70
12 157
7 175
2 398
8 19
0 25
2 1968
14 58
5 65
3 80
14 24
14 80
4 177
3 176
14 60
10 239
3 51
3 152
11 53
4 127
13 254
9 174
13 205
1 1415
11 90
7 87
2 1233
1 2061
0 45
12 232
10 36
2 698
14 225
4 86
12 57
4 32
2 461
13 156
13 41
0 233
2 1703
7 51
11 82
7 195
5 191
9 103
7 44
2 316
3 240
13 123
------------------
output_vector_after
40
operator_revise_array
2 280
9 33
6 88
12 50
14 142
2 2173
8 219
3 21
2 193
8 242
7 111
2 1190
5 210
4 173
13 86
14 144
7 56
4 222
13 195
4 135
0 51
9 73
5 28
1 1721
4 55
7 85
2 1941
3 98
5 150
2 1209
13 187
0 17
10 152
14 62
1 980
3 129
10 67
7 169
5 187
14 221
6 149
7 19
8 235
4 244
5 205
11 63
6 264
14 243
14 120
3 224
2 2356
0 121
8 284
7 43
12 323
14 33
1 2744
6 271
11 338
7 272
8 56
10 294
7 326
3 142
------------------
output_vector_after
10
operator_revise_array
4 217
10 160
6 69
0 11
13 4
12 23
5 227
11 115
14 155
12 87
6 64
1 1886
3 230
4 54
14 219
9 5
------------------
output_vector_after
40
operator_revise_array
4 193
13 107
13 163
4 60
0 102
10 111
3 231
7 55
11 20
13 134
7 22
9 188
4 155
13 114
6 86
4 76
11 72
2 885
9 66
13 5
7 105
8 45
8 11
1 995
13 45
1 139
8 79
6 54
14 46
2 30
3 42
2 1165
------------------
output_vector_after
10
operator_revise_array
1 1519
14 79
7 59
9 52
2 598
1 1307
10 81
3 172
12 118
14 251
12 15
0 119
14 241
2 1881
2 2005
7 123
6 175
1 2023
9 222
12 68
14 205
3 118
6 86
8 21
6 255
1 1501
5 271
7 21
7 216
7 274
10 272
1 2064
------------------
output_vector_after
40
operator_revise_array
14 115
5 196
11 166
8 24
13 181
8 91
12 212
12 84
2 1004
1 590
0 39
5 132
4 163
12 232
1 810
1 1625
10 221
12 154
4 46
7 52
2 768
2 1212
5 3
8 38
12 183
14 189
6 205
6 162
14 205
9 113
3 269
11 97
------------------
output_vector_after
67
operator_revise_array
7 172
2 374
14 75
13 143
4 74
14 7
7 36
2 2117
1 1938
1 1047
10 34
6 276
6 28
0 20
9 105
10 46
5 193
1 2056
0 31
8 109
8 108
2 2126
5 162
12 201
14 40
2 619
9 95
14 291
10 129
11 12
3 147
9 119
8 178
12 202
6 23
5 289
3 102
12 136
8 43
7 36
7 9
8 165
12 131
12 29
2 912
13 8
2 2315
8 73
7 208
6 126
9 109
0 240
4 75
3 260
1 2309
7 113
2 1478
14 175
2 1142
8 76
7 39
4 300
14 213
11 291
------------------
output_vector_after
89
operator_revise_array
0 239
8 31
3 62
13 71
------------------
output_vector_after
89
operator_revise_array
12 8
1 995
------------------
output_vector_after
62
operator_revise_array
14 64
10 43
7 19
10 77
4 263
9 124
10 226
6 29
3 86
9 132
0 269
12 68
4 74
5 216
4 16
4 147
------------------
output_vector_after
81
operator_revise_array
5 136
8 82
------------------
output_vector_after
40
operator_revise_array
14 167
4 138
6 30
0 175
14 107
5 205
1 1983
8 244
7 251
6 278
13 124
11 57
3 216
11 151
9 285
13 261
13 95
1 194
3 108
3 59
11 95
13 151
7 122
1 1473
14 200
6 206
2 1722
0 67
10 94
4 144
13 187
6 41
14 140
2 86
6 214
13 151
1 691
12 99
3 80
13 71
1 1620
4 47
13 106
11 72
8 100
12 88
9 67
4 89
7 186
13 13
6 145
14 172
0 3
2 1067
4 209
5 60
14 91
12 240
7 58
12 175
5 96
4 100
6 236
6 140
------------------
output_vector_after
10
operator_revise_array
0 14
6 106
2 1524
10 38
3 244
12 199
8 245
0 253
14 30
8 198
7 163
4 196
0 22
4 71
6 244
12 178
14 270
13 6
4 233
8 159
9 95
0 152
12 112
9 79
9 71
8 148
5 147
2 2069
7 225
6 64
11 73
10 100
------------------
output_vector_after
89
operator_revise_array
12 34
5 18
------------------
output_vector_after
10
operator_revise_array
0 226
2 889
5 58
8 38
13 22
10 242
9 151
9 116
8 82
5 137
0 19
11 58
0 226
2 1060
2 282
14 217
------------------
output_vector_after
89
operator_revise_array
9 178
4 126
12 50
5 20
12 186
7 68
10 97
8 156
------------------
output_vector_after
78
operator_revise_array
1 1655
14 56
2 1919
3 186
14 70
2 2105
8 69
3 224
------------------
output_vector_after
51
operator_revise_array
12 60
13 168
7 210
1 1615
0 15
14 99
3 28
4 143
------------------
output_vector_after
89
operator_revise_array
14 107
4 137
3 181
9 126
------------------
output_vector_after
10
operator_revise_array
12 236
9 228
9 52
5 152
3 41
3 107
13 205
6 127
2 762
4 78
9 85
6 86
5 14
13 32
9 27
8 156
10 67
1 504
8 22
9 40
11 60
2 556
3 113
13 64
2 706
0 191
4 55
9 51
9 37
10 143
10 169
11 123
------------------
output_vector_after
51
operator_revise_array
6 101
13 22
6 35
14 160
9 40
8 232
7 255
8 15
------------------
output_vector_after
59
operator_revise_array
9 212
6 55
6 149
9 248
2 1132
4 204
13 126
11 31
------------------
output_vector_after
10
operator_revise_array
2 540
6 155
8 27
11 252
7 87
8 245
10 167
5 184
1 439
11 159
4 91
4 232
14 95
11 229
3 43
8 184
10 141
12 240
8 6
13 25
6 88
9 90
12 89
2 953
5 30
12 11
13 26
12 38
3 163
8 27
11 106
11 171
0 84
3 59
13 104
9 152
13 111
1 1359
14 176
13 100
14 187
1 1106
14 17
14 95
14 164
14 235
2 834
1 621
12 84
4 142
7 282
10 258
13 294
12 254
4 72
4 6
12 161
3 100
8 245
0 239
4 205
11 143
11 63
6 77
------------------
output_vector_after
89
operator_revise_array
7 257
10 40
1 1180
7 165
14 10
14 106
5 11
7 125
------------------
output_vector_after
59
operator_revise_array
14 117
4 161
12 104
2 1644
------------------
output_vector_after
59
operator_revise_array
2 1362
8 14
13 85
5 66
------------------
output_vector_after
10
operator_revise_array
0 249
7 84
4 98
4 138
12 124
4 206
8 60
7 168
6 53
8 210
1 1769
12 240
12 150
3 4
9 71
12 105
1 2055
4 154
4 86
0 94
4 21
10 68
13 85
3 202
14 126
0 4
7 41
14 121
5 39
12 218
3 120
11 12
4 98
12 109
4 64
0 163
5 55
13 40
6 187
13 90
11 142
5 157
2 619
5 164
6 196
13 63
4 111
2 1004
6 122
13 100
2 1270
9 155
11 46
14 108
7 46
9 88
14 97
2 1522
10 143
10 119
8 60
0 185
5 189
5 198
3 52
5 115
13 195
8 23
5 13
5 29
8 157
13 129
2 1026
10 89
6 84
0 64
13 75
11 93
6 22
12 104
5 79
0 72
1 348
9 90
14 73
6 160
10 180
6 140
9 123
0 53
12 173
6 101
11 163
12 49
14 185
14 18
5 113
6 157
8 101
13 98
3 205
7 157
4 94
7 183
8 80
9 96
9 189
13 38
2 629
14 7
5 29
13 132
1 725
9 107
1 1127
4 77
9 161
14 25
12 148
7 204
10 107
7 98
3 177
13 48
12 49
4 197
9 77
0 91
------------------
output_vector_after
10
operator_revise_array
3 170
12 9
8 117
3 203
14 217
6 82
12 286
6 126
6 127
12 109
6 31
13 131
3 251
3 68
2 690
14 110
12 158
12 55
10 155
9 210
4 80
3 283
8 200
7 79
0 270
10 167
7 136
7 261
11 142
9 139
5 119
6 78
10 9
11 255
14 102
6 163
1 257
11 32
1 448
11 112
1 1026
8 119
8 36
14 241
3 214
9 135
12 32
12 173
12 73
1 1714
3 173
11 83
3 254
11 242
10 207
6 299
11 200
2 480
13 31
12 15
1 1204
0 48
1 1088
14 272
0 169
4 213
4 44
13 103
13 53
9 186
0 265
5 165
14 241
14 13
6 112
1 619
5 76
1 1780
0 138
10 185
10 167
4 66
5 69
10 238
10 65
3 197
7 58
10 137
12 277
4 197
14 86
4 261
7 296
6 314
12 57
7 248
1 1754
7 145
12 109
14 120
5 71
7 146
5 190
13 57
5 70
1 891
14 87
3 314
2 1620
11 118
4 55
13 179
14 100
3 90
5 65
3 259
12 48
13 281
5 287
8 23
8 109
14 90
2 1532
10 108
5 179
11 273
0 344
4 41
------------------
output_vector_after
8
operator_revise_array
10 8
8 175
------------------
output_vector_after
8
operator_revise_array
10 42
12 263
11 8
6 44
------------------
output_vector_after
8
operator_revise_array
11 207
2 1929
4 218
7 69
3 232
13 49
10 48
6 172
11 226
13 164
13 173
3 32
9 149
13 91
3 84
14 158
------------------
output_vector_after
8
operator_revise_array
5 158
5 20
------------------
output_vector_after
8
operator_revise_array
1 172
0 234
------------------
output_vector_after
6
operator_revise_array
1 561
10 244
------------------
output_vector_after
8
operator_revise_array
12 98
4 179
4 80
11 185
4 231
0 20
10 162
10 185
4 208
6 30
1 906
1 355
13 17
8 6
3 59
10 127
------------------
output_vector_after
14
operator_revise_array
5 239
14 14
3 74
8 203
7 25
13 61
1 1758
11 11
12 4
9 34
13 122
9 275
5 184
1 923
8 96
1 337
------------------
output_vector_after
8
operator_revise_array
10 233
3 36
13 101
2 1587
12 5
3 207
0 119
0 82
------------------
output_vector_after
8
operator_revise_array
6 13
4 99
------------------
output_vector_after
8
operator_revise_array
4 20
7 70
------------------
output_vector_after
8
operator_revise_array
1 728
7 255
12 17
8 42
------------------
output_vector_after
8
operator_revise_array
7 39
14 36
------------------
output_vector_after
14
operator_revise_array
4 241
8 205
4 43
5 103
7 177
0 242
5 5
10 256
4 20
12 18
5 76
6 48
8 119
10 4
6 209
8 92
------------------
output_vector_after
8
operator_revise_array
8 219
6 157
1 1337
6 3
7 246
11 242
5 202
8 67
------------------
output_vector_after
35
operator_revise_array
13 202
12 104
------------------
output_vector_after
6
operator_revise_array
8 30
12 143
9 38
11 272
7 201
9 276
0 44
8 23
------------------
output_vector_after
13
operator_revise_array
0 208
11 96
4 201
13 208
8 138
2 2020
12 34
8 188
4 228
7 235
11 222
14 139
10 14
9 76
4 51
11 250
13 199
4 83
0 206
11 108
8 204
12 29
13 211
6 200
10 226
9 183
13 130
6 128
14 32
2 828
9 148
10 112
4 60
12 92
7 110
7 86
0 28
10 155
6 199
10 151
6 96
3 195
6 19
11 52
9 137
3 203
9 191
1 587
6 97
5 154
2 81
11 220
4 97
13 48
1 968
7 134
4 147
7 109
8 115
6 11
2 25
6 49
4 119
3 167
------------------
output_vector_after
32
operator_revise_array
9 183
10 83
8 220
13 86
6 7
8 57
14 71
13 144
7 184
13 223
14 162
3 244
9 244
8 35
3 95
13 92
4 186
7 230
11 24
0 178
2 1850
13 166
13 203
10 187
14 79
4 256
0 94
8 226
5 229
9 90
5 16
14 31
12 9
3 190
6 157
12 256
4 76
2 504
5 153
11 168
12 176
9 12
9 137
9 151
8 90
9 228
10 229
6 14
12 115
13 139
5 113
2 2050
10 203
13 125
2 436
2 585
12 251
4 33
11 246
8 155
6 237
6 268
12 91
6 161
------------------
output_vector_after
35
operator_revise_array
8 150
7 81
7 30
13 245
3 10
9 177
12 231
13 28
------------------
output_vector_after
35
operator_revise_array
7 93
3 206
13 189
8 41
------------------
output_vector_after
13
operator_revise_array
13 109
10 54
8 232
8 249
12 17
7 59
2 1602
9 272
4 273
13 165
7 155
8 239
0 218
6 163
13 218
4 189
1 566
7 4
10 173
1 1165
7 49
1 101
11 177
3 247
5 136
1 1069
13 151
12 135
2 818
5 152
8 66
5 217
------------------
output_vector_after
35
operator_revise_array
0 264
10 232
9 148
5 12
14 211
9 209
10 272
0 48
------------------
output_vector_after
4
operator_revise_array
3 342
11 60
10 369
11 384
------------------
output_vector_after
21
operator_revise_array
2 1150
11 293
3 357
10 348
9 409
12 324
11 35
14 8
7 281
12 81
11 115
4 155
9 73
4 368
11 332
11 266
------------------
output_vector_after
2
operator_revise_array
6 314
6 142
3 54
7 204
9 130
13 86
5 319
1 2087
9 249
7 40
7 387
8 351
12 360
2 500
6 281
9 245
14 30
13 378
14 206
7 403
0 372
10 302
6 24
4 248
7 293
7 302
9 265
5 325
3 268
14 342
11 32
10 240
7 334
1 146
0 196
11 30
10 170
7 253
14 86
6 83
4 442
13 282
11 365
14 241
0 257
7 135
3 275
12 238
1 1983
2 2333
3 149
9 336
8 203
10 305
0 173
10 170
7 255
13 410
14 180
8 291
14 64
10 231
10 391
1 3878
------------------
output_vector_after
33
operator_revise_array
------------------
output_vector_after
21
operator_revise_array
4 125
7 51
------------------
output_vector_after
21
operator_revise_array
12 127
14 347
14 83
6 212
9 417
10 44
7 373
2 3577
------------------
output_vector_after
21
operator_revise_array
4 322
8 359
13 47
4 348
6 370
6 69
4 17
3 319
------------------
output_vector_after
21
operator_revise_array
4 312
9 126
------------------
output_vector_after
13
operator_revise_array
3 127
7 28
9 374
11 378
0 162
4 289
12 185
11 107
14 156
13 159
10 90
10 288
14 388
8 85
1 2358
7 172
0 306
1 3106
1 3046
11 293
4 85
13 219
8 134
9 358
7 120
10 336
7 55
3 46
0 32
1 167
5 203
7 360
------------------
output_vector_after
33
operator_revise_array
8 272
8 93
3 117
3 396
9 126
0 47
5 286
3 221
------------------
output_vector_after
27
operator_revise_array
14 132
4 5
3 191
13 356
14 283
0 35
5 121
14 53
3 121
7 18
5 18
3 335
0 383
4 41
2 1079
8 346
6 416
12 23
7 400
11 284
12 384
6 216
9 384
13 114
9 134
0 54
11 345
8 227
6 328
7 25
11 60
13 166
13 276
11 74
9 185
8 301
0 248
9 69
5 281
0 65
5 28
0 360
8 40
5 259
8 134
14 46
13 136
7 164
4 140
14 212
5 31
10 40
7 127
6 121
8 215
0 287
10 96
10 332
10 237
2 2644
8 298
5 22
4 325
6 311
2 2604
3 222
3 10
12 337
14 205
10 51
1 1598
14 233
3 271
4 94
2 1919
6 108
5 336
10 279
2 1908
12 390
0 390
1 2615
5 154
0 202
1 3287
4 61
1 2718
4 393
5 230
9 153
10 354
8 19
0 305
3 305
8 301
4 67
8 358
2 2973
12 155
1 1686
2 115
6 209
4 92
10 251
13 380
0 312
14 150
12 162
11 167
6 168
5 391
14 283
1 2218
5 392
1 3311
11 9
0 252
8 313
8 402
13 168
11 214
0 343
13 133
0 392
8 34
5 342
13 352
4 189
------------------
output_vector_after
33
operator_revise_array
1 1600
12 260
------------------
output_vector_after
21
operator_revise_array
3 375
8 358
7 28
14 214
6 95
3 390
4 208
13 92
13 320
5 415
4 64
9 20
10 141
3 198
13 79
13 209
------------------
output_vector_after
21
operator_revise_array
14 344
2 476
10 366
2 2539
8 426
14 269
5 37
14 86
1 651
7 471
9 212
1 740
5 267
14 173
13 432
6 196
------------------
output_vector_after
13
operator_revise_array
8 303
1 188
3 153
14 350
8 234
7 364
12 228
9 379
2 590
2 1086
8 354
0 65
2 2020
8 280
6 100
14 187
------------------
output_vector_after
19
operator_revise_array
13 21
9 81
11 194
0 210
4 371
12 211
8 313
6 50
3 168
3 248
4 171
0 15
9 270
10 325
10 345
0 240
------------------
output_vector_after
13
operator_revise_array
6 257
3 387
13 260
7 304
5 114
9 102
9 230
3 50
3 265
4 84
7 269
3 325
2 1582
3 17
7 220
0 281
------------------
output_vector_after
21
operator_revise_array
5 182
6 378
7 130
11 293
------------------
output_vector_after
21
operator_revise_array
6 368
1 1837
12 89
5 95
1 828
6 27
13 384
5 100
10 376
9 185
5 373
14 369
2 2007
1 652
7 28
4 112
------------------
output_vector_after
21
operator_revise_array
13 30
9 39
6 210
0 329
5 101
10 293
10 146
1 2597
1 1100
10 220
13 133
12 256
12 234
6 15
9 346
9 316
------------------
output_vector_after
21
operator_revise_array
6 368
7 257
14 336
10 98
0 95
3 96
0 159
4 137
13 123
13 171
0 329
9 56
8 157
12 125
12 336
2 2121
3 121
12 55
0 190
8 188
13 351
13 373
0 248
10 274
6 246
5 248
9 261
9 229
0 8
12 21
8 244
9 9
------------------
output_vector_after
21
operator_revise_array
2 3304
8 9
8 263
12 79
6 102
3 114
11 395
11 202
9 330
7 358
3 350
13 127
14 330
7 113
11 317
1 445
14 292
1 2084
13 64
8 281
9 36
5 359
4 364
2 2585
4 124
6 342
13 349
3 63
13 219
0 84
11 46
0 107
------------------
output_vector_after
21
operator_revise_array
11 309
4 115
5 95
0 58
------------------
output_vector_after
21
operator_revise_array
11 304
2 2938
3 333
11 125
4 52
0 186
8 77
7 346
8 12
9 30
6 268
7 48
6 120
3 165
5 200
9 405
12 311
12 275
1 1711
13 319
8 43
3 15
8 199
10 6
12 176
12 391
11 233
4 281
2 1857
3 100
5 58
1 189
------------------
output_vector_after
21
operator_revise_array
0 100
13 104
2 587
9 309
3 248
2 2852
2 1030
11 392
2 1066
6 380
11 119
4 150
10 57
7 102
7 187
12 98
11 160
13 64
1 2393
12 242
1 1392
8 222
7 370
5 362
2 1147
9 314
6 85
10 73
12 210
9 362
9 229
5 222
------------------
output_vector_after
21
operator_revise_array
4 253
7 349
14 394
4 351
9 208
5 300
14 178
7 109
------------------
output_vector_after
21
operator_revise_array
14 210
1 2311
6 72
8 280
13 202
0 74
6 248
6 71
------------------
output_vector_after
21
operator_revise_array
3 52
5 332
8 132
6 317
1 278
2 1859
9 59
3 92
3 210
11 197
4 361
7 76
4 373
10 171
13 142
3 9
------------------
output_vector_after
21
operator_revise_array
4 91
11 232
11 22
10 130
3 132
5 24
12 166
13 362
13 30
9 193
14 351
10 140
12 365
7 222
11 111
3 146
------------------
output_vector_after
21
operator_revise_array
8 121
4 231
6 242
5 108
5 362
3 110
13 213
1 2272
------------------
output_vector_after
27
operator_revise_array
5 324
10 295
14 184
14 364
4 367
12 337
11 132
11 237
2 2269
7 196
1 2172
6 321
13 28
3 181
7 253
13 86
7 78
7 160
11 49
1 1073
8 182
14 146
4 242
13 235
7 274
7 167
4 135
9 286
13 330
8 362
11 260
12 182
------------------
output_vector_after
19
operator_revise_array
10 53
11 385
3 150
9 401
14 294
0 324
7 90
5 119
10 361
8 222
14 61
5 265
1 2251
12 43
14 365
9 128
------------------
output_vector_after
21
operator_revise_array
7 223
10 71
9 173
9 192
0 350
5 365
12 221
14 260
------------------
output_vector_after
21
operator_revise_array
11 158
9 300
5 407
1 520
10 166
9 101
14 125
7 381
------------------
output_vector_after
21
operator_revise_array
13 253
11 174
------------------
output_vector_after
6
operator_revise_array
6 120
0 55
2 917
12 30
7 237
1 1957
12 213
3 39
------------------
output_vector_after
6
operator_revise_array
1 141
4 34
11 34
10 142
0 256
9 91
12 200
3 63
------------------
output_vector_after
6
operator_revise_array
9 140
10 245
0 109
2 1195
------------------
output_vector_after
12
operator_revise_array
2 1425
10 255
10 239
9 113
------------------
output_vector_after
12
operator_revise_array
9 229
2 85
1 1605
11 255
------------------
output_vector_after
19
operator_revise_array
5 264
5 140
3 256
1 1099
3 49
14 106
0 128
10 89
8 106
4 374
12 257
8 78
1 223
0 281
0 53
1 1426
------------------
output_vector_after
21
operator_revise_array
6 354
10 175
0 26
7 264
3 51
12 393
0 206
9 386
2 1570
0 30
2 2266
4 373
11 371
7 122
2 2334
5 319
10 390
11 238
1 399
1 1499
2 1915
6 368
11 249
10 268
13 80
8 45
5 22
14 34
7 250
3 26
1 2333
6 173
2 1380
9 256
3 301
1 2569
10 255
0 274
10 370
3 352
8 36
4 75
14 215
3 147
6 286
13 192
14 306
1 467
5 82
4 249
14 72
9 28
2 2733
0 278
0 265
9 159
10 375
0 377
8 294
4 370
9 292
5 58
12 242
14 220
5 19
12 350
2 1402
8 210
6 187
1 2231
10 193
4 302
8 366
11 197
0 119
10 51
13 103
13 113
9 374
9 356
9 19
5 298
10 325
9 49
0 277
13 172
14 87
6 404
5 142
10 217
14 164
13 219
11 200
13 237
6 176
1 2005
4 8
0 125
8 395
4 309
11 50
10 260
12 318
10 299
4 40
4 128
7 148
9 46
5 307
3 77
10 362
11 128
0 315
10 264
8 63
1 2094
2 3190
3 55
0 202
13 76
4 27
4 221
9 109
6 329
5 180
10 317
4 293
4 246
------------------
output_vector_after
19
operator_revise_array
14 105
12 260
------------------
output_vector_after
19
operator_revise_array
11 342
5 209
10 263
8 202
13 191
7 55
11 95
2 1734
2 1673
13 189
0 334
10 363
5 208
11 161
6 200
10 59
------------------
output_vector_after
25
operator_revise_array
6 245
14 228
------------------
output_vector_after
13
operator_revise_array
1 1407
14 203
3 372
7 139
6 5
0 271
7 354
14 23
------------------
output_vector_after
11
operator_revise_array
4 262
7 196
9 54
1 2008
5 104
3 12
6 48
12 250
5 152
1 1216
2 2527
14 366
8 87
11 87
1 1553
8 64
11 271
6 36
2 1814
8 411
8 289
2 1354
9 237
0 303
4 100
9 291
12 344
14 341
11 90
8 220
13 87
8 351
------------------
output_vector_after
11
operator_revise_array
10 49
3 130
10 279
7 225
14 289
5 132
8 33
12 67
12 411
13 358
4 364
13 264
14 303
0 214
12 76
8 209
10 23
13 217
12 115
1 681
1 1745
5 172
11 360
8 290
10 221
6 181
8 131
8 214
9 326
1 2020
11 16
4 225
5 356
0 332
6 290
0 173
4 93
5 76
9 32
12 24
8 32
8 49
1 2809
10 148
3 217
4 195
3 357
14 135
5 272
3 147
5 98
8 254
9 245
1 811
5 3
12 152
3 206
3 224
0 30
1 2277
4 314
12 164
0 57
14 237
2 1308
8 67
9 337
0 197
13 107
4 112
7 334
10 11
5 192
3 85
3 155
14 216
7 70
14 199
8 54
7 285
4 310
9 214
12 225
2 2055
0 247
4 109
8 395
6 31
10 394
11 151
13 8
14 78
10 79
11 74
4 393
4 370
11 105
2 317
11 7
7 150
3 324
0 362
4 81
2 3152
14 197
11 135
4 54
9 55
3 116
3 66
11 186
14 29
14 371
11 14
3 138
9 310
0 272
4 445
0 110
6 142
14 286
3 284
14 386
7 358
9 405
10 34
4 470
8 362
------------------
output_vector_after
6
operator_revise_array
14 101
3 29
10 310
10 192
------------------
output_vector_after
19
operator_revise_array
12 92
11 247
8 381
14 209
7 174
13 80
14 9
11 37
------------------
output_vector_after
25
operator_revise_array
1 2900
10 78
7 279
13 70
11 296
3 161
3 26
12 246
0 320
9 70
11 366
14 52
14 116
5 43
13 38
4 54
------------------
output_vector_after
19
operator_revise_array
14 229
6 51
5 353
12 200
8 406
10 320
1 2377
1 2252
3 315
9 55
10 171
4 200
0 192
14 168
5 242
5 389
------------------
output_vector_after
25
operator_revise_array
8 157
14 261
------------------
output_vector_after
19
operator_revise_array
6 99
4 139
14 246
11 144
------------------
output_vector_after
19
operator_revise_array
1 2306
10 336
------------------
output_vector_after
22
operator_revise_array
1 856
14 197
2 1282
3 197
11 156
13 167
4 235
12 380
10 96
3 317
5 28
2 1412
5 123
4 24
4 122
7 46
1 1451
5 11
10 179
5 25
7 257
9 291
6 262
4 337
9 90
11 23
13 265
12 17
11 245
8 308
1 1556
11 234
7 33
0 116
14 107
6 321
9 336
8 375
0 282
0 365
0 3
14 353
4 303
7 261
4 259
13 144
1 2894
4 109
12 185
8 256
9 346
12 128
13 147
9 86
14 304
7 185
7 262
7 273
14 347
5 367
7 225
12 283
6 306
9 202
------------------
output_vector_after
19
operator_revise_array
0 288
7 235
------------------
output_vector_after
19
operator_revise_array
6 194
4 220
13 333
12 280
8 148
5 24
7 195
5 166
10 169
4 305
5 216
6 153
8 42
6 355
9 312
12 222
0 113
1 1702
0 117
12 227
12 179
3 190
12 21
14 25
7 175
11 365
4 358
4 287
11 370
9 144
7 16
7 53
8 334
9 157
5 98
7 71
3 203
9 170
1 569
12 62
11 30
4 85
9 278
3 37
2 1097
12 59
7 60
4 166
2 1620
10 123
9 284
11 359
7 290
10 202
7 61
2 1684
7 262
6 223
4 144
2 1520
4 133
7 32
14 366
5 24
------------------
output_vector_after
13
operator_revise_array
11 262
1 2405
6 277
1 588
13 162
10 234
4 212
6 216
9 235
5 165
5 338
12 110
12 280
13 299
3 43
13 190
------------------
output_vector_after
17
operator_revise_array
9 164
0 264
5 68
2 1590
12 144
6 113
2 2169
8 333
0 48
8 284
9 357
11 303
1 2270
3 137
0 8
10 361
------------------
output_vector_after
19
operator_revise_array
7 296
7 31
2 2632
6 66
7 217
5 195
11 95
13 326
12 72
3 100
7 47
0 63
14 129
4 73
9 190
8 251
11 269
0 261
3 168
5 327
7 270
0 158
11 174
14 253
14 4
12 72
10 142
11 354
4 50
8 387
4 249
5 111
2 2799
3 346
1 3063
1 561
12 270
10 50
12 381
1 564
10 213
4 59
0 154
6 15
13 47
11 259
13 142
13 178
10 30
0 208
7 241
9 120
12 123
0 275
0 272
7 216
14 68
0 68
8 334
4 312
5 324
7 72
12 123
2 2458
------------------
output_vector_after
6
operator_revise_array
2 700
8 39
6 74
2 1230
1 1006
7 217
0 97
0 274
8 59
0 105
12 68
8 43
10 22
6 238
1 1924
10 289
------------------
output_vector_after
2
operator_revise_array
14 62
11 251
2 306
8 196
12 201
4 38
1 455
4 13
7 164
8 107
9 306
7 82
7 208
6 16
0 227
4 125
6 53
1 607
12 70
8 174
13 70
12 54
7 52
14 73
7 224
11 124
11 305
2 1954
8 78
8 139
11 112
3 7
------------------
output_vector_after
2
operator_revise_array
10 32
9 204
12 257
8 146
11 6
1 733
2 1472
0 93
------------------
output_vector_after
2
operator_revise_array
1 255
8 119
1 1905
3 240
1 1182
8 35
13 84
6 10
2 680
2 152
1 632
2 279
2 693
2 1359
0 30
9 185
3 21
3 181
14 91
0 150
14 116
0 171
14 148
5 294
1 1001
4 11
12 101
13 190
11 231
7 209
1 1848
3 120
13 98
3 275
12 251
9 204
14 185
9 216
8 246
11 226
13 275
3 229
0 252
10 84
14 39
6 166
5 260
2 235
4 245
6 86
11 200
0 196
12 198
12 11
12 228
11 23
6 155
9 212
0 123
8 191
9 239
11 180
7 254
5 211
------------------
output_vector_after
2
operator_revise_array
10 74
7 219
5 187
5 279
11 77
11 190
7 251
1 95
------------------
output_vector_after
2
operator_revise_array
0 167
5 21
4 39
5 53
------------------
output_vector_after
2
operator_revise_array
4 10
6 78
13 271
7 253
3 127
3 196
10 150
2 1909
1 2206
1 398
0 127
11 182
7 272
1 231
14 64
11 89
------------------
output_vector_after
2
operator_revise_array
5 286
13 72
9 195
6 157
9 131
4 176
9 273
14 12
------------------
output_vector_after
2
operator_revise_array
1 293
6 269
14 66
10 101
------------------
output_vector_after
2
operator_revise_array
13 105
6 109
14 274
10 175
11 225
12 68
4 80
13 297
1 459
8 173
3 88
1 476
2 2418
5 277
11 16
6 36
------------------
output_vector_after
6
operator_revise_array
3 69
11 279
8 171
9 126
3 162
13 142
11 196
2 2081
4 50
5 113
2 280
11 206
4 207
0 215
8 255
12 19
6 247
8 174
0 112
12 155
2 1000
8 149
6 206
0 218
11 17
13 127
3 175
11 194
14 216
5 179
2 1321
1 432
7 98
0 58
12 64
0 220
6 243
10 194
1 716
10 119
6 218
11 106
8 268
0 161
3 200
14 13
6 206
1 521
3 108
10 21
12 21
6 268
11 279
0 184
4 29
10 28
6 97
9 282
1 580
12 94
7 127
6 43
3 206
11 6
------------------
output_vector_after
2
operator_revise_array
14 89
5 187
6 125
2 1163
2 1678
6 84
9 152
1 2542
------------------
output_vector_after
2
operator_revise_array
6 235
13 36
0 75
1 732
------------------
output_vector_after
2
operator_revise_array
13 223
7 278
12 82
11 80
0 259
8 278
4 113
1 738
------------------
output_vector_after
8
operator_revise_array
13 121
14 16
3 128
6 135
10 122
1 1902
11 112
11 116
5 261
12 38
4 257
12 155
7 42
14 134
13 263
5 102
------------------
output_vector_after
6
operator_revise_array
12 245
12 187
------------------
output_vector_after
2
operator_revise_array
12 171
2 208
12 127
2 1468
7 222
6 39
3 135
2 795
------------------
output_vector_after
2
operator_revise_array
0 212
5 110
1 289
8 209
3 88
13 13
1 478
0 96
------------------
output_vector_after
2
operator_revise_array
12 112
0 41
14 72
6 142
------------------
output_vector_after
2
operator_revise_array
2 1882
14 63
5 105
2 408
2 374
11 13
10 169
12 268
------------------
output_vector_after
2
operator_revise_array
9 191
7 130
1 1943
8 264
------------------
output_vector_after
13
operator_revise_array
8 26
2 1577
------------------
output_vector_after
2
operator_revise_array
6 31
1 2203
13 125
13 239
7 23
8 230
14 152
8 160
------------------
output_vector_after
2
operator_revise_array
14 73
2 1272
0 287
7 128
12 278
13 220
1 2201
12 150
9 245
4 172
4 102
12 235
4 201
3 202
2 872
14 73
------------------
output_vector_after
2
operator_revise_array
9 94
13 3
------------------
output_vector_after
2
operator_revise_array
13 44
2 446
14 65
12 277
------------------
output_vector_after
2
operator_revise_array
14 97
3 79
14 279
7 291
4 260
1 999
12 302
2 699
10 237
5 21
0 37
12 44
8 124
2 821
6 262
5 62
------------------
output_vector_after
6
operator_revise_array
12 244
4 283
------------------
output_vector_after
8
operator_revise_array
8 126
6 155
14 122
7 126
1 1676
4 157
11 173
6 298
14 129
3 283
6 169
10 144
14 214
1 930
7 167
12 164
10 85
11 48
14 140
12 149
1 2540
3 120
12 173
1 2061
13 21
8 76
2 794
4 294
13 9
6 148
11 291
5 122
------------------
output_vector_after
2
operator_revise_array
11 201
9 157
7 119
5 270
1 2007
11 64
11 34
14 115
9 38
3 262
5 52
5 159
12 25
7 197
2 1720
3 41
------------------
output_vector_after
2
operator_revise_array
0 224
9 8
2 1792
0 186
3 245
0 125
5 162
5 268
------------------
output_vector_after
11
operator_revise_array
11 29
1 184
5 241
6 188
8 69
14 18
13 241
7 285
------------------
output_vector_after
11
operator_revise_array
4 256
8 282
------------------
output_vector_after
6
operator_revise_array
9 65
4 69
9 166
7 53
4 138
8 277
1 653
4 253
12 248
6 313
14 111
4 210
13 40
1 427
13 213
7 297
------------------
output_vector_after
6
operator_revise_array
3 135
6 338
9 245
13 195
12 60
3 221
12 56
3 363
8 97
14 248
13 211
5 109
12 232
4 148
6 320
3 82
------------------
output_vector_after
11
operator_revise_array
6 27
8 204
------------------
output_vector_after
11
operator_revise_array
1 502
14 123
1 2466
12 55
13 121
0 373
3 227
4 233
------------------
output_vector_after
6
operator_revise_array
11 285
8 296
------------------
output_vector_after
6
operator_revise_array
9 289
12 103
------------------
output_vector_after
6
operator_revise_array
11 288
4 218
------------------
output_vector_after
6
operator_revise_array
0 290
3 228
11 173
4 268
5 68
11 364
12 376
6 26
12 195
2 477
0 223
6 261
12 271
9 61
7 303
0 81
------------------
output_vector_after
4
operator_revise_array
5 49
8 183
12 233
8 291
0 347
2 79
13 38
4 291
4 84
3 41
12 61
11 328
11 62
12 32
0 271
11 367
0 109
8 186
7 75
14 282
14 101
14 17
12 99
4 278
11 372
10 179
7 19
2 3391
5 385
13 305
13 415
12 27
7 115
11 150
2 1284
7 91
4 379
7 250
3 439
13 369
13 261
7 257
3 347
11 258
0 5
12 242
3 202
4 187
11 69
1 220
11 430
12 369
13 121
12 265
2 696
12 64
14 340
3 118
8 403
10 238
11 347
7 253
2 1581
0 388
------------------
output_vector_after
6
operator_revise_array
2 178
2 2315
------------------
output_vector_after
9
operator_revise_array
5 709
2 454
2 5453
4 39
7 271
10 159
11 203
9 106
0 211
8 602
0 493
6 711
11 592
3 288
13 21
3 316
11 321
7 376
14 524
2 352
6 574
5 559
2 995
9 188
12 499
1 774
5 327
10 316
0 82
10 109
6 305
11 636
9 487
0 716
8 127
12 377
11 256
10 102
1 4707
3 573
0 20
8 301
14 600
11 625
8 189
4 717
13 644
9 693
14 301
8 605
7 682
5 90
4 456
0 631
10 342
0 165
10 119
3 606
8 466
6 451
6 146
6 534
2 5621
12 266
------------------
output_vector_after
10
operator_revise_array
1 548
11 595
7 394
7 476
2 4043
0 282
6 652
7 376
0 161
10 308
10 221
7 98
6 129
10 134
11 607
12 387
------------------
output_vector_after
2
operator_revise_array
9 259
12 677
0 33
9 444
5 695
4 453
14 414
9 75
11 668
2 4420
5 178
12 92
10 214
13 557
0 62
13 413
13 384
6 274
6 324
2 4586
13 5
0 299
8 350
12 335
0 521
13 591
8 472
3 183
6 356
0 671
9 583
13 526
------------------
output_vector_after
10
operator_revise_array
13 145
12 525
6 605
3 535
6 332
10 169
10 702
9 337
0 274
12 547
9 337
7 563
0 293
3 335
2 2072
0 330
------------------
output_vector_after
10
operator_revise_array
1 4963
7 43
7 335
2 3057
13 270
13 251
1 4248
9 497
------------------
output_vector_after
10
operator_revise_array
5 133
13 579
11 481
0 710
------------------
output_vector_after
10
operator_revise_array
2 1868
2 3385
0 589
5 537
6 515
13 569
10 302
9 582
12 705
13 625
0 414
3 340
11 356
13 44
4 337
7 585
------------------
output_vector_after
9
operator_revise_array
14 101
6 402
12 225
12 377
8 362
13 388
8 699
4 650
8 528
13 9
5 171
5 372
13 198
2 4900
8 11
4 462
2 4782
1 3127
1 1847
8 716
10 211
10 571
1 3411
6 605
1 4548
12 484
5 406
3 34
1 2512
13 669
10 27
0 248
7 150
6 501
10 374
11 151
9 358
0 40
6 200
7 266
0 528
1 3781
9 441
11 416
3 385
11 67
5 471
14 157
14 180
0 332
9 444
6 248
2 1889
9 621
8 484
12 396
11 161
2 5741
10 306
7 93
14 427
14 515
1 1238
8 194
8 290
6 560
11 685
13 217
12 641
1 4245
14 321
5 725
0 12
5 675
6 445
7 724
13 159
2 4795
5 171
0 188
11 51
0 281
8 52
9 743
1 4648
9 47
0 725
3 699
8 38
10 572
10 199
3 572
13 101
7 164
9 650
9 358
2 2546
4 650
6 287
13 500
12 222
9 282
8 541
8 224
5 328
2 890
13 49
11 522
2 1421
10 563
3 69
13 155
5 422
0 428
8 446
3 349
10 535
10 329
11 113
11 533
3 156
4 435
14 209
3 660
5 103
4 250
5 547
0 119
------------------
output_vector_after
10
operator_revise_array
8 507
5 350
13 67
7 101
------------------
output_vector_after
10
operator_revise_array
10 615
12 116
0 319
1 2449
3 55
4 404
3 98
9 424
11 93
10 138
3 741
6 211
9 630
9 200
13 97
10 254
------------------
output_vector_after
10
operator_revise_array
12 290
7 581
3 114
7 453
6 706
6 588
13 117
6 61
------------------
output_vector_after
10
operator_revise_array
14 176
10 564
------------------
output_vector_after
10
operator_revise_array
4 457
7 269
11 547
3 639
9 525
14 93
2 634
1 5660
1 5691
10 289
10 240
13 701
0 618
6 612
10 521
11 342
4 158
2 4172
11 628
5 258
12 442
14 730
1 4573
7 737
1 2026
3 363
14 49
10 165
3 146
14 511
0 56
8 114
------------------
output_vector_after
10
operator_revise_array
8 29
10 31
6 521
7 699
5 41
6 443
1 1251
7 549
3 394
10 494
8 324
13 186
2 4069
11 24
5 336
7 391
13 587
13 502
10 94
3 83
13 490
2 4563
9 622
11 489
9 91
7 259
0 210
8 305
6 168
3 694
11 370
14 549
1 774
1 4037
4 198
4 431
6 551
1 4591
11 683
14 698
11 456
6 430
13 155
7 714
11 261
1 3316
7 74
7 134
5 127
2 4293
10 58
10 97
12 446
13 230
14 94
2 2582
13 86
14 383
2 2739
6 204
9 397
4 712
0 648
4 298
------------------
output_vector_after
10
operator_revise_array
13 226
12 50
------------------
output_vector_after
10
operator_revise_array
13 534
0 177
8 554
8 574
12 444
8 333
0 81
4 120
6 662
3 611
8 430
6 658
0 348
3 122
4 12
12 240
3 448
13 520
8 318
7 580
10 215
3 88
10 270
14 474
14 52
5 217
5 715
6 575
7 66
1 4153
14 704
4 627
------------------
output_vector_after
10
operator_revise_array
8 465
13 224
9 421
4 531
7 623
6 87
12 256
5 319
7 159
5 593
8 479
2 4361
11 561
9 422
5 128
3 368
0 733
7 672
14 701
12 264
4 101
2 701
12 277
4 544
13 106
6 548
12 532
3 701
4 709
0 370
5 511
10 646
------------------
output_vector_after
10
operator_revise_array
0 94
7 249
13 139
9 465
------------------
output_vector_after
10
operator_revise_array
2 2213
1 1594
6 272
13 67
13 190
5 390
6 496
3 67
8 531
12 161
14 157
3 594
10 207
5 127
1 1518
6 112
------------------
output_vector_after
10
operator_revise_array
8 390
2 1919
13 139
9 435
13 35
11 415
9 621
6 420
0 582
14 524
0 208
4 538
3 523
5 281
8 413
2 1413
------------------
output_vector_after
10
operator_revise_array
5 513
2 463
6 722
13 93
8 210
9 606
9 78
14 173
------------------
output_vector_after
10
operator_revise_array
3 135
10 718
14 707
3 736
------------------
output_vector_after
10
operator_revise_array
0 526
5 658
7 730
14 151
------------------
output_vector_after
2
operator_revise_array
10 219
8 479
13 414
2 3698
6 476
8 679
14 4
3 93
4 348
0 580
3 617
5 441
10 447
8 513
0 501
1 5686
------------------
output_vector_after
10
operator_revise_array
10 650
11 690
10 395
13 128
------------------
output_vector_after
10
operator_revise_array
0 734
7 69
8 131
9 242
0 365
8 211
14 148
1 2383
1 2791
7 421
11 450
8 435
14 564
11 131
14 685
3 122
------------------
output_vector_after
10
operator_revise_array
12 656
14 38
6 421
13 257
8 1
2 4409
12 748
3 608
0 30
13 538
14 293
13 138
10 450
1 35
10 537
5 98
------------------
output_vector_after
9
operator_revise_array
7 222
11 733
0 143
1 3242
8 167
12 432
11 710
11 80
2 6024
14 848
0 381
7 296
4 190
13 246
4 23
14 307
6 483
14 720
8 184
14 446
14 462
9 139
12 316
6 432
0 507
10 574
5 694
2 593
12 55
1 4138
8 368
8 143
14 726
6 135
3 148
13 3
4 325
14 14
11 314
1 6326
4 814
6 512
14 487
13 468
5 222
13 369
13 334
1 5881
9 286
6 298
5 33
2 5036
0 492
3 601
13 554
9 539
7 64
5 779
2 3470
5 534
6 517
12 803
14 493
11 249
------------------
output_vector_after
10
operator_revise_array
12 141
3 466
7 427
11 616
5 771
0 647
8 355
9 416
6 721
5 641
13 366
2 1657
6 689
11 640
12 837
14 563
6 362
1 4581
2 2412
6 717
2 4071
14 225
5 682
14 238
10 616
12 665
3 104
1 3946
12 65
8 511
14 283
4 841
13 767
11 744
0 350
1 6617
3 896
14 154
12 169
11 143
5 642
0 330
0 876
10 837
5 181
10 16
4 404
9 761
10 41
0 824
10 444
8 229
6 233
9 339
14 738
11 129
12 62
1 797
3 392
5 85
13 802
5 81
11 307
3 209
12 433
13 512
0 268
5 705
1 973
13 846
1 4966
5 187
13 555
12 597
10 830
2 3079
6 97
4 833
3 32
2 491
9 724
10 379
13 676
12 276
7 750
2 3218
14 712
7 453
2 3439
14 101
14 118
7 693
9 316
8 84
14 343
6 557
3 480
6 255
9 660
10 598
11 52
0 114
7 772
8 584
13 854
4 561
10 555
10 815
9 271
1 4776
7 239
3 72
4 812
7 511
0 174
3 712
10 505
12 99
6 575
6 143
14 629
11 139
4 445
12 27
9 665
13 349
2 3182
4 287
------------------
output_vector_after
6
operator_revise_array
10 588
10 558
13 251
1 2782
------------------
output_vector_after
6
operator_revise_array
12 690
14 279
8 310
1 4123
9 106
4 836
9 192
12 833
7 419
1 5760
12 536
3 183
12 392
14 802
4 674
7 465
3 712
6 584
11 569
7 496
7 571
1 2645
7 419
1 199
9 479
13 272
12 241
1 3961
8 487
11 183
4 338
6 421
13 329
0 843
5 53
11 490
4 84
6 32
1 6205
9 563
14 632
10 812
10 173
2 1102
11 746
5 337
5 187
12 267
13 537
0 566
4 829
0 524
14 701
0 837
13 346
4 800
6 346
0 448
5 706
7 819
11 685
12 854
13 406
11 582
4 293
6 29
5 225
8 224
3 558
6 613
14 448
11 64
0 647
0 472
11 825
0 771
7 623
3 129
13 815
8 724
1 2209
11 707
14 257
4 131
0 334
4 787
11 516
9 429
7 533
11 752
4 477
2 1843
6 715
0 411
0 291
6 440
10 693
1 3207
13 541
9 286
5 685
13 55
1 5447
11 628
4 91
7 285
2 6704
2 904
0 594
0 21
1 6579
6 703
1 961
7 347
0 75
8 846
4 548
6 141
2 2697
0 109
5 458
4 583
3 830
14 662
10 814
14 168
3 164
9 775
------------------
output_vector_after
6
operator_revise_array
13 342
11 282
------------------
output_vector_after
6
operator_revise_array
10 639
13 156
13 240
13 790
6 616
1 4134
0 699
12 74
------------------
output_vector_after
6
operator_revise_array
0 679
7 857
1 3916
13 406
------------------
output_vector_after
10
operator_revise_array
8 645
5 207
11 66
1 6693
12 560
13 376
0 446
14 155
------------------
output_vector_after
6
operator_revise_array
0 832
4 190
1 4954
11 447
8 614
12 464
1 495
0 542
11 345
3 821
5 342
12 319
14 827
4 343
13 290
6 389
------------------
output_vector_after
6
operator_revise_array
4 669
4 709
4 509
14 397
------------------
output_vector_after
10
operator_revise_array
13 697
0 531
10 646
10 345
0 423
6 844
5 808
13 29
12 608
7 331
1 1577
10 451
7 218
8 24
0 708
8 86
5 93
6 728
0 614
5 739
3 422
10 49
2 2476
6 90
11 741
13 469
1 5261
11 737
0 231
8 111
5 789
0 22
12 77
14 61
10 64
0 287
2 4435
12 550
14 768
8 445
5 537
6 616
12 459
14 175
8 25
6 800
0 330
3 189
5 355
2 3501
6 762
9 438
14 267
4 807
3 829
10 723
8 515
10 698
11 533
7 160
10 814
11 201
7 248
13 399
6 293
8 378
10 674
12 610
0 510
2 1166
10 27
4 297
4 574
0 185
12 384
12 462
13 298
2 3267
9 380
3 211
7 17
3 317
7 475
3 276
4 82
1 4725
13 779
7 194
1 1434
3 51
13 483
13 754
11 373
6 149
5 107
1 4296
14 607
10 160
12 667
10 496
0 790
10 680
9 303
2 5560
9 327
0 745
9 469
5 544
1 892
3 688
2 5651
1 3684
4 691
6 99
11 301
0 334
7 418
7 166
9 572
7 171
1 5433
0 578
3 455
12 501
8 499
6 126
2 4365
10 630
------------------
output_vector_after
6
operator_revise_array
3 305
0 339
1 1040
0 221
0 134
6 186
11 639
8 515
------------------
output_vector_after
15
operator_revise_array
6 601
12 170
8 759
1 3210
1 128
6 728
13 820
0 644
------------------
output_vector_after
6
operator_revise_array
1 2587
12 115
8 543
8 213
3 307
7 842
13 379
6 666
------------------
output_vector_after
6
operator_revise_array
13 105
4 218
13 556
7 259
------------------
output_vector_after
6
operator_revise_array
5 171
2 2689
11 438
7 851
------------------
output_vector_after
6
operator_revise_array
13 464
2 6309
4 760
5 682
------------------
output_vector_after
6
operator_revise_array
7 93
3 606
14 331
11 36
7 39
5 666
1 5532
0 777
------------------
output_vector_after
10
operator_revise_array
7 563
3 818
1 5558
10 398
10 319
0 418
10 694
12 642
8 51
0 186
8 27
1 613
7 87
9 348
14 148
1 3670
11 560
4 484
6 726
0 296
12 352
8 558
2 1924
8 269
5 224
14 175
8 545
5 38
6 300
9 498
4 476
0 750
5 358
7 162
12 510
0 555
14 368
12 398
14 376
7 195
6 536
0 324
11 537
8 115
8 85
8 286
3 256
5 203
8 768
5 275
14 734
10 765
3 503
3 916
13 374
1 5009
0 604
12 105
13 789
12 197
12 51
5 518
6 696
11 513
------------------
output_vector_after
9
operator_revise_array
14 563
8 674
13 144
4 511
14 388
4 657
1 6523
5 515
5 571
14 256
9 155
13 201
3 188
8 204
13 567
13 23
4 25
1 5856
10 189
14 228
0 325
1 975
14 755
2 2910
2 4811
6 794
13 378
13 757
0 232
13 344
1 4056
10 399
6 602
14 497
9 387
5 350
12 239
12 130
12 35
5 289
11 761
12 701
12 595
9 311
1 3920
2 5152
7 487
3 829
5 152
14 504
6 219
13 154
12 305
2 860
1 2317
11 708
13 202
12 713
14 662
10 837
1 4692
14 778
1 1495
9 122
13 368
14 591
7 174
0 564
2 3864
4 688
0 612
6 327
6 375
14 416
4 670
13 122
5 864
12 549
5 516
1 2521
13 856
4 490
10 182
12 590
4 851
9 251
14 383
5 488
13 618
7 521
8 331
11 16
1 6746
2 3886
12 469
2 3537
5 384
7 820
3 210
7 278
10 362
5 366
1 4317
10 475
8 468
8 602
11 356
6 422
11 270
9 652
14 507
9 539
3 304
0 179
11 146
12 708
2 1227
3 259
3 691
13 734
7 815
12 61
8 877
0 280
2 2331
14 470
4 175
1 50
------------------
output_vector_after
14
operator_revise_array
11 767
14 438
------------------
output_vector_after
6
operator_revise_array
10 722
3 51
6 410
11 388
4 345
2 5874
11 848
8 697
12 679
13 431
5 360
14 159
1 4072
0 222
8 337
9 372
------------------
output_vector_after
10
operator_revise_array
12 646
13 588
0 460
3 277
8 555
11 175
1 5538
5 167
14 128
12 312
8 637
2 6712
3 331
6 695
8 814
10 695
9 243
5 548
4 521
14 390
5 142
2 3986
11 835
12 177
10 733
12 142
13 60
14 361
13 445
1 2181
9 348
8 546
------------------
output_vector_after
2
operator_revise_array
12 116
4 859
1 92
14 334
7 723
7 376
1 2758
14 719
2 730
13 327
2 3180
6 377
14 674
11 324
3 617
10 448
1 3343
9 820
2 6068
0 235
3 737
7 208
3 474
1 3966
12 217
8 450
12 149
0 484
14 900
7 519
8 741
10 729
1 6488
4 731
4 838
4 503
9 251
14 811
13 812
3 89
9 79
1 267
1 849
11 655
0 876
13 42
10 686
6 59
1 2696
9 566
4 375
1 6131
3 514
4 714
11 401
6 453
3 419
10 536
13 39
8 421
5 241
6 579
1 4947
7 479
6 418
8 394
7 634
8 818
7 215
4 778
3 373
2 2527
14 199
3 854
3 590
4 283
4 524
12 663
13 204
5 54
11 443
6 727
0 752
1 3832
7 89
10 346
7 315
6 708
13 248
9 612
1 1915
0 8
4 360
14 496
3 211
12 486
12 503
1 2107
7 485
11 776
13 231
1 3471
14 64
4 137
10 269
2 5786
8 412
12 329
10 163
0 142
0 286
10 192
11 295
4 47
14 684
9 176
14 236
4 414
1 2251
4 607
3 835
13 376
12 94
9 188
5 184
3 269
5 654
7 658
------------------
output_vector_after
15
operator_revise_array
11 644
7 638
9 52
7 834
10 244
0 653
10 594
5 624
3 773
7 30
0 802
8 44
5 528
11 620
9 632
6 109
------------------
output_vector_after
9
operator_revise_array
10 599
11 348
7 293
13 6
14 583
14 157
1 541
8 778
9 411
6 275
13 552
7 849
4 698
10 622
0 663
10 360
------------------
output_vector_after
10
operator_revise_array
13 616
12 59
5 100
0 230
8 357
8 596
7 809
14 800
8 285
14 129
12 314
7 740
2 4796
10 820
9 736
2 3325
------------------
output_vector_after
6
operator_revise_array
12 861
3 372
5 581
4 571
13 201
1 1610
2 5873
7 418
------------------
output_vector_after
6
operator_revise_array
6 325
8 526
7 163
14 547
6 498
2 1840
7 379
2 5632
2 1762
13 280
6 181
0 258
6 274
5 510
13 464
1 2850
------------------
output_vector_after
6
operator_revise_array
1 2759
13 461
4 106
4 600
3 317
8 385
2 230
8 418
8 810
2 2684
1 6342
9 229
2 3318
9 46
4 109
5 201
------------------
output_vector_after
6
operator_revise_array
10 593
3 432
2 4435
12 11
9 501
1 6591
14 487
14 201
------------------
output_vector_after
8
operator_revise_array
13 499
4 562
9 435
12 703
2 3708
3 417
13 184
6 445
10 707
3 652
1 5098
12 811
4 220
9 117
2 4817
1 4779
7 7
4 29
14 462
0 331
0 696
2 1246
9 669
14 837
2 3490
10 115
9 717
0 86
8 626
0 330
12 721
1 6382
9 778
4 796
8 336
2 658
0 281
10 771
1 999
12 182
13 3
1 3662
10 451
6 12
0 476
10 303
12 145
14 504
2 3886
5 322
13 416
11 671
12 453
11 505
8 341
7 513
10 209
11 795
9 244
1 4732
11 48
14 800
0 257
6 281
4 365
2 3678
8 341
10 622
0 672
8 580
11 356
2 5931
4 330
5 172
3 212
3 712
10 66
14 150
13 126
1 737
13 717
6 202
10 232
2 1738
4 165
3 549
13 115
13 228
14 151
11 489
13 582
0 237
9 550
13 306
14 463
10 295
13 265
5 667
0 597
1 4546
5 46
14 515
7 451
14 60
10 397
7 488
13 300
12 266
11 508
10 465
13 255
11 55
9 619
12 822
13 202
4 752
2 5764
13 531
4 668
2 3232
10 383
13 143
10 251
8 102
0 207
5 478
13 265
0 340
------------------
output_vector_after
10
operator_revise_array
12 321
12 780
2 4447
13 252
5 270
4 349
5 456
13 812
8 47
4 45
8 263
1 1092
9 523
14 261
8 801
3 145
0 466
14 636
14 521
6 618
6 779
1 2401
6 388
11 37
4 805
9 101
8 742
4 588
2 5830
9 718
0 257
3 215
10 126
11 641
3 517
2 5133
12 763
10 51
9 533
3 42
10 707
3 488
0 176
7 167
2 818
4 262
14 130
9 733
1 4766
4 386
12 195
1 4390
5 796
7 341
5 753
2 2648
4 721
14 726
4 586
2 2168
4 789
9 820
2 6697
14 837
1 5193
5 896
5 85
3 668
5 343
8 103
3 923
13 642
6 523
2 5607
11 86
9 802
12 380
13 340
8 220
3 517
2 2216
1 3173
2 330
8 868
4 329
3 852
9 798
3 838
4 41
11 16
14 427
7 423
2 1023
3 835
4 830
6 509
5 213
0 447
8 207
3 384
14 874
11 699
12 834
3 795
11 504
3 533
3 333
6 56
10 559
10 752
8 528
14 548
4 47
8 840
7 834
0 399
1 4863
6 585
13 287
13 25
6 193
12 145
9 490
9 464
1 3547
12 401
3 574
4 787
------------------
output_vector_after
9
operator_revise_array
11 70
5 359
8 646
3 268
3 788
6 442
0 261
7 19
10 804
14 280
6 297
11 846
13 302
12 235
2 770
13 468
7 318
11 225
7 195
9 125
14 731
5 453
2 2291
1 4192
13 552
0 695
4 184
3 805
12 404
8 157
1 3151
8 214
14 333
5 513
10 673
0 468
0 404
6 124
4 438
5 243
13 386
10 596
14 4
7 365
2 6350
3 208
0 160
8 792
1 2645
5 663
0 243
3 568
8 740
9 637
11 195
0 640
9 345
7 523
4 651
6 292
13 591
5 168
11 337
4 61
------------------
output_vector_after
9
operator_revise_array
1 413
8 291
8 140
1 2403
11 350
13 456
0 519
4 453
7 766
12 762
12 393
0 630
14 803
0 475
6 440
4 696
10 478
4 125
0 73
0 245
7 720
13 72
3 517
10 309
11 301
9 854
12 664
4 289
0 687
3 162
7 255
14 805
3 654
6 804
0 212
8 185
12 729
14 630
12 447
12 108
7 375
5 110
6 748
7 509
8 367
13 840
3 358
6 189
0 327
8 459
10 536
13 782
3 611
8 468
12 34
8 388
5 92
0 509
12 819
10 693
1 5089
3 511
10 131
6 533
------------------
output_vector_after
6
operator_revise_array
3 404
10 463
8 407
3 515
------------------
output_vector_after
14
operator_revise_array
10 348
7 424
6 341
8 821
8 306
13 373
8 126
11 169
6 630
2 1609
0 249
10 34
1 6697
5 479
1 3446
2 4660
------------------
output_vector_after
10
operator_revise_array
13 158
2 5732
------------------
output_vector_after
6
operator_revise_array
11 600
8 238
14 401
4 756
4 515
9 33
3 180
3 70
10 137
1 3869
14 405
10 325
12 703
8 850
11 424
9 799
------------------
output_vector_after
11
operator_revise_array
7 641
3 552
6 511
1 961
0 401
1 5031
0 683
0 674
0 3
9 226
5 517
4 454
7 376
2 5852
13 237
11 448
11 309
4 286
8 522
4 370
1 2280
8 768
4 629
8 97
7 819
12 761
4 685
1 3915
5 475
3 685
6 8
0 159
------------------
output_vector_after
6
operator_revise_array
11 498
7 667
2 5017
14 244
6 158
12 471
1 5595
6 133
------------------
output_vector_after
9
operator_revise_array
5 9
13 7
3 810
0 601
14 694
4 660
10 57
9 472
7 794
7 148
9 146
10 252
6 75
9 109
9 53
7 489
0 454
11 217
10 86
12 827
10 498
11 728
8 88
12 524
12 753
13 315
12 111
1 1284
0 344
9 391
12 535
4 691
4 315
4 574
1 3969
2 6435
3 636
12 103
14 382
11 131
6 834
14 381
7 420
1 3562
5 481
2 902
8 619
7 220
11 419
13 182
4 181
13 170
14 550
4 397
1 5049
9 475
9 305
0 823
14 645
5 321
13 613
5 174
6 235
4 658
------------------
output_vector_after
5
operator_revise_array
13 406
11 818
13 388
11 740
3 212
10 603
0 459
3 486
------------------
output_vector_after
6
operator_revise_array
8 276
11 830
11 336
14 498
10 77
0 231
0 677
13 526
1 6920
13 144
14 505
6 301
1 4083
10 768
11 355
6 832
------------------
output_vector_after
2
operator_revise_array
2 662
11 614
9 642
3 359
2 4613
1 5920
3 386
6 49
5 51
6 562
6 52
9 514
3 6
6 491
13 261
4 813
14 173
6 629
3 769
12 340
6 174
7 175
12 647
3 397
14 105
13 81
10 682
8 365
5 23
11 362
7 267
12 58
------------------
output_vector_after
11
operator_revise_array
13 229
14 796
2 830
9 774
2 6401
14 272
14 155
8 41
9 475
3 917
2 467
11 40
1 1361
8 765
4 562
7 755
------------------
output_vector_after
6
operator_revise_array
2 1945
9 335
------------------
output_vector_after
14
operator_revise_array
9 275
6 668
11 226
14 490
1 2857
6 342
6 310
11 437
1 837
8 599
10 351
0 427
7 505
3 839
6 582
10 554
13 423
0 827
13 385
1 6390
12 654
8 465
2 5849
12 395
14 273
7 230
6 79
8 234
7 590
9 780
7 138
2 3696
------------------
output_vector_after
8
operator_revise_array
1 1638
8 469
12 705
10 98
11 205
10 722
6 571
4 445
2 1566
13 646
1 1446
14 582
12 585
8 197
0 130
13 389
10 666
12 352
13 668
2 2488
12 340
2 3674
5 264
13 116
7 74
11 255
8 280
8 527
12 119
13 477
10 387
9 583
12 723
6 87
11 10
13 161
7 218
14 542
9 390
13 717
14 460
8 370
5 180
3 752
0 87
0 633
3 674
0 49
10 33
9 302
2 1263
11 431
14 300
9 44
9 269
9 532
2 6161
6 602
9 638
9 506
1 6180
5 572
7 602
13 96
8 183
12 589
13 79
0 239
0 400
12 285
5 615
10 618
4 308
14 145
13 218
7 173
10 339
6 196
12 401
3 318
4 298
4 704
9 86
4 411
6 128
1 4694
10 540
7 101
9 544
4 595
4 699
4 532
6 376
13 188
1 2347
4 692
6 254
9 57
2 3739
9 349
10 139
8 37
14 387
3 160
3 464
14 120
13 164
14 527
2 1165
7 683
12 218
0 684
9 242
2 5196
12 584
9 545
9 321
8 475
6 310
2 4984
13 764
1 4781
10 369
7 16
4 349
8 87
10 153
6 358
------------------
output_vector_after
6
operator_revise_array
3 625
13 435
11 208
6 29
0 318
6 91
3 346
1 6183
------------------
output_vector_after
9
operator_revise_array
6 94
12 838
2 4724
5 69
0 295
9 283
5 460
13 479
8 755
7 320
5 5
1 1413
11 22
3 648
10 53
7 391
12 149
11 482
4 714
5 805
0 741
12 734
2 4176
4 755
6 772
3 458
5 332
11 745
13 657
3 307
4 357
8 346
2 1443
5 663
2 6100
14 236
9 405
8 439
1 1649
9 183
0 183
7 322
9 430
4 43
5 140
10 31
11 333
2 3075
5 764
5 150
10 765
7 418
3 124
14 680
10 765
7 248
8 217
14 575
2 807
13 243
13 607
1 3192
11 643
2 5132
0 583
0 729
8 530
4 245
3 7
3 329
6 243
14 529
3 465
4 520
14 804
4 750
7 183
11 218
12 622
5 819
0 651
4 152
11 750
1 6561
2 3915
4 811
2 2651
6 36
11 292
13 139
3 202
1 553
14 648
8 545
2 3576
11 301
11 805
2 1148
6 611
13 16
14 174
8 458
2 4477
0 93
7 374
5 382
8 587
7 322
13 765
4 513
12 202
6 598
5 282
11 538
2 691
4 276
5 60
5 663
3 149
1 5443
12 81
1 3743
9 399
7 508
12 390
12 275
8 417
3 700
------------------
output_vector_after
15
operator_revise_array
12 572
13 45
6 331
10 273
0 255
9 501
7 89
6 360
------------------
output_vector_after
9
operator_revise_array
4 100
6 89
13 746
12 727
4 532
3 143
12 161
10 473
9 281
14 802
14 260
13 854
7 216
5 425
9 622
12 398
3 400
10 555
2 3117
9 563
6 740
9 562
11 825
6 496
4 771
0 499
1 3887
11 375
11 668
1 6645
11 169
7 95
14 160
14 149
3 676
4 635
7 718
8 810
2 3583
5 581
12 801
3 448
13 64
6 155
3 432
11 744
13 755
13 415
9 782
13 267
14 92
11 771
11 491
12 656
2 1396
2 3865
0 544
14 795
12 97
8 554
1 2804
14 16
10 654
11 228
------------------
output_vector_after
78
operator_revise_array
9 114
11 165
7 169
12 120
5 253
2 475
10 104
11 17
4 17
3 93
13 57
11 55
14 49
4 178
0 75
1 265
------------------
output_vector_after
9
operator_revise_array
3 129
6 6
0 26
9 45
6 132
10 152
9 21
5 233
9 177
5 184
1 676
10 131
10 247
0 89
9 13
2 828
------------------
output_vector_after
10
operator_revise_array
6 241
14 58
4 75
12 197
2 1647
6 115
0 174
12 113
2 604
6 125
3 268
4 186
14 87
1 1323
12 106
12 75
1 1926
1 184
10 234
12 150
6 137
3 234
13 36
3 213
4 120
6 164
6 206
10 205
5 264
5 16
12 32
7 87
11 272
8 256
12 197
2 856
2 133
4 82
0 179
4 149
7 101
11 9
2 1276
10 3
7 217
5 47
13 118
7 37
10 280
1 1642
8 167
2 323
11 228
2 492
14 206
0 89
9 186
4 232
8 246
0 113
5 288
9 146
5 189
12 119
------------------
output_vector_after
70
operator_revise_array
8 218
5 250
11 190
1 1353
2 439
1 865
12 71
9 147
6 31
6 5
7 23
11 252
2 843
13 41
9 32
8 3
------------------
output_vector_after
10
operator_revise_array
2 1759
5 97
4 157
4 88
7 163
5 71
5 166
3 173
9 178
11 5
10 179
5 6
0 67
5 155
6 132
13 31
------------------
output_vector_after
40
operator_revise_array
12 219
6 89
13 200
0 73
6 115
3 173
10 142
6 192
7 4
10 102
14 231
5 41
0 23
1 1352
11 231
8 123
7 84
5 142
2 1837
2 1415
0 16
5 70
14 21
2 165
8 159
2 1706
7 208
2 1854
6 251
8 110
10 89
8 257
------------------
output_vector_after
83
operator_revise_array
14 43
12 152
5 7
0 269
3 108
9 271
3 45
14 265
------------------
output_vector_after
78
operator_revise_array
1 1517
3 158
2 798
9 22
5 135
7 12
0 67
6 4
3 12
6 171
9 103
3 208
12 120
9 71
0 191
13 46
0 55
4 112
13 194
11 183
1 1023
9 60
13 67
1 747
14 105
11 178
10 183
5 180
2 993
14 100
0 133
9 38
------------------
output_vector_after
10
operator_revise_array
11 254
6 220
7 231
14 104
4 148
8 251
5 205
7 263
3 167
1 1509
1 487
12 175
14 152
14 102
2 1952
8 226
7 130
1 1095
10 52
5 208
6 272
0 147
8 8
7 249
14 181
13 48
9 23
5 201
10 62
2 1654
5 226
1 1098
13 30
4 155
9 101
1 1499
0 268
2 371
11 18
9 170
12 161
14 146
5 124
6 22
11 215
0 185
4 272
5 265
14 243
13 214
6 207
1 540
9 267
4 229
11 239
0 121
6 185
12 82
10 106
9 16
14 187
0 269
3 299
6 31
------------------
output_vector_after
83
operator_revise_array
1 1351
13 23
0 152
4 4
12 109
0 51
2 1115
7 200
------------------
output_vector_after
78
operator_revise_array
3 157
0 36
2 393
11 231
10 134
1 1516
5 62
5 145
1 1674
7 110
10 52
12 91
1 619
10 61
1 139
13 126
13 141
13 50
6 90
5 67
13 6
3 98
7 116
9 139
14 67
9 43
1 1313
11 88
1 1543
7 95
1 1580
7 202
------------------
output_vector_after
78
operator_revise_array
13 164
10 174
13 48
14 60
------------------
output_vector_after
10
operator_revise_array
10 34
0 33
10 85
9 117
3 196
14 149
7 205
7 44
------------------
output_vector_after
83
operator_revise_array
13 106
10 122
1 1848
6 193
9 60
9 118
1 1222
2 610
10 42
13 128
10 65
8 79
0 80
4 186
1 167
8 22
0 38
6 80
13 53
13 14
11 9
13 124
5 158
5 65
3 7
8 113
3 45
13 116
14 96
7 156
14 20
5 17
6 26
4 103
9 116
8 102
2 992
12 14
1 681
5 104
10 146
6 60
7 113
8 133
9 5
12 157
2 422
7 159
7 140
3 44
1 314
2 1368
11 124
11 59
11 111
13 65
2 821
12 137
1 1147
12 141
6 46
14 72
7 133
7 3
------------------
output_vector_after
40
operator_revise_array
14 18
12 30
7 157
2 2042
3 6
9 69
14 96
0 140
1 229
14 192
9 313
0 184
1 2423
12 30
0 85
11 245
1 717
12 110
4 174
5 302
3 74
8 15
12 31
2 238
8 204
9 68
6 180
9 118
0 316
6 225
9 275
6 184
------------------
output_vector_after
64
operator_revise_array
10 241
13 23
7 76
1 1727
9 60
10 146
14 212
6 31
10 42
10 194
3 103
1 1505
13 258
12 206
6 71
7 108
------------------
output_vector_after
83
operator_revise_array
8 151
12 18
4 38
14 150
7 128
5 61
9 173
7 258
9 141
6 204
12 116
14 238
13 17
8 85
12 104
6 167
------------------
output_vector_after
83
operator_revise_array
0 150
5 30
11 241
4 47
5 170
13 64
11 41
8 200
------------------
output_vector_after
9
operator_revise_array
5 253
6 198
4 258
6 13
12 143
11 198
0 90
14 244
4 205
14 250
6 187
1 607
3 247
1 1126
12 169
12 33
14 276
10 223
10 95
4 87
11 91
1 1472
4 227
0 26
14 40
11 110
8 170
9 123
9 8
7 314
4 282
2 641
1 617
8 194
1 717
11 134
11 41
9 289
0 241
5 173
2 1195
9 284
2 286
6 64
9 164
11 212
14 205
11 269
14 295
14 198
13 181
14 46
13 279
12 320
11 44
1 394
12 312
1 886
14 281
9 116
1 2713
10 37
3 101
12 315
------------------
output_vector_after
78
operator_revise_array
13 83
4 3
------------------
output_vector_after
83
operator_revise_array
14 178
13 36
8 112
9 52
------------------
output_vector_after
83
operator_revise_array
8 136
14 3
12 179
4 247
------------------
output_vector_after
10
operator_revise_array
8 220
2 685
------------------
output_vector_after
10
operator_revise_array
7 41
8 239
10 142
1 1489
11 230
6 59
0 255
5 6
13 68
1 414
12 65
14 91
14 230
7 129
2 1649
4 200
11 222
8 56
9 177
0 147
11 216
10 5
0 27
1 1897
7 160
0 130
8 152
12 192
8 14
12 122
14 178
3 70
------------------
output_vector_after
78
operator_revise_array
7 21
13 4
12 43
11 74
13 88
14 20
13 161
9 52
5 69
4 213
11 81
5 124
12 84
6 190
10 102
8 56
------------------
output_vector_after
10
operator_revise_array
14 151
8 116
6 150
10 89
13 120
5 172
13 158
1 1374
14 114
5 221
9 273
0 24
6 77
6 64
8 168
4 137
12 98
7 97
3 55
9 227
5 201
8 212
5 244
14 169
14 68
0 313
4 195
12 168
9 145
1 1325
0 313
1 1575
9 310
13 142
0 134
14 255
8 232
5 36
6 66
1 693
2 2114
6 64
4 178
14 26
0 114
14 11
8 142
2 2020
4 319
12 99
12 101
11 32
9 86
5 173
4 326
13 306
0 74
7 118
2 972
14 243
7 43
0 350
10 145
12 114
------------------
output_vector_after
78
operator_revise_array
5 251
10 194
13 69
0 18
------------------
output_vector_after
10
operator_revise_array
5 15
10 222
12 85
13 252
4 28
0 64
5 116
2 1969
------------------
output_vector_after
78
operator_revise_array
0 222
5 35
4 29
0 63
14 46
13 30
0 52
9 109
10 240
8 54
7 176
10 181
12 142
1 1437
8 80
14 90
------------------
output_vector_after
10
operator_revise_array
2 756
7 89
13 195
7 58
13 45
6 185
7 76
12 50
10 60
2 212
3 131
1 58
1 622
5 5
10 92
0 45
7 208
10 180
0 22
10 200
10 17
3 199
8 142
10 23
11 216
14 87
1 889
0 34
5 43
12 71
13 166
4 40
14 13
1 476
1 317
4 53
10 54
4 123
0 197
13 37
9 85
13 174
4 159
4 81
12 97
2 1130
0 172
13 55
10 123
8 63
3 53
1 451
9 95
14 156
9 102
8 166
7 12
3 102
3 204
11 27
11 203
5 181
13 177
6 74
5 42
10 86
12 156
1 198
7 129
8 71
0 173
8 78
11 62
7 70
12 143
4 146
0 138
9 9
5 156
0 177
3 149
10 63
7 12
11 74
6 109
3 68
2 962
11 163
6 130
8 16
0 65
9 120
1 632
5 99
9 27
3 36
3 161
7 162
11 160
8 23
12 65
4 13
10 131
8 49
8 75
0 116
3 6
0 158
10 10
13 70
11 128
14 129
8 122
0 9
11 63
5 140
9 14
2 96
1 767
5 130
13 78
6 100
11 135
8 125
6 120
13 44
10 47
4 55
------------------
output_vector_after
78
operator_revise_array
0 213
11 247
6 206
0 125
12 147
9 250
11 128
8 22
5 126
6 62
1 577
9 63
10 182
10 202
7 23
9 146
6 92
11 43
9 76
7 121
14 205
12 8
6 230
0 37
9 150
6 116
5 30
12 231
6 238
6 27
4 137
12 5
------------------
output_vector_after
9
operator_revise_array
5 89
11 71
6 50
2 948
0 241
14 228
12 144
1 295
5 51
2 779
9 33
12 201
13 6
0 250
3 98
14 24
13 242
8 9
8 137
10 75
6 267
7 45
14 114
9 253
0 28
12 162
0 50
5 192
7 151
8 194
3 68
7 146
------------------
output_vector_after
78
operator_revise_array
0 231
4 21
7 198
2 84
7 258
2 1048
9 14
9 111
------------------
output_vector_after
83
operator_revise_array
2 1322
2 1510
14 119
1 1901
6 138
5 259
3 54
2 1643
2 236
14 41
11 206
0 9
8 217
4 203
6 232
9 182
------------------
output_vector_after
83
operator_revise_array
9 104
2 644
8 210
7 161
11 209
6 28
14 72
8 26
------------------
output_vector_after
78
operator_revise_array
7 162
9 62
1 885
0 73
14 73
14 184
7 259
3 71
------------------
output_vector_after
78
operator_revise_array
10 132
7 77
13 16
12 41
6 28
10 193
3 107
12 131
------------------
output_vector_after
83
operator_revise_array
3 69
14 30
8 246
8 3
13 27
2 1218
2 700
4 176
3 11
14 146
0 136
14 175
12 210
10 48
10 123
8 132
7 190
4 93
3 189
6 51
6 235
11 87
13 139
3 66
0 245
4 107
1 1897
14 62
0 276
8 108
13 26
10 130
------------------
output_vector_after
78
operator_revise_array
2 337
13 36
1 656
10 99
4 13
6 37
12 99
5 133
------------------
output_vector_after
59
operator_revise_array
14 11
3 217
4 206
8 71
4 232
3 173
12 130
12 222
10 86
0 79
4 160
13 80
7 196
6 172
4 199
8 186
10 161
6 119
12 29
7 146
7 96
13 180
11 119
8 71
4 239
14 151
10 183
13 229
12 211
2 1324
1 1281
12 194
13 47
12 214
4 145
2 1249
1 505
4 13
1 1040
0 183
13 23
12 132
13 23
3 102
4 169
8 151
6 84
1 179
11 17
6 76
6 145
10 72
10 95
6 91
9 196
2 1037
4 197
3 86
2 1370
14 190
8 154
14 17
3 93
8 117
------------------
newcase
output_vector_after
11
operator_revise_array
9 244
9 50
10 33
3 46
------------------
output_vector_after
11
operator_revise_array
8 244
10 138
------------------
output_vector_after
6
operator_revise_array
7 177
4 226
12 231
8 96
1 1965
6 16
3 70
7 233
------------------
output_vector_after
6
operator_revise_array
0 69
10 260
10 237
12 144
------------------
output_vector_after
11
operator_revise_array
0 255
1 141
5 218
10 240
------------------
output_vector_after
3
operator_revise_array
7 210
7 253
10 196
10 226
7 28
5 86
5 223
0 50
------------------
output_vector_after
5
operator_revise_array
2 1301
1 1620
7 151
12 51
11 110
7 104
3 39
5 11
7 136
0 261
1 1297
13 193
8 54
14 147
8 131
14 241
------------------
output_vector_after
5
operator_revise_array
1 1863
12 256
------------------
output_vector_after
11
operator_revise_array
1 1838
10 135
8 244
11 224
------------------
output_vector_after
16
operator_revise_array
6 62
0 190
9 56
9 140
6 217
3 176
8 253
8 203
0 74
14 177
4 4
9 138
10 184
4 238
1 606
11 144
------------------
output_vector_after
5
operator_revise_array
11 91
11 73
4 259
4 162
1 1782
0 43
8 109
6 12
0 6
6 135
3 220
8 3
0 243
10 222
1 2044
6 198
------------------
output_vector_after
5
operator_revise_array
11 139
9 165
14 256
5 204
0 201
9 105
10 209
11 276
5 238
12 283
9 83
11 187
7 6
6 157
11 233
9 38
------------------
output_vector_after
6
operator_revise_array
3 216
9 59
0 59
4 32
7 164
11 139
1 2046
4 37
------------------
output_vector_after
11
operator_revise_array
2 1972
0 226
------------------
output_vector_after
5
operator_revise_array
2 636
4 172
9 51
9 44
3 70
3 62
9 206
0 216
8 253
6 228
1 2033
2 959
12 36
14 214
11 86
10 93
6 137
13 265
0 259
13 206
10 196
13 55
9 24
13 203
14 17
0 92
1 1956
13 171
14 110
0 159
1 789
13 71
13 43
5 151
7 176
8 176
12 52
12 191
8 218
6 7
8 210
1 1260
7 37
11 176
1 698
12 106
11 37
6 22
11 153
14 18
2 1878
7 19
8 22
5 193
12 79
8 212
6 244
13 23
4 69
14 43
7 77
9 229
1 567
1 1840
------------------
output_vector_after
11
operator_revise_array
8 242
4 110
10 86
7 147
------------------
output_vector_after
5
operator_revise_array
8 57
11 93
------------------
output_vector_after
11
operator_revise_array
7 255
1 737
11 238
10 118
------------------
output_vector_after
11
operator_revise_array
10 135
7 246
12 222
9 14
14 118
8 169
6 37
6 141
------------------
output_vector_after
11
operator_revise_array
2 114
0 246
------------------
output_vector_after
11
operator_revise_array
5 229
0 121
1 1969
3 199
------------------
output_vector_after
11
operator_revise_array
7 104
1 2044
------------------
output_vector_after
6
operator_revise_array
10 260
0 205
------------------
output_vector_after
6
operator_revise_array
10 260
0 243
4 217
12 224
------------------
output_vector_after
11
operator_revise_array
2 2044
3 98
------------------
output_vector_after
6
operator_revise_array
7 236
0 122
6 258
4 212
7 52
6 124
12 244
4 215
------------------
output_vector_after
14
operator_revise_array
8 4
8 127
12 102
9 244
8 233
4 37
1 1746
9 116
------------------
output_vector_after
5
operator_revise_array
0 256
9 240
1 1742
3 203
------------------
output_vector_after
5
operator_revise_array
12 176
7 250
1 879
6 36
8 140
7 255
8 229
2 1995
1 1969
5 26
7 211
12 95
5 219
6 88
5 87
0 249
------------------
output_vector_after
5
operator_revise_array
9 245
2 63
4 64
6 62
9 160
11 220
9 133
0 100
------------------
output_vector_after
5
operator_revise_array
6 189
7 144
3 115
8 72
0 75
13 199
12 237
9 157
------------------
output_vector_after
6
operator_revise_array
5 141
11 259
3 147
6 51
5 118
10 164
11 39
2 1268
------------------
output_vector_after
11
operator_revise_array
12 246
11 136
0 225
3 103
8 101
4 107
8 231
11 203
------------------
output_vector_after
11
operator_revise_array
8 45
11 34
0 261
2 1970
------------------
output_vector_after
5
operator_revise_array
14 244
0 126
------------------
output_vector_after
6
operator_revise_array
13 387
2 2991
4 134
3 151
11 47
0 170
0 324
10 269
------------------
output_vector_after
3
operator_revise_array
4 247
9 14
7 235
11 243
1 125
6 406
13 191
14 67
9 374
8 157
6 245
2 2945
14 240
6 70
6 352
10 423
11 51
6 99
13 123
1 1819
7 110
5 155
8 337
1 677
12 64
10 378
1 1669
6 71
6 77
8 313
5 362
2 3071
------------------
output_vector_after
6
operator_revise_array
6 356
2 864
1 2887
3 138
8 323
12 394
11 269
5 195
------------------
output_vector_after
9
operator_revise_array
2 593
8 257
4 329
5 87
4 236
6 408
14 211
2 1068
0 165
4 292
0 376
1 3202
6 58
2 1435
11 146
12 56
8 328
1 3079
8 340
11 178
1 1624
2 3093
10 169
13 276
7 262
5 193
12 267
2 3096
11 52
5 341
9 201
5 187
------------------
output_vector_after
10
operator_revise_array
9 298
2 1826
------------------
output_vector_after
2
operator_revise_array
11 364
5 677
------------------
output_vector_after
10
operator_revise_array
6 609
5 338
13 283
6 77
13 687
1 5409
4 240
5 23
------------------
output_vector_after
59
operator_revise_array
14 47
14 283
1 697
12 731
11 504
13 29
0 765
7 345
1 2708
13 737
3 169
4 405
2 1484
6 386
8 27
1 228
1 3629
11 279
3 146
2 3580
7 661
0 431
10 463
14 212
2 4137
0 312
9 719
14 248
5 647
8 137
9 718
8 449
2 3828
5 316
1 2782
2 364
11 745
1 4289
0 138
6 73
9 498
10 295
4 288
0 369
10 458
11 346
8 189
13 57
11 439
6 588
13 201
1 2416
4 518
14 312
1 126
2 3594
2 3557
6 629
3 225
5 46
11 560
9 108
2 1711
4 351
0 430
9 22
10 676
10 157
8 603
4 572
5 199
0 534
10 341
11 623
6 158
6 96
12 668
0 444
5 172
6 434
6 355
9 293
7 79
0 258
8 288
5 171
12 552
6 366
13 48
5 455
0 311
3 418
2 4171
7 60
11 92
6 45
8 170
14 607
12 146
9 158
13 37
0 78
14 636
10 569
14 515
9 471
6 695
6 560
10 289
2 3447
12 450
2 2258
5 552
14 639
6 534
0 427
13 229
12 519
10 587
14 206
3 440
2 3236
5 30
5 746
4 173
0 134
4 210
9 505
------------------
